time,px,py,pz,des_px,des_py,des_pz,vx,vy,vz,speed,mode,phase,dist_to_target,dist_to_goal
1.6000000000000012,-4.5000002514497925,2.5,0.39992787253302436,-4.5,-1.8,0.39992787253302436,-1.0546717971598615e-07,-6.625380094466762e-30,4.197070599493036e-09,1.0555065797455385e-07,ROLLING,ROLL,4.300000000000007,9.823441595364942
1.6160000000000012,-4.500000262862281,2.499838774685425,0.39992787253322154,-4.5,-1.8,0.39992787253322154,-1.0822051006053862e-06,-0.013095729445598496,-2.3067162714811442e-07,0.013095729492345692,ROLLING,ROLL,4.299838774685433,9.823400576877853
1.6320000000000012,-4.500000321018966,2.4994164681916846,0.3999279001094903,-4.5,-1.8,0.3999279001094903,-7.081989280987953e-06,-0.03064443248216971,-2.416261927841973e-06,0.03064443339575969,ROLLING,ROLL,4.299416468191696,9.82329317392229
1.6480000000000012,-4.500000492186053,2.498733184340503,0.3999286264812147,-4.5,-1.8,0.3999286264812147,-2.210490017319107e-05,-0.04808436051844803,4.5031962279854225e-05,0.04808438668603689,ROLLING,ROLL,4.298733184340532,9.823119508489128
1.6640000000000013,-4.5000008638044795,2.497790332984625,0.3999302861910561,-4.5,-1.8,0.3999302861910561,-4.9348292552707255e-05,-0.0653890069346989,8.875536949707462e-05,0.06538908579171063,ROLLING,ROLL,4.297790332984712,9.822880074593058
1.6800000000000013,-4.5000015467024514,2.4965890825227737,0.3999328571319803,-4.5,-1.8,0.3999328571319803,-9.18154512317124e-05,-0.08258649551690778,0.00012693989081533357,0.0825866441113646,ROLLING,ROLL,4.2965890825230515,9.82257534632954
1.6960000000000013,-4.500002675879725,2.4951298168940146,0.3999363671235917,-4.5,-1.8,0.3999363671235917,-0.00015233064834375352,-0.09973216372793732,0.00015250437256134213,0.09973239666259992,ROLLING,ROLL,4.295129816894848,9.822205640530822
1.7120000000000013,-4.500004411116932,2.4934128778927773,0.3999404321273052,-4.5,-1.8,0.3999404321273052,-0.00023353443697768974,-0.11682492092450071,0.0001412087288446638,0.11682523968412904,ROLLING,ROLL,4.293412877895044,9.82177130617908
1.7280000000000013,-4.500006937488146,2.49143866604688,0.3999447555013261,-4.5,-1.8,0.3999447555013261,-0.0003379122730403794,-0.13386274072599466,9.894219960282857e-05,0.13386320379005578,ROLLING,ROLL,4.291438666052488,9.821272750463471
1.7440000000000013,-4.50001046577016,2.489207636819599,0.3999491631934944,-4.5,-1.8,0.3999491631934944,-0.0004678171080473155,-0.15084369235156378,3.150574786927777e-05,0.15084442106923263,ROLLING,ROLL,4.2892076368323675,9.820710438096807
1.7600000000000013,-4.500015233613552,2.4867204258041684,0.3999537267882972,-4.5,-1.8,0.3999537267882972,-0.0006255663661451048,-0.16775734194196518,-4.4972227505605015e-05,0.16775851433299332,ROLLING,ROLL,4.286720425831237,9.82008492402185
1.7760000000000014,-4.500021507282379,2.483977831751084,0.39995866936131574,-4.5,-1.8,0.39995866936131574,-0.0008135648548916812,-0.18460010456130108,-0.00012773590258881095,0.18460194150733414,ROLLING,ROLL,4.283977831805072,9.819396850492325
1.7920000000000014,-4.500029580735322,2.480980432497885,0.3999638549920926,-4.5,-1.8,0.3999638549920926,-0.0010340550031239844,-0.20138562509570898,-0.00024064335411243384,0.20138842363493195,ROLLING,ROLL,4.280980432600083,9.818646848791515
1.8080000000000014,-4.500039776465716,2.477728787774036,0.39996913355366853,-4.5,-1.8,0.39996913355366853,-0.0012892350874133263,-0.21811423217879436,-0.0003836971987315521,0.218118379852767,ROLLING,ROLL,4.277728787958967,9.817835591422122
1.8240000000000014,-4.500052445947898,2.474223483974892,0.3999744120901514,-4.5,-1.8,0.3999744120901514,-0.0015812631347095285,-0.2347846604728274,-0.0005545633633948681,0.23479064020306697,ROLLING,ROLL,4.274223484296655,9.816963803764049
1.8400000000000014,-4.500067970157744,2.470465134820054,0.39997964013962106,-4.5,-1.8,0.39997964013962106,-0.0019122760070325396,-0.25139561232306035,-0.000751997952139895,0.2514040099038469,ROLLING,ROLL,4.270465135360973,9.816032264615808
1.8560000000000014,-4.500086760111932,2.4664543776608623,0.3999847924495634,-4.5,-1.8,0.3999847924495634,-0.002284400736035839,-0.267945912964941,-0.0009757375905612613,0.26795742726258626,ROLLING,ROLL,4.266454378543013,9.815041805654037
1.8720000000000014,-4.500108985226734,2.4621919456807,0.3999904589242399,-4.5,-1.8,0.3999904589242399,-0.0026830297588227615,-0.2844317824056993,-0.0011798328887436225,0.28444688343663593,ROLLING,ROLL,4.262191947074089,9.81399306646182
1.8880000000000015,-4.500134497826082,2.45767872774668,0.3999987952748785,-4.5,-1.8,0.3999987952748785,-0.0030941100373407977,-0.30085567287870824,-0.001250439079271523,0.3008741813750632,ROLLING,ROLL,4.257678729871038,9.81288643598833
1.9040000000000015,-4.500160371162141,2.452942247846996,0.3997446753269957,-4.5,-1.8,0.3997446753269957,-0.0033766349428417594,-0.3156105413725196,-0.020880285382425215,0.3163185132214737,ROLLING,ROLL,4.252942250870657,9.811726287920607
1.9200000000000015,-4.500193728069847,2.4479326143422724,0.399808030964548,-4.5,-1.8,0.399808030964548,-0.004061980220383038,-0.3335184833243295,0.003359952836223158,0.33356014103206855,ROLLING,ROLL,4.247932618759782,9.810507375014723
1.9360000000000015,-4.5002303290767935,2.442670304772412,0.39991096159851613,-4.5,-1.8,0.39991096159851613,-0.004556930367296096,-0.3499560475525272,0.0035588777518132794,0.35000380918471646,ROLLING,ROLL,4.242670311024546,9.809231087263033
1.9520000000000015,-4.500272212336516,2.4371573954698924,0.39998317410081524,-4.5,-1.8,0.39998317410081524,-0.005193069308236591,-0.36635774872058563,0.0011195973624421136,0.3663962629649897,ROLLING,ROLL,4.23715740421391,9.807900299186718
1.9680000000000015,-4.500316257913622,2.431416587969075,0.39979745747879875,-4.5,-1.8,0.39979745747879875,-0.005194136832423341,-0.3794599824240396,-0.03920506449072617,0.38151526103212224,ROLLING,ROLL,4.231416599787702,9.806518017350962
1.9840000000000015,-4.5003724975126245,2.425410171094327,0.39982050724728857,-4.5,-1.8,0.39982050724728857,-0.006758444076990694,-0.39886051491980284,0.0005373786327941589,0.3989181315811893,ROLLING,ROLL,4.225410187513372,9.805085011846765
2.0000000000000013,-4.500434388308876,2.4191490967430074,0.39993727899222525,-4.5,-1.8,0.39993727899222525,-0.007475991127081928,-0.41527225681838253,0.0028274520345926207,0.41534916902694385,ROLLING,ROLL,4.2191491191045305,9.803598110838404
2.0160000000000013,-4.500499902027667,2.4126525984122327,0.3998723615481349,-4.5,-1.8,0.3998723615481349,-0.008377623107905283,-0.4316020055485427,0.00015932301897992728,0.43168333433928946,ROLLING,ROLL,4.212652628073121,9.802060546081778
2.0320000000000014,-4.500579234464329,2.405904555240281,0.3998206791256577,-4.5,-1.8,0.3998206791256577,-0.00952823160666065,-0.4475184967309549,-0.003753890445554549,0.4476356596690673,ROLLING,ROLL,4.205904595126179,9.800478688271342
2.0480000000000014,-4.500669273938525,2.3988959555899387,0.3999472651213486,-4.5,-1.8,0.3999472651213486,-0.010525272903526414,-0.4640173771657273,0.002001634415886017,0.4641410499210228,ROLLING,ROLL,4.198896008928674,9.798847812804592
2.0640000000000014,-4.500763089886435,2.3916580625738124,0.3998197691057372,-4.5,-1.8,0.3998197691057372,-0.010613892835352422,-0.47720046212617195,-0.03862092235347214,0.47887838896528345,ROLLING,ROLL,4.191658132033935,9.797169365608761
2.0800000000000014,-4.5008761784075135,2.384154969087509,0.3998763256595264,-4.5,-1.8,0.3998763256595264,-0.013037033080535061,-0.4963717591252772,-0.0010977347367078913,0.49654414960828747,ROLLING,ROLL,4.1841550608251,9.795450121053959
2.0960000000000014,-4.501001607107592,2.3763969058896754,0.40001141388768185,-4.5,-1.8,0.40001141388768185,-0.014325386467054967,-0.5127034760217524,0.00011456977351751406,0.5129035817270641,ROLLING,ROLL,4.176397025995213,9.793686425069117
2.1120000000000014,-4.501133100312431,2.3684128707348617,0.39984064415492687,-4.5,-1.8,0.39984064415492687,-0.015752033952629158,-0.5282844138290029,-0.011647040221544048,0.5286475215247115,ROLLING,ROLL,4.168413024740276,9.791879784602905
2.1280000000000014,-4.501288795120588,2.3601553283433208,0.39997795166091066,-4.5,-1.8,0.39997795166091066,-0.0174464365434015,-0.5450439412955583,-0.000578285349135026,0.5453233999243055,ROLLING,ROLL,4.160155527974427,9.790036871339728
2.1440000000000015,-4.501451143430978,2.351668280260442,0.39983931678672485,-4.5,-1.8,0.39983931678672485,-0.018650321676105988,-0.5599139750523038,-0.02296846298445389,0.5606951437718739,ROLLING,ROLL,4.1516685338714066,9.788151895602606
2.1600000000000015,-4.501641428143796,2.342910226819832,0.3999656024408022,-4.5,-1.8,0.3999656024408022,-0.021013768717525007,-0.5773344881079806,-0.002262500711744983,0.5777212204377543,ROLLING,ROLL,4.142910551988143,9.786236159012075
2.1760000000000015,-4.501840146545532,2.333919837317943,0.3998432807749521,-4.5,-1.8,0.3998432807749521,-0.02238390506940132,-0.5922558309324554,-0.023761475974068785,0.5931547995423415,ROLLING,ROLL,4.133920246873434,9.784280657132166
2.1920000000000015,-4.502070311149037,2.324658240504029,0.39998329281189154,-4.5,-1.8,0.39998329281189154,-0.025061940965135837,-0.6096004651629736,-0.0034035239780318954,0.6101249150684823,ROLLING,ROLL,4.124658760085015,9.782299123067299
2.2080000000000015,-4.502310900144818,2.315162058364378,0.3998702847186734,-4.5,-1.8,0.3998702847186734,-0.026635997816740014,-0.6245729529017575,-0.02525358367644577,0.625650536133885,ROLLING,ROLL,4.115162707215989,9.780280558322495
2.2240000000000015,-4.5025869106818135,2.3053941348252542,0.40001476356122384,-4.5,-1.8,0.40001476356122384,-0.029660892799465717,-0.6418437245847434,-0.0052885044431875226,0.6425504677686593,ROLLING,ROLL,4.105394949863469,9.77824115636079
2.2400000000000015,-4.502875497769039,2.2953904617734686,0.39989606598434974,-4.5,-1.8,0.39989606598434974,-0.03193583690177939,-0.6574804493641309,-0.016145123337226,0.6584535701036563,ROLLING,ROLL,4.095391471260412,9.77616796593122
2.2560000000000016,-4.50319541143064,2.2851234645765683,0.399921211373642,-4.5,-1.8,0.399921211373642,-0.034819248207103914,-0.6740432146341748,-0.006423232363511186,0.6749725128878034,ROLLING,ROLL,4.085124714312682,9.774073474053424
2.2720000000000016,-4.503547708787777,2.2745981323928577,0.3999601512050653,-4.5,-1.8,0.3999601512050653,-0.03762405540061599,-0.6898818584527553,-0.012044672366129718,0.6910120276083648,ROLLING,ROLL,4.074599676868514,9.77196068949781
2.2880000000000016,-4.503921713906194,2.2638250496254892,0.39987593191399307,-4.5,-1.8,0.39987593191399307,-0.039887078857872384,-0.7051138644762325,-0.029039561623254787,0.7068379142884822,ROLLING,ROLL,4.063826941911229,9.769822506032005
2.3040000000000016,-4.504331572365771,2.2527878373023515,0.3999045408722906,-4.5,-1.8,0.3999045408722906,-0.04377118135092122,-0.7221523322830024,-0.009090668119711843,0.7235347590720834,ROLLING,ROLL,4.0527901520687,9.767669715820976
2.3200000000000016,-4.5047788560879285,2.2414880615504487,0.3999716168353503,-4.5,-1.8,0.3999716168353503,-0.04699482562624325,-0.7380171725749521,-0.014134194393519902,0.7396469672095746,ROLLING,ROLL,4.041490886927782,9.76550509872425
2.3360000000000016,-4.505251787799028,2.229934999654233,0.3999108854762368,-4.5,-1.8,0.3999108854762368,-0.04963975495629428,-0.7533787810445258,-0.031692802477063346,0.7556772636047129,ROLLING,ROLL,4.029938421702402,9.76332021661379
2.3520000000000016,-4.505765303243571,2.2181133215404185,0.3999536795800224,-4.5,-1.8,0.3999536795800224,-0.05402612571920193,-0.7703161829021944,-0.01244679048472576,0.7723087248598223,ROLLING,ROLL,4.018117457648802,9.761127020357044
2.3680000000000017,-4.506320197631915,2.206023337698797,0.4000288844098027,-4.5,-1.8,0.4000288844098027,-0.057645437979367636,-0.7862896106443683,-0.0179738374217929,0.7886047217451659,ROLLING,ROLL,4.0060283233004625,9.758927331749952
2.3840000000000017,-4.506903049251641,2.1936728254830102,0.3999585459112993,-4.5,-1.8,0.3999585459112993,-0.06120102618095607,-0.8022807618766284,-0.024627217368098794,0.804988500736651,ROLLING,ROLL,3.9936787914265737,9.756710821436329
2.4000000000000017,-4.5075242427993,2.1810497339138486,0.39991475436702023,-4.5,-1.8,0.39991475436702023,-0.0644565726718887,-0.8181627012549734,-0.036187267959376365,0.8214952062232652,ROLLING,ROLL,3.9810568443725125,9.754485899791032
2.4160000000000017,-4.50818430060415,2.16814921760039,0.39990601489480493,-4.5,-1.8,0.39990601489480493,-0.06699862617806096,-0.8337441484798284,-0.055829960696400345,0.8382929711893469,ROLLING,ROLL,3.968157657644031,9.7522530588596
2.4320000000000017,-4.508883792117239,2.154964313764201,0.3999475085125146,-4.5,-1.8,0.3999475085125146,-0.07305050981616953,-0.8517718392110611,-0.018520093022832827,0.8550991971128089,ROLLING,ROLL,3.9549742913084427,9.750012418740148
2.4480000000000017,-4.509613913440987,2.1414913069422394,0.39990100112585814,-4.5,-1.8,0.39990100112585814,-0.07671548285656996,-0.8686515279432472,-0.022874634735714553,0.8723325003817908,ROLLING,ROLL,3.9415030318436766,9.747755731470685
2.4640000000000017,-4.510387158027808,2.1277127515046903,0.40003036405354975,-4.5,-1.8,0.40003036405354975,-0.08022183863662605,-0.8860220596331144,-0.023377619618175912,0.8899534519567633,ROLLING,ROLL,3.9277264863257013,9.745492570850173
2.4800000000000018,-4.511178965903926,2.1136225921011125,0.4000195756354944,-4.5,-1.8,0.4000195756354944,-0.08313030541148424,-0.9040779232418001,-0.030748525702957663,0.908412357249679,ROLLING,ROLL,3.913638558002375,9.743198950205908
2.4960000000000018,-4.511994474191797,2.099195700869711,0.3999926000470573,-4.5,-1.8,0.3999926000470573,-0.08576195289890123,-0.9232367859926135,-0.03263884433678266,0.9277858426030465,ROLLING,ROLL,3.8992141491705707,9.740875805984038
2.512000000000002,-4.5128316029907545,2.084404575099128,0.39999761771661607,-4.5,-1.8,0.39999761771661607,-0.08700797447368559,-0.9436834234249994,-0.045030335511176287,0.9487552489369371,ROLLING,ROLL,3.8844257687702504,9.738516701200128
2.528000000000002,-4.513688786642967,2.069215044025061,0.39996061971745445,-4.5,-1.8,0.39996061971745445,-0.08808113535657836,-0.9660151967682092,-0.048809328121182605,0.9712497090370051,ROLLING,ROLL,3.869239258535147,9.736114483073612
2.544000000000002,-4.514578150103056,2.0536237101568364,0.3999197271169164,-4.5,-1.8,0.3999197271169164,-0.08887096686477035,-0.987633253792908,-0.05060662272004073,0.9929141569200101,ROLLING,ROLL,3.853651284424081,9.733682125348906
2.560000000000002,-4.515518217144607,2.0376490547967205,0.39992949599836525,-4.5,-1.8,0.39992949599836525,-0.08818278363612225,-1.007881352538707,-0.069989054097324,1.014149639756632,ROLLING,ROLL,3.83768043000528,9.731243528518071
2.576000000000002,-4.516522233617914,2.02130866506986,0.399862237707457,-4.5,-1.8,0.399862237707457,-0.0894757339666308,-1.0270351443035037,-0.07566900268417526,1.0336986468843827,ROLLING,ROLL,3.82134438358305,9.72881720161452
2.592000000000002,-4.517627951396224,2.004614482166811,0.4000488684223964,-4.5,-1.8,0.4000488684223964,-0.09476171756958372,-1.0455530720829298,-0.03388432076623836,1.0503852421148057,ROLLING,ROLL,3.8046553198133286,9.726444419381197
2.608000000000002,-4.518814984510888,1.9875830350814658,0.3999748634089013,-4.5,-1.8,0.3999748634089013,-0.09756554702459054,-1.0630582999222158,-0.045374054701713795,1.0684899577627267,ROLLING,ROLL,3.787629766922722,9.724110500744665
2.624000000000002,-4.5201127708588995,1.9702341024723244,0.3998836210549,-4.5,-1.8,0.3998836210549,-0.10079827716888073,-1.079475406544967,-0.05855829016251018,1.085751591922569,ROLLING,ROLL,3.7702877490977946,9.721850111394211
2.640000000000002,-4.521537561006423,1.9525726691232275,0.3999071144896371,-4.5,-1.8,0.3999071144896371,-0.10706259839050461,-1.095742198485074,-0.03718371977046082,1.1015879422592632,ROLLING,ROLL,3.7526344750834353,9.71968196773244
2.656000000000002,-4.523093678994318,1.9345928057457022,0.3999539988919893,-4.5,-1.8,0.3999539988919893,-0.11222550821022646,-1.112614288985183,-0.042669003305069876,1.1190736189322381,ROLLING,ROLL,3.7346642074940353,9.717610948321843
2.672000000000002,-4.524767070457331,1.9162703985646659,0.3998483041090388,-4.5,-1.8,0.3998483041090388,-0.11659166218119091,-1.131031702760231,-0.06120589172946939,1.1386713702913935,ROLLING,ROLL,3.7163529276734493,9.715620411835959
2.688000000000002,-4.526595184381967,1.8975904313811844,0.40001624510534933,-4.5,-1.8,0.40001624510534933,-0.12429917952475127,-1.1504553991729105,-0.039288174920759006,1.1578175470276961,ROLLING,ROLL,3.697686074029812,9.71374620073837
2.704000000000002,-4.52853330294817,1.878513536945948,0.39987211940008854,-4.5,-1.8,0.39987211940008854,-0.1297508415005635,-1.1718254440526679,-0.05142286979351613,1.1801078186916387,ROLLING,ROLL,3.678624198103378,9.711939045004428
2.720000000000002,-4.530613052579463,1.8590077180091953,0.3998736521258539,-4.5,-1.8,0.3998736521258539,-0.13667515858025894,-1.1957454630307145,-0.039560605094187934,1.204181196002867,ROLLING,ROLL,3.6591357776719753,9.710226302904367
2.736000000000002,-4.5328264666682685,1.8390270869507621,0.39988582602143247,-4.5,-1.8,0.39988582602143247,-0.14240229616503908,-1.2222944904805564,-0.04489060676989314,1.2313802832546767,ROLLING,ROLL,3.639175142319379,9.708594186088408
2.752000000000002,-4.535153810221572,1.8184919172207743,0.39989843154096016,-4.5,-1.8,0.39989843154096016,-0.14796613768293243,-1.2538359079126804,-0.03841475216503688,1.2631207998667116,ROLLING,ROLL,3.6186626736081897,9.707011436975865
2.768000000000002,-4.537598859562591,1.797319804708222,0.39989309671851725,-4.5,-1.8,0.39989309671851725,-0.15252305893074547,-1.2903538770242693,-0.045177049982745,1.3001220624627128,ROLLING,ROLL,3.597516289273255,9.705470132163924
2.784000000000002,-4.540112363199451,1.7755043994115018,0.39989891407468514,-4.5,-1.8,0.39989891407468514,-0.15491985264917152,-1.3258991062012966,-0.03728382258142911,1.3354395096733216,ROLLING,ROLL,3.575729395786606,9.703924967496432
2.800000000000002,-4.542661834111257,1.7531085437679388,0.39988995676453243,-4.5,-1.8,0.39988995676453243,-0.15491547325448193,-1.3577293635472103,-0.043276191515373236,1.367223704169895,ROLLING,ROLL,3.553364652816603,9.7023597359836
2.816000000000002,-4.545191603920929,1.7301773465149606,0.39990358876887544,-4.5,-1.8,0.39990358876887544,-0.15220648649859786,-1.3867056913741826,-0.03397856135150781,1.395447609784515,ROLLING,ROLL,3.5304665950710192,9.700731745902274
2.832000000000002,-4.547675324043896,1.7067702396523483,0.3998977383966376,-4.5,-1.8,0.3998977383966376,-0.14803470694281334,-1.4122180369441166,-0.03945242495934755,1.420503626241451,ROLLING,ROLL,3.5070943030141173,9.699029268144294
2.848000000000002,-4.550066538927562,1.682932518257235,0.3998064765406647,-4.5,-1.8,0.3998064765406647,-0.14036739139195076,-1.4347303482034854,-0.07723280992396167,1.4436478391737462,ROLLING,ROLL,3.483292348490702,9.69721778444475
2.864000000000002,-4.552342173363669,1.6587340316884258,0.39993473798764884,-4.5,-1.8,0.39993473798764884,-0.13331859945929986,-1.4531847789662575,-0.02793956476611153,1.4595548876490805,ROLLING,ROLL,3.4591300647810437,9.695289556527102
2.880000000000002,-4.554474581964718,1.634220631840709,0.39986273943202,-4.5,-1.8,0.39986273943202,-0.12420300444478036,-1.4687380266738501,-0.06999086485336217,1.475641046621375,ROLLING,ROLL,3.4346526503040495,9.693227615760591
2.896000000000002,-4.556469432727693,1.6094456482262203,0.3999828234502305,-4.5,-1.8,0.3999828234502305,-0.11623141441545702,-1.4813940072300658,-0.021920765159895467,1.486108497485754,ROLLING,ROLL,3.4099132577004503,9.691048617835587
2.912000000000002,-4.558317615710222,1.5844395327964094,0.3998584555364043,-4.5,-1.8,0.3998584555364043,-0.10739740839753673,-1.4930237300768632,-0.04211428133969153,1.4974737642429319,ROLLING,ROLL,3.384941933838349,9.688750398058795
2.928000000000002,-4.559999935882311,1.5592188360488104,0.3998739524609932,-4.5,-1.8,0.3998739524609932,-0.09774037693625641,-1.5034212747752758,-0.010022059410257198,1.5066284055484216,ROLLING,ROLL,3.35975463103647,9.686318297101288
2.944000000000002,-4.561484597765568,1.533775057674234,0.3999383084928786,-4.5,-1.8,0.3999383084928786,-0.08593399980485014,-1.5151278576281113,-0.010260302109137984,1.5175975589999415,ROLLING,ROLL,3.3343419876991076,9.683721063767367
2.960000000000002,-4.562777238296809,1.5081574451415976,0.3998648064210884,-4.5,-1.8,0.3998648064210884,-0.0746987018123122,-1.5236087408132075,-0.02499301524900258,1.5256435173218184,ROLLING,ROLL,3.3087530375496383,9.68097347319078
2.976000000000002,-4.563862208806369,1.4823915269664862,0.39992792891014156,-4.5,-1.8,0.39992792891014156,-0.06260236608845615,-1.5314283403087872,0.006546334602083405,1.5327213289562853,ROLLING,ROLL,3.283012719746149,9.678065146931832
2.992000000000002,-4.564725405671271,1.4564651463073313,0.40002205820710807,-4.5,-1.8,0.40002205820710807,-0.04991553430546746,-1.5402060962745843,0.0060008888984687545,1.541026408026146,ROLLING,ROLL,3.257108322922917,9.674981282064659
3.0080000000000022,-4.565379298279729,1.4304191412687566,0.39994850840810203,-4.5,-1.8,0.39994850840810203,-0.03763889735019275,-1.5470030482882775,0.004707143638690573,1.5474680207384566,ROLLING,ROLL,3.231080667658906,9.671741313727662
3.0240000000000022,-4.565817166036474,1.4042731961230992,0.3999122309493514,-4.5,-1.8,0.3999122309493514,-0.026202370919275374,-1.5519859260588513,-0.0011978946675133117,1.5522075614679165,ROLLING,ROLL,3.2049490814579276,9.66834221898397
3.0400000000000023,-4.56603987129528,1.3780400317197317,0.39992036159771915,-4.5,-1.8,0.39992036159771915,-0.016401563664136014,-1.5551787662126086,-0.014410798250506432,1.5553320151258434,ROLLING,ROLL,3.1787261139981613,9.664787278995496
3.0560000000000023,-4.566054882854288,1.351734504246823,0.39987222568630615,-4.5,-1.8,0.39987222568630615,-0.004965350208027193,-1.560314064639253,-0.011703201873527766,1.560365854518692,ROLLING,ROLL,3.1524266260785296,9.66108649126752
3.0720000000000023,-4.565862582058696,1.3253655789257848,0.3999494514618251,-4.5,-1.8,0.3999494514618251,0.00951901898907229,-1.5677468877125915,0.039868832408134935,1.5682826401680978,ROLLING,ROLL,3.126059481463772,9.657241886617106
3.0880000000000023,-4.565464070018164,1.2989187130260857,0.3999420107081247,-4.5,-1.8,0.3999420107081247,0.02139163159463428,-1.5744562808129554,0.04201648599787508,1.5751620764826881,ROLLING,ROLL,3.099610093932234,9.653252959384096
3.1040000000000023,-4.564846948906461,1.2723772457806342,0.39993179134704904,-4.5,-1.8,0.39993179134704904,0.03360925696012751,-1.5819189418115356,0.04742105965152506,1.5829863794467764,ROLLING,ROLL,3.073061513730741,9.649105710457604
3.1200000000000023,-4.5640117754562555,1.2457477770149143,0.39992941618403427,-4.5,-1.8,0.39992941618403427,0.04574345383947897,-1.5893117428544739,0.05303457909784466,1.5908541561451743,ROLLING,ROLL,3.0464203630799793,9.644802163082636
3.1360000000000023,-4.562961290067962,1.219039359619509,0.39993185891049565,-4.5,-1.8,0.39993185891049565,0.05774478534634382,-1.5965646228683017,0.05830803510066025,1.5986722247498384,ROLLING,ROLL,3.0196958090143444,9.64034675702279
3.1520000000000024,-4.561698289976653,1.1922607067639526,0.3999350803276815,-4.5,-1.8,0.3999350803276815,0.06963543717020451,-1.6036931929184965,0.0632209866743342,1.6064488302710063,ROLLING,ROLL,2.9928967266228135,9.635743862382174
3.1680000000000024,-4.560225487009186,1.1654201966425395,0.39993669212285643,-4.5,-1.8,0.39993669212285643,0.08143949375725634,-1.6107023144507409,0.06784817048748241,1.6141863929419396,ROLLING,ROLL,2.9660317011018225,9.630997642882193
3.1840000000000024,-4.558545526442775,1.1385260042927445,0.39993587153250587,-4.5,-1.8,0.39993587153250587,0.09317882166760341,-1.6175861617455045,0.07224205949945355,1.6218773685573886,ROLLING,ROLL,2.9391091603700503,9.626112093858557
3.2000000000000024,-4.556661002146187,1.1115861678777719,0.3999327050314136,-4.5,-1.8,0.3999327050314136,0.10487324723179714,-1.6243324540696895,0.07641568461687913,1.6295071881352559,ROLLING,ROLL,2.912137442179091,9.62109106695072
3.2160000000000024,-4.554574494089512,1.0846086203639929,0.39992765249399076,-4.5,-1.8,0.39992765249399076,0.11653891964963117,-1.6309245122991591,0.08035466307378684,1.6370561861124544,ROLLING,ROLL,2.8851248271233234,9.615938312118777
3.2320000000000024,-4.552288645023536,1.0576011951110007,0.3999212425496276,-4.5,-1.8,0.3999212425496276,0.12818587222866,-1.6373429584107835,0.08403129695462469,1.6445013956103154,ROLLING,ROLL,2.858079546250982,9.610657555326055
3.2480000000000024,-4.549806296348241,1.0305700182800983,0.39991415675391195,-4.5,-1.8,0.39991415675391195,0.13980914761888846,-1.6437826883368298,0.08741138009571418,1.6520317411006402,ROLLING,ROLL,2.8310081765233606,9.605252462082937
3.2640000000000025,-4.5471178357264845,1.0035178233536854,0.40007628073896484,-4.5,-1.8,0.40007628073896484,0.1513936268770554,-1.6503835771996784,0.0904187394227825,1.659777554550067,ROLLING,ROLL,2.8039137426649443,9.599713901519946
3.2800000000000025,-4.544270532881161,0.9764647287498529,0.3998953379659185,-4.5,-1.8,0.3998953379659185,0.16213895433955627,-1.6557372562098822,0.08527361947471603,1.6658410765418388,ROLLING,ROLL,2.7768176515705125,9.594091065406673
3.2960000000000025,-4.5412197189466434,0.949394907021204,0.4000231281680722,-4.5,-1.8,0.4000231281680722,0.17367546224897298,-1.6627787709766813,0.0938036918808927,1.6744538034859613,ROLLING,ROLL,2.7497038785993255,9.588337938073211
3.3120000000000025,-4.538008467557997,0.9223068194530247,0.4000270361844134,-4.5,-1.8,0.4000270361844134,0.18411729897179754,-1.66954168515562,0.08936413186802879,1.6820388123695196,ROLLING,ROLL,2.7225721409811254,9.58249734653851
3.3280000000000025,-4.534637665405789,0.8951997701460717,0.39999752985715076,-4.5,-1.8,0.39999752985715076,0.19447531582803895,-1.6766893794714175,0.08908374549828517,1.6902792187714626,ROLLING,ROLL,2.69542233589844,9.57657026492493
3.3440000000000025,-4.531117705123376,0.8680723875785333,0.39999856683453017,-4.5,-1.8,0.39999856683453017,0.2038169568454918,-1.683455677782689,0.07912807095677311,1.6975940688426872,ROLLING,ROLL,2.6682538441705956,9.570567087638672
3.3600000000000025,-4.527459776900681,0.8409466375766388,0.39995470186147764,-4.5,-1.8,0.39995470186147764,0.2136699474525551,-1.6890682624104583,0.0776845315656306,1.7043008325912519,ROLLING,ROLL,2.6410893930109203,9.5645010872346
3.3760000000000026,-4.523672491829795,0.8138268115459903,0.39991492063205863,-4.5,-1.8,0.39991492063205863,0.22342490929275605,-1.6944617851850066,0.07846636084959777,1.7109285202280704,ROLLING,ROLL,2.613934005981427,9.558381233808719
3.3920000000000026,-4.519763662041226,0.7867109568859051,0.3999488856511108,-4.5,-1.8,0.3999488856511108,0.23165855531810112,-1.7009474267914926,0.06238148604833019,1.717783247316805,ROLLING,ROLL,2.5867864575203874,9.55221515203698
3.4080000000000026,-4.515743488086101,0.7596002755156203,0.39991196056743133,-4.5,-1.8,0.39991196056743133,0.24071469419496916,-1.7063197989926826,0.05764318676763951,1.7241790966765997,ROLLING,ROLL,2.5596486922694597,9.546013131649069
3.4240000000000026,-4.511626524328365,0.7324944455477496,0.3999735550774606,-4.5,-1.8,0.3999735550774606,0.24977730554179828,-1.710573544612752,0.09958043724597843,1.7315792841723578,ROLLING,ROLL,2.532521133731792,9.539789685892725
3.4400000000000026,-4.50743114988423,0.7053696470280615,0.399930490318624,-4.5,-1.8,0.399930490318624,0.2561797088707753,-1.7174183859431125,0.09434954593436409,1.7389812513165808,ROLLING,ROLL,2.5053806677305777,9.533561423137602
3.4560000000000026,-4.50316734990138,0.6782224398311371,0.40004924697358063,-4.5,-1.8,0.40004924697358063,0.26131266136036374,-1.7245252459109657,0.0928787182304348,1.7466820223130601,ROLLING,ROLL,2.4782244638829614,9.527338314457094
3.4720000000000026,-4.498865608270873,0.6510650504953153,0.4000182127588041,-4.5,-1.8,0.4000182127588041,0.26480552905076415,-1.7299314243256456,0.08429801438142724,1.7521104007207602,ROLLING,ROLL,2.4510653130025313,9.521151902158039
3.4880000000000027,-4.494540176200525,0.6239184136939098,0.39996068713452826,-4.5,-1.8,0.39996068713452826,0.26720823593472,-1.734438251196708,0.08131147570489078,1.7567833801146193,ROLLING,ROLL,2.423924562753619,9.515017989706179
3.5040000000000027,-4.490206881510197,0.5967777744634788,0.39994406034341745,-4.5,-1.8,0.39994406034341745,0.2686656307266281,-1.7392836094389204,0.06798115788625904,1.761224043960385,ROLLING,ROLL,2.396797781485093,9.50895211713452
3.5200000000000027,-4.485871704704475,0.5696427498826008,0.39994513644175217,-4.5,-1.8,0.39994513644175217,0.26954813998429766,-1.7446053273709237,0.04590024954513168,1.7659022569123999,ROLLING,ROLL,2.3696848674030755,9.502960320900367
3.5360000000000027,-4.481538335325656,0.5425147220008492,0.39987240970431326,-4.5,-1.8,0.39987240970431326,0.27040523576954606,-1.7487480242164057,0.03804654559355004,1.7699395987897353,ROLLING,ROLL,2.342587470267282,9.497046458127793
3.5520000000000027,-4.477207369316227,0.5153907964660397,0.3999161955248654,-4.5,-1.8,0.3999161955248654,0.27111094382613854,-1.7520251834773883,0.07930991277695604,1.7746502330504352,ROLLING,ROLL,2.3155029787009838,9.491211049918956
3.5680000000000027,-4.472876933250524,0.4882511857502561,0.40003732232933137,-4.5,-1.8,0.40003732232933137,0.271947896897924,-1.7574383420274386,0.0715643150368169,1.7797939869102957,ROLLING,ROLL,2.2884119274810097,9.485451313084498
3.5840000000000027,-4.46854789235536,0.4610996650439758,0.39998828108552903,-4.5,-1.8,0.39998828108552903,0.27256652030216233,-1.7614581549458335,0.06002031027251057,1.7834320220462616,ROLLING,ROLL,2.2613184053417315,9.479768567371822
3.6000000000000028,-4.464237707597934,0.4339510822535673,0.3999483639982633,-4.5,-1.8,0.3999483639982633,0.2717864661128536,-1.7649149454339967,0.043620910724823644,1.7862517828209057,ROLLING,ROLL,2.2342373149376358,9.474181174524142
3.6160000000000028,-4.459970495978698,0.4068056906853167,0.39993165229300975,-4.5,-1.8,0.39993165229300975,0.27059305984516985,-1.768477184121141,0.019714468883828357,1.7891676319106558,ROLLING,ROLL,2.2071687107317577,9.468713357936304
3.632000000000003,-4.455758688645906,0.3796639796061572,0.3999581534944503,-4.5,-1.8,0.3999581534944503,0.2673704401593921,-1.7706404016786321,0.05571262632150209,1.7915798282687083,ROLLING,ROLL,2.180112923135607,9.463377680052346
3.648000000000003,-4.451614520598379,0.35252311236270184,0.40005808583450475,-4.5,-1.8,0.40005808583450475,0.2640921951372561,-1.77315730478144,0.04679384241626228,1.7933268465955314,ROLLING,ROLL,2.1530668600562635,9.458186379572778
3.664000000000003,-4.447542951524356,0.3254151242471749,0.40000867385283256,-4.5,-1.8,0.40000867385283256,0.25986121843145327,-1.7724517027335074,0.035461462683672965,1.7917506541657113,ROLLING,ROLL,2.126062367926541,9.453145657609763
3.680000000000003,-4.443566577398166,0.2983826620085398,0.39995596027211494,-4.5,-1.8,0.39995596027211494,0.25451948831235677,-1.7689275610100974,0.0306273405281997,1.787406758412798,ROLLING,ROLL,2.0991413786128374,9.448279309733545
3.696000000000003,-4.4396952414215916,0.27144670221158423,0.39996147755159345,-4.5,-1.8,0.39996147755159345,0.24877529508196156,-1.763735643346259,0.01560180980122976,1.7812624690152299,ROLLING,ROLL,2.0723243240406286,9.443597278741771
3.712000000000003,-4.435942816237592,0.24463342366653168,0.39993187161686733,-4.5,-1.8,0.39993187161686733,0.24181207925700535,-1.7564737787090041,0.008495638146717137,1.7730610234378297,ROLLING,ROLL,2.0456366148380054,9.439113429940369
3.728000000000003,-4.432320021125989,0.21795876030337222,0.3999677424378096,-4.5,-1.8,0.3999677424378096,0.235219926585285,-1.7486289488752358,-0.012698516367011678,1.7644242310241667,ROLLING,ROLL,2.0190933950230012,9.43483794254714
3.744000000000003,-4.428834406555111,0.1914411424943046,0.3999332539833951,-4.5,-1.8,0.3999332539833951,0.22697322343664222,-1.7385597946035434,-0.022556758298351305,1.7534582432764303,ROLLING,ROLL,1.9927123138349359,9.430777697373479
3.760000000000003,-4.4254959159469305,0.16509743517784328,0.3998885413459217,-4.5,-1.8,0.3998885413459217,0.2180173830994807,-1.7270377247091935,-0.028798859254939125,1.7409825548226034,ROLLING,ROLL,1.9665092901593741,9.426941732324146
3.776000000000003,-4.4223181769244455,0.13894530352388812,0.39995230094720136,-4.5,-1.8,0.39995230094720136,0.2062935236863596,-1.7123677574671412,0.00909794122768329,1.7247733553318136,ROLLING,ROLL,1.9405008002301067,9.423342592974754
3.792000000000003,-4.419309315571452,0.11298186971564524,0.3999033864859319,-4.5,-1.8,0.3999033864859319,0.19522769854582583,-1.6992037771100355,-0.0004616370210662746,1.7103822799401454,ROLLING,ROLL,1.9146829033587556,9.419986883499126
3.808000000000003,-4.416498521379569,0.08722500416314405,0.4000133004955806,-4.5,-1.8,0.4000133004955806,0.1832728648398485,-1.685000354401879,-0.005600683623001082,1.694947345783375,ROLLING,ROLL,1.8890713891408069,9.416902495220755
3.824000000000003,-4.413871304852867,0.06169085156157303,0.39995273412148863,-4.5,-1.8,0.39995273412148863,0.1707831640974979,-1.6682414787707365,-0.017535037626358975,1.6770521751498624,ROLLING,ROLL,1.863682102429436,9.414073438501456
3.840000000000003,-4.411447992023095,0.03641554983754792,0.39989274147156784,-4.5,-1.8,0.39989274147156784,0.15819012726219006,-1.650123509244505,-0.034999101389100305,1.6580580958526974,ROLLING,ROLL,1.8385493003457605,9.41151844278199
3.856000000000003,-4.4092348619734425,0.01140817308625332,0.3999568351540215,-4.5,-1.8,0.3999568351540215,0.14395633738823024,-1.6305849484986321,-0.014936652398804005,1.636995358860068,ROLLING,ROLL,1.8136807546546494,9.409241777858062
3.872000000000003,-4.407234699259663,-0.013343842047218165,0.4000289554417128,-4.5,-1.8,0.4000289554417128,0.1303003034983892,-1.6123183323483463,-0.025526677987297332,1.6177763087668802,ROLLING,ROLL,1.7890627791589766,9.407244163147656
3.888000000000003,-4.405433843484926,-0.037830488878959664,0.3999152604711339,-4.5,-1.8,0.3999152604711339,0.11643305103772483,-1.5922282686425686,-0.03659449511751753,1.5968990800646643,ROLLING,ROLL,1.764705115276374,9.405509923978626
3.904000000000003,-4.403846274836732,-0.06203075922489988,0.39988081820556226,-4.5,-1.8,0.39988081820556226,0.10452689107375662,-1.5722299330658005,-0.07044390483537108,1.5772746042189647,ROLLING,ROLL,1.7406270768729157,9.404050859914076
3.920000000000003,-4.402474919609271,-0.08593570611083509,0.40003720791522684,-4.5,-1.8,0.40003720791522684,0.08862590847785362,-1.549866188981651,-0.03229370596721769,1.5527339240343558,ROLLING,ROLL,1.716836493347861,9.40286762426581
3.936000000000003,-4.4012910459149355,-0.10954957060566076,0.3999232226914229,-4.5,-1.8,0.3999232226914229,0.07500822247171407,-1.5279650978905899,-0.046285362192978984,1.530505115497332,ROLLING,ROLL,1.6933298886679091,9.4019292934174
3.952000000000003,-4.400315277109015,-0.13286658132354828,0.39987102668711494,-4.5,-1.8,0.39987102668711494,0.06320472667531501,-1.5067098315974046,-0.0793758184770831,1.5101224700882003,ROLLING,ROLL,1.6701110381186293,9.40125421619274
3.968000000000003,-4.39954892839996,-0.15587855120917074,0.40001280907669334,-4.5,-1.8,0.40001280907669334,0.047589319146126435,-1.4836970629285675,-0.04043345556640203,1.485010633688759,ROLLING,ROLL,1.6471872255938764,9.400841354906055
3.984000000000003,-4.39896230898566,-0.17858852683411194,0.39989473385222724,-4.5,-1.8,0.39989473385222724,0.03443868370548254,-1.460983953823632,-0.05302572977778003,1.4623514845220915,ROLLING,ROLL,1.624556487266443,9.400658825191446
4.000000000000003,-4.398575617539992,-0.20099760457450086,0.39994069483590183,-4.5,-1.8,0.39994069483590183,0.020966803112805726,-1.4388230436100695,-0.04180950377870851,1.4395830619531258,ROLLING,ROLL,1.6022158300097644,9.400724635668356
4.016000000000001,-4.398386027949047,-0.22311243373548992,0.3999706245782345,-4.5,-1.8,0.3999706245782345,0.007841952845993006,-1.4171064890287137,-0.0502992139979445,1.4180205599357638,ROLLING,ROLL,1.580158155361539,9.401033937202612
4.031999999999999,-4.398373522566312,-0.24493045780997236,0.39985748576596547,-4.5,-1.8,0.39985748576596547,-0.004152558777456104,-1.3945333452357214,-0.06972821997937848,1.396281676231635,ROLLING,ROLL,1.5583867369695759,9.401564539949643
4.047999999999997,-4.3985551495105355,-0.2664338637170619,0.4000329118768097,-4.5,-1.8,0.4000329118768097,-0.017212684315964483,-1.3715723393799402,-0.046498106568783934,1.372468226432949,ROLLING,ROLL,1.5369177440724044,9.402330876018254
4.063999999999996,-4.398897514084252,-0.28762153448321226,0.399901660080551,-4.5,-1.8,0.399901660080551,-0.029014925858056304,-1.3480559307877684,-0.05993479018261441,1.349699536018613,ROLLING,ROLL,1.515754048524119,9.403297327393068
4.079999999999994,-4.39941490512441,-0.30849822478089145,0.3999225463980337,-4.5,-1.8,0.3999225463980337,-0.04077862018645209,-1.3254275933117392,-0.047883775311862185,1.3269190091767384,ROLLING,ROLL,1.494889596857535,9.404476153054347
4.095999999999992,-4.400103815119551,-0.32907132725110005,0.3999375516260801,-4.5,-1.8,0.3999375516260801,-0.052147139660675156,-1.303239900132669,-0.054436699900649144,1.305418291494597,ROLLING,ROLL,1.4743169293162544,9.405861984605341
4.11199999999999,-4.400943281669027,-0.34934509100516337,0.39986994960826183,-4.5,-1.8,0.39986994960826183,-0.06077535076451997,-1.2812679402614917,-0.08917801736034,1.2858047662000625,ROLLING,ROLL,1.45403297708041,9.40743198634821
4.127999999999989,-4.4019418217690145,-0.3692972439630467,0.3999716287054299,-4.5,-1.8,0.3999716287054299,-0.07275035522859458,-1.2576812589770607,-0.05092521591168082,1.2608124923967332,ROLLING,ROLL,1.4340591976796893,9.409191807712709
4.143999999999987,-4.403068039552858,-0.3889382784121441,0.39985801651513336,-4.5,-1.8,0.39985801651513336,-0.08121201027733001,-1.234955003554754,-0.07075779548090644,1.2396434636779745,ROLLING,ROLL,1.4143871418697957,9.411108411918049
4.159999999999985,-4.404336971622868,-0.40826433571157494,0.40000655265027646,-4.5,-1.8,0.40000655265027646,-0.09042869464052487,-1.2123674259108321,-0.048501159584492984,1.2167022999506028,ROLLING,ROLL,1.3950195605261697,9.413194656632083
4.175999999999983,-4.405714820878637,-0.4272816412753741,0.3998738123204169,-4.5,-1.8,0.3998738123204169,-0.09762193860103568,-1.189973794020267,-0.05864749042927871,1.195410892323165,ROLLING,ROLL,1.3759525382009288,9.415415067466066
4.1919999999999815,-4.4072117414766865,-0.4459918981919651,0.40003886149072515,-4.5,-1.8,0.40003886149072515,-0.1041897651012397,-1.1681404118666696,-0.0468987493693061,1.1737150513136863,ROLLING,ROLL,1.3571837018921158,9.417777950356959
4.20799999999998,-4.408800277343612,-0.46439898095600224,0.3998914473451254,-4.5,-1.8,0.3998914473451254,-0.10940981675720762,-1.1463085366488257,-0.058176160495636536,1.1529866585727835,ROLLING,ROLL,1.3387111232390532,9.420254193622071
4.223999999999978,-4.410492497644969,-0.48250387927489824,0.40003611039690756,-4.5,-1.8,0.40003611039690756,-0.11420250370400044,-1.125115708286548,-0.046193096403434254,1.1318398168648864,ROLLING,ROLL,1.320533082169291,9.422854081526872
4.239999999999976,-4.412266931219772,-0.5003125970894701,0.39987420296504045,-4.5,-1.8,0.39987420296504045,-0.11823438753934834,-1.1039557571577414,-0.057096935281417065,1.1117363645114147,ROLLING,ROLL,1.3026451691239307,9.425554704065945
4.2559999999999745,-4.414131361011343,-0.5178266944794068,0.4000109115829715,-4.5,-1.8,0.4000109115829715,-0.12188097811312634,-1.0836144399258174,-0.04429647055852917,1.0913466014724644,ROLLING,ROLL,1.2850454499944228,9.428362199655503
4.271999999999973,-4.41606170705222,-0.5350532254094168,0.3998453557752304,-4.5,-1.8,0.3998453557752304,-0.12492173271514802,-1.0631973064351032,-0.05509561333748583,1.07192792590008,ROLLING,ROLL,1.2677286695385994,9.43125124387195
4.287999999999971,-4.418054771967987,-0.5519945351312521,0.39998089895290617,-4.5,-1.8,0.39998089895290617,-0.12709356740063404,-1.0437948656255027,-0.0417541627017214,1.0523326025946846,ROLLING,ROLL,1.2506928722669999,9.434217172325628
4.303999999999969,-4.420087141342507,-0.5686606074596076,0.399829173709276,-4.5,-1.8,0.399829173709276,-0.12850019517231695,-1.0245757719626118,-0.06304751561885098,1.0345253993391437,ROLLING,ROLL,1.2339298053781482,9.437235645937998
4.319999999999967,-4.422153241695237,-0.5850467858350673,0.3999286670366049,-4.5,-1.8,0.3999286670366049,-0.12948388285424975,-1.0055643537727124,-0.0403752223776148,1.0146703425642178,ROLLING,ROLL,1.2174446313439726,9.440299330614682
4.335999999999966,-4.424231062533728,-0.6011708711170521,0.39990131101800674,-4.5,-1.8,0.39990131101800674,-0.12943930911054638,-0.9874940778858456,-0.03934039882193578,0.9967179920028038,ROLLING,ROLL,1.201221133739752,9.443385914824473
4.351999999999964,-4.4263203543247345,-0.6170360997626567,0.3998540485052354,-4.5,-1.8,0.3998540485052354,-0.12948047281410308,-0.969911643680955,-0.0436730454776025,0.9794902369545825,ROLLING,ROLL,1.1852562083581675,9.446494004167212
4.367999999999962,-4.4284071028087135,-0.6326501080987581,0.3999743121547549,-4.5,-1.8,0.3999743121547549,-0.12866263861712715,-0.9528722635216211,-0.0359084403283526,0.9621897116741346,ROLLING,ROLL,1.1695432070043772,9.449608809658269
4.38399999999996,-4.430487505262417,-0.6480104492280471,0.3998041014929863,-4.5,-1.8,0.3998041014929863,-0.1277939190451096,-0.9355643886344717,-0.05664787185849322,0.9459497832401025,ROLLING,ROLL,1.1540848807658857,9.452725116558678
4.399999999999959,-4.4325574050939505,-0.6631125007021149,0.3998915483282532,-4.5,-1.8,0.3998915483282532,-0.1268549799711603,-0.9184467797989827,-0.03356954935420344,0.9277734572138011,ROLLING,ROLL,1.138886161856162,9.455837212483098
4.415999999999957,-4.43460731379671,-0.6779706189148552,0.4000051731810699,-4.5,-1.8,0.4000051731810699,-0.12520786531525313,-0.9021854598056916,-0.03216530534903797,0.9114001427966789,ROLLING,ROLL,1.1239333322876384,9.458935422427738
4.431999999999955,-4.4366248187352255,-0.6925870254772212,0.39980830696247815,-4.5,-1.8,0.39980830696247815,-0.12253601706954283,-0.8857738051917888,-0.042252941084006373,0.8952070265996893,ROLLING,ROLL,1.1092249139564672,9.462006381176723
4.447999999999953,-4.438604616381851,-0.7069604323854008,0.39991298229052585,-4.5,-1.8,0.39991298229052585,-0.12026196019102682,-0.8700567829113208,-0.02862517132388731,0.8787952804790814,ROLLING,ROLL,1.0947624808609078,9.46504358982796
4.463999999999952,-4.440547312912633,-0.7211008003439502,0.4000108979326527,-4.5,-1.8,0.4000108979326527,-0.11772493415637073,-0.8547304474718145,-0.028588483009055733,0.8632731892733894,ROLLING,ROLL,1.0805360267109898,9.468047313548798
4.47999999999995,-4.442446309523553,-0.7350117950141216,0.3998040050968604,-4.5,-1.8,0.3998040050968604,-0.11446584722810482,-0.8393561873281502,-0.03819924486668641,0.8479860975842007,ROLLING,ROLL,1.066542218595449,9.471010223151744
4.495999999999948,-4.444294774420158,-0.7486900117992926,0.3999005074559724,-4.5,-1.8,0.3999005074559724,-0.11154573227480676,-0.8245254942280119,-0.024559578161601835,0.8323988910973789,ROLLING,ROLL,1.052784765964759,9.473924240773087
4.511999999999946,-4.446096826337448,-0.7621450284010045,0.3999922714989703,-4.5,-1.8,0.3999922714989703,-0.1085449505767199,-0.8100609423210503,-0.024432786651947674,0.8176660061622656,ROLLING,ROLL,1.0392538160640292,9.47679324966303
4.5279999999999445,-4.447850960085504,-0.7753828982141658,0.3997923632934931,-4.5,-1.8,0.3997923632934931,-0.10538976776195583,-0.7959275353036882,-0.04434917876426016,0.804098560041359,ROLLING,ROLL,1.025943335489834,9.479615308799803
4.543999999999943,-4.449545819811861,-0.7883964595169743,0.3998590983007976,-4.5,-1.8,0.3998590983007976,-0.10173043145204602,-0.7815793785299525,-0.021271213147358903,0.7884591746789725,ROLLING,ROLL,1.012860971415253,9.482377612081407
4.559999999999941,-4.451189951313978,-0.8011958173959186,0.39995372718044897,-4.5,-1.8,0.39995372718044897,-0.09855795779470282,-0.7679142317567298,-0.019829246557391947,0.774467002136453,ROLLING,ROLL,0.9999961080124957,9.48508862550219
4.575999999999939,-4.452784294789689,-0.8137869512583534,0.3998675064632514,-4.5,-1.8,0.3998675064632514,-0.09521584095707575,-0.7543948241234955,-0.020855383761043435,0.7606658622978312,ROLLING,ROLL,0.9873426458564425,9.487748949348363
4.5919999999999375,-4.454318563050762,-0.82617573208205,0.3997952973329444,-4.5,-1.8,0.3997952973329444,-0.09155300681340994,-0.7417082959487483,-0.022619263993983178,0.7476795974475978,ROLLING,ROLL,0.9748951217785832,9.490348035342409
4.607999999999936,-4.455797509963292,-0.8383614693921524,0.3998922906982501,-4.5,-1.8,0.3998922906982501,-0.08831050996761931,-0.7289221329301785,-0.015176569617243497,0.7344089802770448,ROLLING,ROLL,0.96265389609925,9.492889786718761
4.623999999999934,-4.457222916635911,-0.8503431147475273,0.3999669066900136,-4.5,-1.8,0.3999669066900136,-0.08500585597404721,-0.7160894036118757,-0.01586514591647547,0.7212917110088284,ROLLING,ROLL,0.9506198391410555,9.495375122012925
4.639999999999932,-4.458597769094576,-0.8621282217497193,0.39986428390966433,-4.5,-1.8,0.39986428390966433,-0.08166733087567314,-0.7034756662900957,-0.016607683850026325,0.7083949330405415,ROLLING,ROLL,0.9387851815843121,9.497806948356985
4.65599999999993,-4.459913680455747,-0.8737224164650671,0.39978529593667017,-4.5,-1.8,0.39978529593667017,-0.07813846139793748,-0.6917353838092252,-0.017938759411847346,0.6963657512059084,ROLLING,ROLL,0.9271445813754825,9.500176719551451
4.671999999999929,-4.461174559861054,-0.8851226618494467,0.3998769806530232,-4.5,-1.8,0.3998769806530232,-0.07496666525595198,-0.6797460050491885,-0.010544575538093065,0.6839486971646396,ROLLING,ROLL,0.9157008019344665,9.50248736798326
4.687999999999927,-4.462383469728474,-0.8963293636970929,0.3999481142821588,-4.5,-1.8,0.3999481142821588,-0.07179822603193901,-0.6677560462689854,-0.01126469369843305,0.671699349347787,ROLLING,ROLL,0.9044532172897444,9.504741304023813
4.703999999999925,-4.463540203137716,-0.9073452031775606,0.39998738867703326,-4.5,-1.8,0.39998738867703326,-0.0686245710940753,-0.6559655856647397,-0.01208233983774481,0.6596560954545069,ROLLING,ROLL,0.8933990726866408,9.506937913657223
4.719999999999923,-4.46464896984569,-0.9181791656173491,0.39986120707967,-4.5,-1.8,0.39986120707967,-0.06549307918439469,-0.6443898120203525,-0.012180850686747203,0.6478240088018747,ROLLING,ROLL,0.8825291379236639,9.509081611942072
4.735999999999922,-4.465704358086912,-0.9288368014583596,0.3997732660994973,-4.5,-1.8,0.3997732660994973,-0.0623734524402905,-0.6338200545805335,-0.012816227936633753,0.637010647364952,ROLLING,ROLL,0.8718380064825877,9.511166952506352
4.75199999999992,-4.466708381316324,-0.939311379332869,0.3998581409272915,-4.5,-1.8,0.3998581409272915,-0.05943589985359249,-0.6227064675310359,-0.005571565787542278,0.6255613584946821,ROLLING,ROLL,0.8613322434580444,9.513194702318929
4.767999999999918,-4.467665096185632,-0.9496052418343875,0.3999245791192971,-4.5,-1.8,0.3999245791192971,-0.05658026996095239,-0.6116827824681647,-0.006341757103725327,0.6143267625620855,ROLLING,ROLL,0.8510092776933956,9.515168547579757
4.783999999999916,-4.468574748714196,-0.9597210812923609,0.39996110317062544,-4.5,-1.8,0.39996110317062544,-0.05374765970338671,-0.6008488324114094,-0.0072192658794394725,0.6032911802219415,ROLLING,ROLL,0.8408663435070137,9.517088437430068
4.799999999999915,-4.469438538389735,-0.9696620544077224,0.3999791831753515,-4.5,-1.8,0.3999791831753515,-0.05100417271053259,-0.5902377987964089,-0.00738185716499811,0.5924833977227719,ROLLING,ROLL,0.8309001786172392,9.518955338276303
4.815999999999913,-4.47025785925568,-0.9794310720457855,0.3999869962830618,-4.5,-1.8,0.3999869962830618,-0.04835349717994161,-0.5798287246402962,-0.007107522679018063,0.5818848060279249,ROLLING,ROLL,0.8211077642185487,9.520770407151028
4.831999999999911,-4.471034407079513,-0.9890310083274625,0.39998930816851624,-4.5,-1.8,0.39998930816851624,-0.04581424857550912,-0.5696190896342881,-0.0065919165884224815,0.571496549431965,ROLLING,ROLL,0.8114861126523409,9.522535118103646
4.847999999999909,-4.471770330329905,-0.9984649383515546,0.39998926533174456,-4.5,-1.8,0.39998926533174456,-0.043411857579314095,-0.5596212884397966,-0.005926061974628768,0.5613338525904454,ROLLING,ROLL,0.8020320251096337,9.52425143639306
4.8639999999999075,-4.472467638569518,-1.0077358460534622,0.3999881731748351,-4.5,-1.8,0.3999881731748351,-0.041129112843773456,-0.5498228432683498,-0.005226499618200351,0.5513837857620292,ROLLING,ROLL,0.7927424049176138,9.52592119950443
4.879999999999906,-4.473128224683157,-1.016846621436468,0.3999865327066391,-4.5,-1.8,0.3999865327066391,-0.03895897719813189,-0.5402165044938201,-0.004532704096646944,0.5416384578649063,ROLLING,ROLL,0.7836142588443333,9.527546138057556
4.895999999999904,-4.473753863027472,-1.0258000835565626,0.39998458735165443,-4.5,-1.8,0.39998458735165443,-0.03689448459973303,-0.5307963633177972,-0.003857468215121587,0.5320910282708304,ROLLING,ROLL,0.7746446735936459,9.529127875553597
4.911999999999902,-4.474346221670579,-1.0345989846216126,0.3999824690906981,-4.5,-1.8,0.3999824690906981,-0.03492937687634019,-0.5215568731673055,-0.0032061105449399563,0.5227350308347936,ROLLING,ROLL,0.7658308107440192,9.53066794023712
4.9279999999999005,-4.474906886248234,-1.0432461396735806,0.39998035383775155,-4.5,-1.8,0.39998035383775155,-0.03305889300905946,-0.512503623270731,-0.002573208350874638,0.5135751898931925,ROLLING,ROLL,0.7571697758605378,9.532167802290203
4.943999999999899,-4.475437380935618,-1.0517443722447717,0.39997836261856445,-4.5,-1.8,0.39997836261856445,-0.031279361047299635,-0.5036335445746977,-0.001963915994627564,0.5046077710602912,ROLLING,ROLL,0.7486586717073895,9.533628888549238
4.959999999999897,-4.475939123294219,-1.0600953282532262,0.3999764823953787,-4.5,-1.8,0.3999764823953787,-0.02958387937598604,-0.494862099526842,-0.001384672049028871,0.495747537345099,ROLLING,ROLL,0.7402957848458628,9.535052405381016
4.975999999999895,-4.476413321958202,-1.0682946188397873,0.3999747366104744,-4.5,-1.8,0.3999747366104744,-0.027959045407727687,-0.4857802396908827,-0.0008309260133040322,0.48658487433569325,ROLLING,ROLL,0.7320854432372356,9.536438687541011
4.991999999999893,-4.47686117846749,-1.0763353106876932,0.39997312061313434,-4.5,-1.8,0.39997312061313434,-0.026406808176589056,-0.4763067263413,-0.00030734649832512347,0.4770382705170637,ROLLING,ROLL,0.7240345210135984,9.53778776745307
5.007999999999892,-4.477283891582754,-1.0842117614617635,0.3999715588256556,-4.5,-1.8,0.3999715588256556,-0.02492579131836455,-0.46651797614461016,0.0001811666040599698,0.4671834221804623,ROLLING,ROLL,0.7161486046982816,9.539099805817422
5.02399999999989,-4.477682626810594,-1.0919195984650842,0.39997000178338593,-4.5,-1.8,0.39997000178338593,-0.023513849255736675,-0.45648725641516474,0.0006360223850752672,0.4570929018271233,ROLLING,ROLL,0.7084320152166492,9.540375065166963
5.039999999999888,-4.478058514474959,-1.0994555984495866,0.3999684311252813,-4.5,-1.8,0.3999684311252813,-0.022168773094202787,-0.4462807431124558,0.0010588465292820867,0.44683226979424906,ROLLING,ROLL,0.7008879277963578,9.54161390000525
5.055999999999886,-4.4784126490950715,-1.1068175727446412,0.3999668472394303,-4.5,-1.8,0.3999668472394303,-0.02088835195906564,-0.4359579005768583,0.0014508542535791845,0.43646044414243634,ROLLING,ROLL,0.6935184865414356,9.542816747997511
5.071999999999885,-4.478746089200052,-1.1140042595163633,0.3999652598096903,-4.5,-1.8,0.3999652598096903,-0.019670389731126715,-0.42557191690249946,0.00181302264010369,0.4260301253894328,ROLLING,ROLL,0.6863249118937658,9.543984121620586
5.087999999999883,-4.4790598573887745,-1.1210152228490906,0.3999636820692032,-4.5,-1.8,0.3999636820692032,-0.01851271385850612,-0.41517011643556845,0.0021462585006277292,0.4155882007240845,ROLLING,ROLL,0.6793076012935882,9.545116600116454
5.103999999999881,-4.479354940548989,-1.1278507584567903,0.3999621275498759,-4.5,-1.8,0.3999621275498759,-0.01741318018071604,-0.4047943575342135,0.0024514930814984025,0.40517613522253676,ROLLING,ROLL,0.6724662232312103,9.546214821711382
5.119999999999879,-4.479632290180191,-1.1345118058956611,0.39996060836662284,-4.5,-1.8,0.39996060836662284,-0.01636967538501986,-0.3944814198332806,0.002729725362656911,0.394830353780516,ROLLING,ROLL,0.6657998048179034,9.547279476099126
5.1359999999998776,-4.479892822785544,-1.1409998671699777,0.39995913442897096,-4.5,-1.8,0.39995913442897096,-0.015380118180625254,-0.38426338273167493,0.0029820352709334346,0.38458261515309916,ROLLING,ROLL,0.6593068129827877,9.548311297207626
5.151999999999876,-4.480137420312361,-1.1473169316152907,0.39995771320594115,-4.5,-1.8,0.39995771320594115,-0.014442459895048963,-0.37416799506149634,0.003209580197471305,0.37446037785218883,ROLLING,ROLL,0.6529852294102272,9.549311056279286
5.167999999999874,-4.480366930629849,-1.153465406915886,0.39995634981060746,-4.5,-1.8,0.39995634981060746,-0.013554684922295444,-0.36421903470119943,0.003413582689384573,0.3644871565210405,ROLLING,ROLL,0.6468326193593935,9.550279555297408
5.183999999999872,-4.4805821680386595,-1.1594480560756844,0.3999550472560984,-4.5,-1.8,0.3999550472560984,-0.01271481126300182,-0.3544366562343994,0.0035953139579043896,0.3546828667845847,ROLLING,ROLL,0.6408461945453827,9.551217620789
5.1999999999998705,-4.480783913810139,-1.1652679401212065,0.39995380678862646,-4.5,-1.8,0.39995380678862646,-0.011920891271352313,-0.3448377245529563,0.003756075995192238,0.34506415639768445,ROLLING,ROLL,0.6350228703018754,9.552126098028408
5.215999999999869,-4.480972916755053,-1.170928366277468,0.3999526282384258,-4.5,-1.8,0.3999526282384258,-0.01117101264408549,-0.33543613244009163,0.0038971839993040477,0.33564472066902146,ROLLING,ROLL,0.6293593172831762,9.553005845659053
5.231999999999867,-4.4811498938222964,-1.1764328413263994,0.39995151035324333,-4.5,-1.8,0.39995151035324333,-0.01046329963886145,-0.32624310052277716,0.004019950126818988,0.32643560050501474,ROLLING,ROLL,0.6238520079948274,9.553857730743003
5.247999999999865,-4.481315530728277,-1.1817850298344186,0.39995045109515726,-4.5,-1.8,0.39995045109515726,-0.009795914482037218,-0.317267458444274,0.004125669146196237,0.3174454618893337,ROLLING,ROLL,0.6184972584650612,9.554682624240849
5.2639999999998635,-4.481470482617374,-1.186988716921607,0.39994944789227826,-4.5,-1.8,0.39994944789227826,-0.009167058912147814,-0.3085159065949294,0.004215606260978915,0.3086808561076271,ROLLING,ROLL,0.6132912653836273,9.555481396917884
5.279999999999862,-4.481615374753393,-1.1920477752389744,0.39994849784383885,-4.5,-1.8,0.39994849784383885,-0.008574975800242942,-0.29999325819665035,0.004290987163488889,0.3001464604892986,ROLLING,ROLL,0.6082301390405928,9.556254915667127
5.29599999999986,-4.481750803241328,-1.1969661358215802,0.39994759788137146,-4.5,-1.8,0.39994759788137146,-0.00801795078853239,-0.2917026619319504,0.004352990240083499,0.2918452998371968,ROLLING,ROLL,0.6033099323965201,9.557004040235162
5.311999999999858,-4.481877335778087,-1.2017477624923691,0.39994674489093485,-4.5,-1.8,0.39994674489093485,-0.007494313892526618,-0.2836458056281946,0.004402740761045003,0.28377894903850115,ROLLING,ROLL,0.5985266666084202,9.557729620333355
5.327999999999856,-4.481995512430254,-1.20639662950325,0.3999459358022853,-4.5,-1.8,0.3999459358022853,-0.007002441017724741,-0.27582310175013297,0.0044413068388742104,0.27594771759467035,ROLLING,ROLL,0.593876353324285,9.558432493114355
5.343999999999855,-4.482105846436372,-1.2109167021148246,0.3999451676509878,-4.5,-1.8,0.3999451676509878,-0.006540755348988227,-0.26823385562496627,0.00446969691778746,0.2683508169812558,ROLLING,ROLL,0.5893550140441948,9.559113480992025
5.359999999999853,-4.482208825030767,-1.2153119198332394,0.3999444376190525,-4.5,-1.8,0.3999444376190525,-0.0061077285784303815,-0.2608764174338446,0.004488858555969435,0.2609865118595994,ROLLING,ROLL,0.5849586968289968,9.559773389781796
5.375999999999851,-4.482304910285579,-1.219586182040939,0.39994374305902297,-4.5,-1.8,0.39994374305902297,-0.005701881945475165,-0.25374831906298323,0.004499678273892065,0.253852256223139,ROLLING,ROLL,0.5806834906193006,9.560413007137882
5.391999999999849,-4.482394539967378,-1.2237433357769478,0.39994308150567515,-4.5,-1.8,0.39994308150567515,-0.005321787070331374,-0.24684639692734972,0.00450298226141713,0.24694481558211193,ROLLING,ROLL,0.5765255374087429,9.561033101263776
5.407999999999848,-4.482478128404564,-1.227787165441118,0.39994245067873285,-4.5,-1.8,0.39994245067873285,-0.004966066569242001,-0.24016690186992556,0.004499537759761442,0.24026037628169178,ROLLING,ROLL,0.5724810424967078,9.561634419872622
5.423999999999846,-4.482556067361731,-1.231721384215201,0.39994184847930714,-4.5,-1.8,0.39994184847930714,-0.004633394446311204,-0.2337055972081428,0.004490054958776202,0.23379464301827496,ROLLING,ROLL,0.5685462830273149,9.562217689374771
5.439999999999844,-4.4826287269171265,-1.235549627011291,0.39994127298215876,-4.5,-1.8,0.39994127298215876,-0.004322496262363841,-0.22745784595301993,0.004475189273916901,0.22754292557353498,ROLLING,ROLL,0.5647176150038289,9.562783614270568
5.455999999999842,-4.48269645633949,-1.2392754447750123,0.3999407224253762,-4.5,-1.8,0.3999407224253762,-0.004032149086100557,-0.2214186881710604,0.004455543889438456,0.2215002157312641,ROLLING,ROLL,0.5609914789508585,9.563332876727435
5.4719999999998405,-4.482759584960687,-1.2429022999866401,0.3999401951986415,-4.5,-1.8,0.3999401951986415,-0.00376118123675862,-0.2155829093982078,0.004431672474329816,0.21566125528200783,ROLLING,ROLL,0.557364404380925,9.563866136321433
5.487999999999839,-4.482818423040757,-1.2464335632180958,0.3999396898309314,-4.5,-1.8,0.3999396898309314,-0.003508471830602248,-0.2099451009520694,0.004404081995085928,0.21002059595806355,ROLLING,ROLL,0.5538330132072485,9.564384029924653
5.503999999999837,-4.482873262622287,-1.2498725106174593,0.3999392049782414,-4.5,-1.8,0.3999392049782414,-0.003272950145896843,-0.20449971292540503,0.004373235564519556,0.2045726520787502,ROLLING,ROLL,0.550394022230931,9.564887171721049
5.519999999999835,-4.482924378371236,-1.2532223222052705,0.39993873941172636,-4.5,-1.8,0.39993873941172636,-0.0030535948226434483,-0.19924110058203984,0.004339555278704688,0.1993117466244785,ROLLING,ROLL,0.5470442448181004,9.56537615333454
5.5359999999998335,-4.4829720284016945,-1.2564860808784954,0.39993829200650594,-4.5,-1.8,0.39993829200650594,-0.0028494329143479327,-0.1941635648169105,0.004303425004932649,0.19423215139908492,ROLLING,ROLL,0.5437805918709955,9.565851544054524
5.551999999999832,-4.483016455082321,-1.2596667720286716,0.39993786173127666,-4.5,-1.8,0.39993786173127666,-0.002659538809554597,-0.18926138728552921,0.004265193092541549,0.1893281218837795,ROLLING,ROLL,0.5406000721863496,9.566313891145073
5.56799999999983,-4.483057885822522,-1.2627672836904504,0.39993744763879596,-4.5,-1.8,0.39993744763879596,-0.0024830330408829775,-0.18452886075511601,0.004225174985859288,0.18459392733327998,ROLLING,ROLL,0.537499792284741,9.566763720225334
5.583999999999828,-4.483096533836736,-1.2657904071456003,0.39993704885725173,-4.5,-1.8,0.39993704885725173,-0.002319080998948615,-0.17996031518015787,0.004183655724556155,0.1800238766154175,ROLLING,ROLL,0.534476955785744,9.56720153570981
5.5999999999998264,-4.48313259888548,-1.2687388379155715,0.39993666458249444,-4.5,-1.8,0.39993666458249444,-0.002166891567900273,-0.17555013995924898,0.0041408923215588865,0.1756123402497606,ROLLING,ROLL,0.5315288623956892,9.567627821298224
5.615999999999825,-4.483166267992048,-1.2716151770830173,0.39993629407108794,-4.5,-1.8,0.39993629407108794,-0.0020257156984429306,-0.17129280278765965,0.0040971160126349075,0.1713537690585298,ROLLING,ROLL,0.5286529065675576,9.568043040505726
5.631999999999823,-4.483197716134074,-1.274421932889276,0.3999359366341214,-4.5,-1.8,0.3999359366341214,-0.0018948449331943548,-0.1671828654810598,0.004052534374825829,0.16724270980415898,ROLLING,ROLL,0.5258465758859288,9.568447637225162
5.647999999999821,-4.4832271069093546,-1.2771615225607913,0.39993559163171727,-4.5,-1.8,0.39993559163171727,-0.0017736098980954715,-0.16321499711000875,0.004007333313407523,0.16327381815213218,ROLLING,ROLL,0.5231074492239431,9.568842036314015
5.663999999999819,-4.4832545931755465,-1.2798362743228413,0.3999352584681694,-4.5,-1.8,0.3999352584681694,-0.0016613787724146089,-0.1593839847520314,0.003961678918935065,0.15944186926500184,ROLLING,ROLL,0.520433194713845,9.569226644199501
5.679999999999818,-4.48328031766359,-1.2824484295638225,0.3999349365876473,-4.5,-1.8,0.3999349365876473,-0.0015575557486753727,-0.15568474213812963,0.003915719197372299,0.15574176630357964,ROLLING,ROLL,0.5178215675678101,9.569601849495953
5.695999999999816,-4.483304413564826,-1.2850001451177115,0.39993462547040265,-4.5,-1.8,0.39993462547040265,-0.001461579492637059,-0.15211231644323464,0.0038695856773950416,0.15216854708399746,ROLLING,ROLL,0.5152704077813829,9.569968023629476
5.711999999999814,-4.4833270050919865,-1.2874934956362716,0.3999343246294223,-4.5,-1.8,0.3999343246294223,-0.0013729216122860828,-0.14866189344518163,0.0038233948997518077,0.14871738911445248,ROLLING,ROLL,0.5127776377479141,9.570325521465435
5.727999999999812,-4.483348208014324,-1.2899304760261168,0.39993403360747365,-4.5,-1.8,0.39993403360747365,-0.0012910851436712877,-0.1453288012541106,0.0037772497940682524,0.14538361321280943,ROLLING,ROLL,0.510341259808844,9.570674681934886
5.743999999999811,-4.483368130167292,-1.29231300392892,0.39993375197449416,-4.5,-1.8,0.39993375197449416,-0.0012156030603494399,-0.14210851279357306,0.0037312409488635748,0.14216268588564274,ROLLING,ROLL,0.5079593537615082,9.571015828656668
5.759999999999809,-4.483386871937281,-1.2946429222258997,0.39993347932528367,-4.5,-1.8,0.39993347932528367,-0.0011460368122103214,-0.1389966471958919,0.0036854477807213314,0.13905022063060024,ROLLING,ROLL,0.5056300743432954,9.571349270552297
5.775999999999807,-4.483404526721994,-1.2969220015502698,0.3999332152774594,-4.5,-1.8,0.3999332152774594,-0.0010819748985226166,-0.13598897025732362,0.0036399396085976467,0.13604197830700096,ROLLING,ROLL,0.503351648708443,9.57167530245131
5.791999999999805,-4.483421181367117,-1.2991519427936042,0.3999329594696414,-4.5,-1.8,0.3999329594696414,-0.0010230314791960225,-0.13308139408316008,0.0035947766392686385,0.13313386670419744,ROLLING,ROLL,0.501122373911486,9.571994205684982
5.8079999999998035,-4.483436916579986,-1.301334379594105,0.39993271155983845,-4.5,-1.8,0.39993271155983845,-0.0009688450274764141,-0.13026997603894477,0.0035500108697551634,0.13032193942329853,ROLLING,ROLL,0.49894061440934484,9.572306248666813
5.823999999999802,-4.483451807321032,-1.3034708807965636,0.3999324712240085,-4.5,-1.8,0.3999324712240085,-0.0009190770265959418,-0.12755091711134173,0.003505686912446837,0.12760239417523986,ROLLING,ROLL,0.4968047995922349,9.572611687458398
5.8399999999998,-4.483465923173746,-1.305562952875409,0.3999322381547704,-4.5,-1.8,0.3999322381547704,-0.0008734107122709752,-0.12492055977077221,0.0034618427484154894,0.12497157058679441,ROLLING,ROLL,0.4947134213519799,9.572910766319637
5.855999999999798,-4.483479328694014,-1.3076120423136646,0.39993201206024864,-4.5,-1.8,0.39993201206024864,-0.0008315498623844387,-0.12237538541760862,0.0034185104142098357,0.1224259475958179,ROLLING,ROLL,0.49266503169488385,9.573203718242413
5.8719999999997965,-4.483492083739624,-1.30961953793189,0.3999317926630335,-4.5,-1.8,0.3999317926630335,-0.0007932176346976778,-0.11991201148440052,0.0033757166271105683,0.11996214050773497,ROLLING,ROLL,0.49065824040506306,9.573490765467163
5.887999999999795,-4.483504243780778,-1.311586773162302,0.3999315796992416,-4.5,-1.8,0.3999315796992416,-0.0007581554530053347,-0.11752718825820965,0.003333483353618025,0.11757689777690354,ROLLING,ROLL,0.4886917127630226,9.57377211998188
5.903999999999793,-4.483515860192436,-1.313515028264241,0.39993137291766395,-4.5,-1.8,0.39993137291766395,-0.0007261219417722578,-0.11521779547956101,0.003291828325663252,0.11526709756895032,ROLLING,ROLL,0.4867641673232918,9.574047984003291
5.919999999999791,-4.483526980529341,-1.3154055324780205,0.3999311720789924,-4.5,-1.8,0.3999311720789924,-0.0006968919089719264,-0.1129808387677152,0.003250765508733873,0.1130297441533954,ROLLING,ROLL,0.48487437375405973,9.574318550440116
5.9359999999997894,-4.483537648784495,-1.317259466114942,0.3999309769551123,-4.5,-1.8,0.3999309769551123,-0.0006702553765668037,-0.11081344591584633,0.003210305525853745,0.11086196416978793,ROLLING,ROLL,0.4830211507410142,9.574584003338336
5.951999999999788,-4.4835479056319425,-1.3190779625819176,0.39993078732845533,-4.5,-1.8,0.39993078732845533,-0.0006460166578431606,-0.10871286309422107,0.0031704560411201037,0.10876100280511274,ROLLING,ROLL,0.48120336395691893,9.574844518308653
5.967999999999786,-4.4835577886546005,-1.3208621103397222,0.39993060299140465,-4.5,-1.8,0.39993060299140465,-0.0006239934806179515,-0.10667645099455338,0.00313122210619803,0.10672421991532918,ROLLING,ROLL,0.4794199240978949,9.575100262936282
5.983999999999784,-4.483567332557923,-1.3226129547943801,0.3999304237457463,-4.5,-1.8,0.3999304237457463,-0.0006040161551778269,-0.1047016809443,0.003092606472966044,0.10474908611951869,ROLLING,ROLL,0.47766978498688245,9.575351397173355
5.999999999999782,-4.48357656937015,-1.3243315001216296,0.3999302494021619,-4.5,-1.8,0.3999302494021619,-0.0005859267856836077,-0.10278613101572698,0.0030546098752622206,0.10283317889120427,ROLLING,ROLL,0.4759519417443244,9.575598073714295
6.015999999999781,-4.483585528629837,-1.326018711024767,0.3999300797797583,-4.5,-1.8,0.3999300797797583,-0.0005695785236715404,-0.10092748215105907,0.0030172312824456016,0.10097417866790867,ROLLING,ROLL,0.4742654290257569,9.575840438354488
6.031999999999779,-4.4835942375613795,-1.3276755144264885,0.39992991470562955,-4.5,-1.8,0.39992991470562955,-0.0005548348622101075,-0.09912351432189287,0.002980468127292553,0.09916986499690635,ROLLING,ROLL,0.4726093193256718,9.576078630332724
6.047999999999777,-4.483602721239194,-1.3293028010956076,0.3999297540144487,-4.5,-1.8,0.3999297540144487,-0.0005415689692155163,-0.09737210273826633,0.0029443165105617866,0.0974181127323573,ROLLING,ROLL,0.47098272134676106,9.576312782657848
6.063999999999775,-4.483611002741203,-1.3309014272097501,0.39992959754808605,-4.5,-1.8,0.39992959754808605,-0.0005296630583918687,-0.09567121412030527,0.0029087713843285196,0.09571688829655409,ROLLING,ROLL,0.46938477843342796,9.576543022420092
6.079999999999774,-4.483619103292226,-1.3324722158553068,0.39992944515525136,-4.5,-1.8,0.39992944515525136,-0.0005190077962429059,-0.0940189030431731,0.0028738267160763192,0.09406424601583846,ROLLING,ROLL,0.46781466706827135,9.576769471087607
6.095999999999772,-4.483627042397888,-1.3340159584660798,0.399929296691158,-4.5,-1.8,0.399929296691158,-0.0005095017435967559,-0.09241330836411431,0.0028394756353269514,0.09245832453982293,ROLLING,ROLL,0.4662715954300957,9.57699224478869
6.11199999999977,-4.483634837969584,-1.33553341620217,0.39992915201720697,-4.5,-1.8,0.39992915201720697,-0.0005010508300891817,-0.09085264973867178,0.0028057105644536287,0.09089734335085706,ROLLING,ROLL,0.46475480201188724,9.577211454580244
6.127999999999768,-4.4836425064410586,-1.3370253212707561,0.39992901100068906,-4.5,-1.8,0.39992901100068906,-0.0004935678600662042,-0.08933522423165399,0.002772523335195698,0.08937959936918824,ROLLING,ROLL,0.4632635542970949,9.577427206702998
6.1439999999997665,-4.48365006287709,-1.3384923781904794,0.399928873514504,-4.5,-1.8,0.399928873514504,-0.00048697204839072113,-0.08785940302711107,0.002739905292224721,0.08790346365796178,ROLLING,ROLL,0.46179714749249223,9.577639602823998
6.159999999999765,-4.4836575210747736,-1.3399352650012024,0.39992873943689483,-4.5,-1.8,0.39992873943689483,-0.00048118858466906367,-0.08642362824042472,0.002707847385051977,0.08646737823106404,ROLLING,ROLL,0.4603549033158389,9.577848740266885
6.175999999999763,-4.483664893657867,-1.3413546344209484,0.3999286086511967,-4.5,-1.8,0.3999286086511967,-0.0004761482244480642,-0.08502640983461356,0.0026763402493940555,0.08506985296581769,ROLLING,ROLL,0.45893616883652866,9.578054712230518
6.191999999999761,-4.483672192164624,-1.342751114951839,0.399928481045599,-4.5,-1.8,0.399928481045599,-0.0004717869059733071,-0.08366632264208278,0.0026453742790477604,0.0837094626216773,ROLLING,ROLL,0.45754031536739515,9.578257607996402
6.2079999999997595,-4.483679427129537,-1.3441253119368641,0.39992835651291964,-4.5,-1.8,0.39992835651291964,-0.00046804539114459896,-0.08234200349229581,0.002614939689229901,0.08238484396532979,ROLLING,ROLL,0.45616673740583236,9.578457513125452
6.223999999999758,-4.483686608159364,-1.3454778085693055,0.39992823495039115,-4.5,-1.8,0.39992823495039115,-0.0004648689293509265,-0.08105214844519791,0.002585026572239271,0.08109469300196565,ROLLING,ROLL,0.45481485162240143,9.578654509644542
6.239999999999756,-4.483693744003837,-1.3468091668566249,0.39992811625945757,-4.5,-1.8,0.39992811625945757,-0.0004622069429144846,-0.07979551012967012,0.002555624946216299,0.07983776231194163,ROLLING,ROLL,0.4534840958951029,9.578848676223387
6.255999999999754,-4.48370084262136,-1.3481199285406076,0.39992800034558135,-4.5,-1.8,0.39992800034558135,-0.0004600127329236934,-0.07857089518582294,0.0025267247977271805,0.07861285849159459,ROLLING,ROLL,0.45217392838751697,9.57904008834212
6.271999999999752,-4.483707911240057,-1.349410615975521,0.39992788711805993,-4.5,-1.8,0.39992788711805993,-0.00045824320428605904,-0.07737716180954492,0.002498316118801671,0.07741883969657666,ROLLING,ROLL,0.45088382666904486,9.579228818450089
6.287999999999751,-4.48371495641078,-1.3506817348756754,0.3999277787285174,-4.5,-1.8,0.3999277787285174,-0.00045685841989414103,-0.0762132708538694,0.002470460806320658,0.07625466904037191,ROLLING,ROLL,0.44961328496724345,9.57941493638188
6.303999999999749,-4.483721983988086,-1.3519338124732798,0.3999277021299603,-2.0,-0.5,0.3999277021299603,-0.00045581165957288164,-0.07508116870170399,0.002445334691905505,0.07512236231401521,ROLLING,ROLL,2.6257696232878027,9.579598514702349
6.319999999999747,-4.48357959671837,-1.3531101456259036,0.3999269276425689,-2.0,-0.5,0.3999269276425689,0.010355699382712589,-0.06986499159826794,0.0021782616093231626,0.0706618877781355,ROLLING,ROLL,2.6260168571061437,9.579623637361163
6.335999999999745,-4.483147544592854,-1.3541593522734914,0.39992526849575616,-2.0,-0.5,0.39992526849575616,0.028033582819392503,-0.06197749849623606,0.0018008265917421025,0.06804656539426665,ROLLING,ROLL,2.6259493382953507,9.579344179215362
6.351999999999744,-4.482397572896007,-1.3550733600827258,0.3999239374409104,-2.0,-0.5,0.3999239374409104,0.046739236760729455,-0.053825888511990445,0.0014937150963438227,0.07130227003307675,ROLLING,ROLL,2.6255376898919485,9.578730998502357
6.367999999999742,-4.481332708822195,-1.355854083681107,0.3999231597473373,-2.0,-0.5,0.3999231597473373,0.06531660441432723,-0.04579346010691135,0.0011964336702319142,0.0797792658170546,ROLLING,ROLL,2.624785367306157,9.577787334850171
6.38399999999974,-4.479956033319151,-1.3565031629262962,0.3999229960761793,-2.0,-0.5,0.3999229960761793,0.08376083934076085,-0.03786815543791385,0.0009154490033468626,0.09192776212992723,ROLLING,ROLL,2.6236957893968587,9.57651644517427
6.399999999999738,-4.478269735881478,-1.35702214307207,0.3999241595517552,-2.0,-0.5,0.3999241595517552,0.1021058460490928,-0.030041603224867427,0.0006982950766016446,0.10643584611274254,ROLLING,ROLL,2.622271503392029,9.574920693296349
6.415999999999737,-4.476275812495315,-1.3574124854936538,0.39992648404033243,-2.0,-0.5,0.39992648404033243,0.12034398799785265,-0.02230876776006441,0.0004750717433989252,0.12239518887342414,ROLLING,ROLL,2.6205148482368377,9.573002242257013
6.431999999999735,-4.473976246348818,-1.3576755986792195,0.39992948920548277,-2.0,-0.5,0.39992948920548277,0.1384747574774221,-0.014667158458146598,0.0002396567050226584,0.1392495652812012,ROLLING,ROLL,2.618428135364411,9.570763237465998
6.447999999999733,-4.471373002795253,-1.3578128312577382,0.3999328474323834,-2.0,-0.5,0.3999328474323834,0.15649813028828125,-0.007113753974238774,4.860130453962551e-06,0.15665972776356635,ROLLING,ROLL,2.6160136414811834,9.56820580060896
6.463999999999731,-4.468468020977623,-1.357825467470499,0.39993637040262087,-2.0,-0.5,0.39993637040262087,0.17441470506771328,0.0003548180177277972,-0.0002189639269147051,0.17441520342242073,ROLLING,ROLL,2.6132735989999523,9.565332020603748
6.4799999999997295,-4.465263204688518,-1.3577147222286825,0.3999399552978767,-2.0,-0.5,0.3999399552978767,0.19222574562034175,0.007742313293536936,-0.0004248646139993281,0.19238207090155737,ROLLING,ROLL,2.6102101856208684,9.562143943749586
6.495999999999728,-4.461760412675578,-1.357481735308038,0.39994354785311403,-2.0,-0.5,0.39994354785311403,0.20993321395316952,0.01505291127747474,-0.0006081110031165896,0.21047307252384304,ROLLING,ROLL,2.6068255131104414,9.558643563213854
6.511999999999726,-4.457961467755717,-1.357127565457491,0.3999471473745325,-2.0,-0.5,0.3999471473745325,0.2275385986339279,0.02229120461896735,-0.000763923447066616,0.22862916535448705,ROLLING,ROLL,2.6031216338156242,9.554832827133945
6.527999999999724,-4.453868328684248,-1.3566531825301837,0.3999510370430986,-2.0,-0.5,0.3999510370430986,0.24502516260518878,0.029462358458578187,-0.0008685515287059878,0.2467916434107909,ROLLING,ROLL,2.599100700176643,9.550713807552206
6.5439999999997225,-4.449482722841219,-1.3560594464496019,0.39995527443707174,-2.0,-0.5,0.39995527443707174,0.26241459237859294,0.03657202106721279,-0.0009441173814543398,0.26495249078994093,ROLLING,ROLL,2.594764610779411,9.546288333775587
6.559999999999721,-4.444806210140778,-1.3553466860599488,0.3999602564328388,-2.0,-0.5,0.3999602564328388,0.27971038987281915,0.04365888286534334,-0.0009535689880822366,0.2830987628896836,ROLLING,ROLL,2.5901149315226637,9.541557995763979
6.575999999999719,-4.439840136017713,-1.3545146726279924,0.3999660529672305,-2.0,-0.5,0.3999660529672305,0.2969274621398247,0.050750764474918365,-0.000933857087803731,0.3012348418703356,ROLLING,ROLL,2.5851528417212504,9.536524093816123
6.591999999999717,-4.434585655951137,-1.3535630506874528,0.39997238662705914,-2.0,-0.5,0.39997238662705914,0.3140769819380249,0.05785375416223013,-0.0008967168287078396,0.3193621949370856,ROLLING,ROLL,2.579879299049066,9.53118772408063
6.607999999999715,-4.4290437913098275,-1.3524913552130757,0.3999790476272353,-2.0,-0.5,0.3999790476272353,0.3311673991736876,0.06497405998667477,-0.0008347154863671867,0.3374821054464366,ROLLING,ROLL,2.5742950978498653,9.525549836327796
6.623999999999714,-4.423215962800785,-1.3512995867261044,0.39998658301895895,-2.0,-0.5,0.39998658301895895,0.34816555438415336,0.07206949901628687,-0.0006920942891974712,0.35554710650290566,ROLLING,ROLL,2.5684015629828156,9.519611843697708
6.639999999999712,-4.417105263529825,-1.3499886682658067,0.3999959868395442,-2.0,-0.5,0.3999959868395442,0.36495843604126427,0.07908292678078792,-0.0004565282424459649,0.37342867828266374,ROLLING,ROLL,2.5622019028881904,9.513376947690405
6.65599999999971,-4.410742867060094,-1.3485645453683555,0.3997642419896347,-2.0,-0.5,0.3997642419896347,0.37602236905621217,0.0849708733820158,-0.040627347697605426,0.38763830142916855,ROLLING,ROLL,2.555727481312772,9.506876860617634
6.671999999999708,-4.404085344974025,-1.3470175140296148,0.3997723837926923,-2.0,-0.5,0.3997723837926923,0.39757938595760317,0.09297484743429578,0.0031339739405030686,0.4083179057872862,ROLLING,ROLL,2.5489340938894016,9.500067229165158
6.687999999999707,-4.3971487190058465,-1.3453519674271652,0.3998791972801313,-2.0,-0.5,0.3998791972801313,0.4139886904301616,0.09987130265316119,0.006268265576480468,0.42591102832758015,ROLLING,ROLL,2.5418382973478764,9.492964550833072
6.703999999999705,-4.389943205283651,-1.3435677318583177,0.39995819009503547,-2.0,-0.5,0.39995819009503547,0.42995487921442976,0.10681595503917002,0.004514321317257892,0.44304765602379653,ROLLING,ROLL,2.534449652826838,9.485578930594773
6.719999999999703,-4.3824724157556725,-1.3416646856059264,0.40000922929900823,-2.0,-0.5,0.40000922929900823,0.445717712121487,0.11374745703693784,0.003202979279493458,0.46001415408381474,ROLLING,ROLL,2.5267715082359135,9.477913945643213
6.735999999999701,-4.374770771343287,-1.3396555280610205,0.39977131073500294,-2.0,-0.5,0.39977131073500294,0.46009163244116014,0.12025191988078617,-0.005390764690735334,0.4755774330446489,ROLLING,ROLL,2.518840531321866,9.470005488335095
6.7519999999997,-4.366780972583584,-1.3375171941258224,0.39987333162735506,-2.0,-0.5,0.39987333162735506,0.47662363273481745,0.12742873473001573,0.008283529994585839,0.49343366989434156,ROLLING,ROLL,2.5105949937495065,9.461793594923538
6.767999999999698,-4.358534344383414,-1.3352596080457775,0.39997296091517354,-2.0,-0.5,0.39997296091517354,0.4918897346187349,0.13433925215155212,0.007544067904370723,0.5099602520319338,ROLLING,ROLL,2.5020677182020647,9.453310705561437
6.783999999999696,-4.3500582489065795,-1.332895944701802,0.399809339049066,-2.0,-0.5,0.399809339049066,0.5022257962534667,0.13860110682219148,-0.0321399988368311,0.521990418264547,ROLLING,ROLL,2.4932888777585656,9.444585795965247
6.799999999999694,-4.341314575796658,-1.3304028177157259,0.39984636489012265,-2.0,-0.5,0.39984636489012265,0.5216991104240132,0.1480445487423052,0.008036706053386349,0.5423575747361772,ROLLING,ROLL,2.484214721498144,9.435577865789517
6.8159999999996925,-4.332317359964865,-1.3277861705265015,0.39996413096525907,-2.0,-0.5,0.39996413096525907,0.5367179749868877,0.15508606035181333,0.010743602059580984,0.5587783959448381,ROLLING,ROLL,2.4748604428751952,9.426301683149283
6.831999999999691,-4.323095792995294,-1.3250647687417287,0.3998247606392386,-2.0,-0.5,0.3998247606392386,0.5471350006404222,0.15885451326580208,-0.028177108391463035,0.5704256434873997,ROLLING,ROLL,2.4652598110648047,9.416788826703458
6.847999999999689,-4.313614832255719,-1.3222096311545992,0.399873347172848,-2.0,-0.5,0.399873347172848,0.5658706601932103,0.16891846492349116,0.010798007668834805,0.590643419356573,ROLLING,ROLL,2.4553700881123888,9.40700056087655
6.863999999999687,-4.3038875423877485,-1.3192278918584304,0.39999754986431185,-2.0,-0.5,0.39999754986431185,0.5805465034184422,0.17606393236548176,0.013482488607616219,0.6068068295680519,ROLLING,ROLL,2.4452059518102494,9.396950868875242
6.8799999999996855,-4.293941326011893,-1.3161444065809171,0.3998346996526773,-2.0,-0.5,0.3998346996526773,0.593248807029235,0.181373052082985,-0.006742240532243108,0.6203916415224356,ROLLING,ROLL,2.434801531866308,9.386670414493413
6.895999999999684,-4.283737384783085,-1.312915946825727,0.3999361845544495,-2.0,-0.5,0.3999361845544495,0.6094006209581181,0.1902627049683258,0.015450456632512367,0.6385982542539224,ROLLING,ROLL,2.424105768991826,9.376114766418358
6.911999999999682,-4.273311372125025,-1.309579894610445,0.399836766696856,-2.0,-0.5,0.399836766696856,0.6204570574187652,0.19358829558304094,-0.020528514384632553,0.6502805611352225,ROLLING,ROLL,2.4131647685954687,9.365324516788045
6.92799999999968,-4.262636275651614,-1.3061007555025148,0.3999103690586222,-2.0,-0.5,0.3999103690586222,0.6381029821397731,0.204673384215281,0.017003878884746772,0.6703400196310338,ROLLING,ROLL,2.40194116162664,9.354268007628466
6.943999999999678,-4.25173299028136,-1.3025016406537462,0.39990428206173156,-2.0,-0.5,0.39990428206173156,0.6525128161213293,0.21220697506021546,0.019424457325255558,0.6864270427432002,ROLLING,ROLL,2.3904623700810244,9.342969220080208
6.959999999999677,-4.240593736454503,-1.2987680799109063,0.3999003874326318,-2.0,-0.5,0.3999003874326318,0.6666384156085169,0.21938639693092862,0.016416512465132878,0.702001901852756,ROLLING,ROLL,2.378716195203561,9.331418494934072
6.975999999999675,-4.229224078999098,-1.294903667735416,0.39989975370228253,-2.0,-0.5,0.39989975370228253,0.6811291190332911,0.22741517074007922,0.02246315252497009,0.7184421548734224,ROLLING,ROLL,2.366709072820019,9.319621913419631
6.991999999999673,-4.217620114208999,-1.2909001544242042,0.399907466023988,-2.0,-0.5,0.399907466023988,0.6953345436752583,0.23483361063115885,0.019683637282483714,0.7341828095827461,ROLLING,ROLL,2.3544345446863804,9.30757453789991
7.007999999999671,-4.205787395864715,-1.286761079231298,0.39991595317066037,-2.0,-0.5,0.39991595317066037,0.7098027856351126,0.2431436515990016,0.025630362772022904,0.7507301414650192,ROLLING,ROLL,2.3418990224919685,9.295282440726917
7.02399999999967,-4.193721643091012,-1.2824777533754,0.39992839585908974,-2.0,-0.5,0.39992839585908974,0.7241364092921635,0.25085151073793904,0.02270252740797616,0.7666912184528814,ROLLING,ROLL,2.3290955501853805,9.28274026559738
7.039999999999668,-4.181430430766818,-1.2780611241604567,0.399863065262016,-2.0,-0.5,0.399863065262016,0.7369343010120879,0.2550419375218909,-0.007696910076204665,0.779857548740676,ROLLING,ROLL,2.3160349386840737,9.269957119215883
7.055999999999666,-4.168901277015284,-1.2734803260036114,0.3999687116797983,-2.0,-0.5,0.3999687116797983,0.7532777954859249,0.267701482411568,0.029568145247707817,0.7999786222586672,ROLLING,ROLL,2.3026950653860316,9.256916482737152
7.071999999999664,-4.156148378256721,-1.2687715443678298,0.39987662672207397,-2.0,-0.5,0.39987662672207397,0.7674235336412844,0.27427564020222267,0.012926085664195005,0.8150663104836396,ROLLING,ROLL,2.2891014648741077,9.243637506763811
7.087999999999663,-4.143160477654893,-1.2638851567063376,0.4000290885253644,-2.0,-0.5,0.4000290885253644,0.7825413315950264,0.28514174692073474,0.03438815045132103,0.8335822073334987,ROLLING,ROLL,2.275226882229158,9.230102340141904
7.103999999999661,-4.129948898547391,-1.2588689804372695,0.39992299997280006,-2.0,-0.5,0.39992299997280006,0.7972516224074043,0.2932024464082994,0.02630525634716674,0.8498645718716249,ROLLING,ROLL,2.26109806065397,9.216328878680159
7.119999999999659,-4.116509698486777,-1.2536890844886044,0.39986873914109566,-2.0,-0.5,0.39986873914109566,0.8111902427527335,0.2988899954619201,0.0010766068067057828,0.8645033246938276,ROLLING,ROLL,2.246699922078126,9.202308699623662
7.135999999999657,-4.102840220110583,-1.2483279729012535,0.3999980271508309,-2.0,-0.5,0.3999980271508309,0.8269199919424438,0.31256770996258487,0.039386171240075894,0.8848991563281652,ROLLING,ROLL,2.232024136594679,9.188036939455056
7.1519999999996555,-4.088948081778775,-1.2428217339375778,0.39992237160412414,-2.0,-0.5,0.39992237160412414,0.8417255486152034,0.3202501247115167,0.022282267687416375,0.9008654400200958,ROLLING,ROLL,2.217090033529819,9.173526208368168
7.167999999999654,-4.074831512083656,-1.2371367518514946,0.39993742283377304,-2.0,-0.5,0.39993742283377304,0.8566426997889275,0.33211437195275206,0.0438012324312296,0.9198126000016135,ROLLING,ROLL,2.201884736871011,9.158770349533182
7.183999999999652,-4.0604924457108575,-1.2312727196559141,0.3999896693810545,-2.0,-0.5,0.3999896693810545,0.8716234219537804,0.341902037980874,0.04205991488753465,0.9372264559402064,ROLLING,ROLL,2.1864100505953745,9.143771424797995
7.19999999999965,-4.04593464923237,-1.2252450073891354,0.3999196853379806,-2.0,-0.5,0.3999196853379806,0.8866374486109927,0.3505890113687871,0.028247619229008838,0.9538535255289784,ROLLING,ROLL,2.1706747590720377,9.128535425045728
7.2159999999996485,-4.0311528714530045,-1.2190351872375071,0.39986783229040057,-2.0,-0.5,0.39986783229040057,0.9019645254579254,0.3588242548350849,0.011719099392132226,0.9707894665338397,ROLLING,ROLL,2.1546678601811147,9.113054865152357
7.231999999999647,-4.016143107093813,-1.2126217970062878,0.40003099223179894,-2.0,-0.5,0.40003099223179894,0.9179197090636386,0.3737343399481255,0.05228552006516447,0.9924654778643037,ROLLING,ROLL,2.138378557190089,9.09732313101882
7.247999999999645,-4.000902327111424,-1.2060421850780572,0.3999687208078197,-2.0,-0.5,0.3999687208078197,0.9341323413391656,0.3840003805720828,0.04503960376485696,1.0109837235695693,ROLLING,ROLL,2.121816601346523,9.081342436797971
7.263999999999643,-3.985426619895741,-1.1992708981951614,0.39991059715116556,-2.0,-0.5,0.39991059715116556,0.9507885569591651,0.3941461918114201,0.035807178118522597,1.029870018288108,ROLLING,ROLL,2.1049699883972917,9.065105748351137
7.279999999999641,-3.969713553044779,-1.1923038024038246,0.3998867142000071,-2.0,-0.5,0.3998867142000071,0.9679347169708119,0.40341771890381206,0.019340517586242528,1.048817204217887,ROLLING,ROLL,2.087835251132397,9.048610367393538
7.29599999999964,-3.953779323247191,-1.1851367478918655,0.3999180918359663,-2.0,-0.5,0.3999180918359663,0.9834685668756645,0.4188516220428048,0.060048837475201164,1.070632040526756,ROLLING,ROLL,2.0704265278584733,9.031872080616102
7.311999999999638,-3.9376328783812813,-1.1777631931552022,0.40003124526460143,-2.0,-0.5,0.40003124526460143,0.9990392308926023,0.43043585931118883,0.05930401907852621,1.0894362673063118,ROLLING,ROLL,2.0527503787309516,9.01489920120426
7.327999999999636,-3.9212710936305206,-1.1702018997753791,0.39999419394794955,-2.0,-0.5,0.39999419394794955,1.0148142538300622,0.44201512775718177,0.05520181032525827,1.1082745972032604,ROLLING,ROLL,2.0348103601276324,8.997691393478963
7.343999999999634,-3.9046944348250237,-1.1624356818085089,0.3999698412595414,-2.0,-0.5,0.3999698412595414,1.031148013933608,0.4534285306773896,0.0459037176583188,1.127373412124987,ROLLING,ROLL,2.0166015775523234,8.980247195481056
7.359999999999633,-3.887898924562761,-1.1544643139122848,0.39992001323504806,-2.0,-0.5,0.39992001323504806,1.0477452423273135,0.46627883714999196,0.04658578179746801,1.147761422012062,ROLLING,ROLL,1.9981205888409004,8.9625629785983
7.375999999999631,-3.870875557973799,-1.1462778809065477,0.39993679730411824,-2.0,-0.5,0.39993679730411824,1.0658875316841443,0.47840327560066365,0.031008888527312487,1.168737556285782,ROLLING,ROLL,1.9793560702341637,8.9446288992508
7.391999999999629,-3.8536151460594223,-1.1378729577301654,0.39989390927873736,-2.0,-0.5,0.39989390927873736,1.083886954946152,0.4939738260531494,0.028815222426413014,1.1914912458644051,ROLLING,ROLL,1.960298706805757,8.926435796131981
7.407999999999627,-3.836140299776331,-1.1292336685988555,0.39994097095681364,-2.0,-0.5,0.39994097095681364,1.0986925096035727,0.5150824812275093,0.07202403113657349,1.2155750302583737,ROLLING,ROLL,1.9409652779380393,8.908004494589605
7.423999999999626,-3.8185023055465894,-1.1203585202295587,0.40004624303690833,-2.0,-0.5,0.40004624303690833,1.1113748440557076,0.5335391712776845,0.0685801405692166,1.234715079266476,ROLLING,ROLL,1.9214045198499115,8.889386150167033
7.439999999999624,-3.800726703623428,-1.1112659968192793,0.399974239232025,-2.0,-0.5,0.399974239232025,1.1220970593194157,0.5523634184853023,0.06197008768750199,1.2522170132936408,ROLLING,ROLL,1.901647385823661,8.870608920900372
7.455999999999622,-3.7828367542449284,-1.1019378335532604,0.39989886368460353,-2.0,-0.5,0.39989886368460353,1.1319563010707812,0.5711412283010813,0.050405085475324615,1.2688845663971517,ROLLING,ROLL,1.881710936288936,8.851694100042751
7.47199999999962,-3.7648399613801558,-1.0923610998119029,0.3999305107997112,-2.0,-0.5,0.3999305107997112,1.1404411305939766,0.5926868436286641,0.07134692005308654,1.2872350406829507,ROLLING,ROLL,1.8615992484567339,8.8326480922195
7.4879999999996185,-3.746724452220586,-1.0825325853655876,0.3999848573941619,-2.0,-0.5,0.3999848573941619,1.1505463892785894,0.6125935763129797,0.06645713627065081,1.3051606930118689,ROLLING,ROLL,1.841301312930076,8.813459334532146
7.503999999999617,-3.728468739317802,-1.0724667913928079,0.3998895045031251,-2.0,-0.5,0.3998895045031251,1.1618701558020488,0.6316039621867663,0.048432304629708656,1.3233334848499996,ROLLING,ROLL,1.8208026828974215,8.794108911759535
7.519999999999615,-3.7100926261931266,-1.0621860756341364,0.3999029554791053,-2.0,-0.5,0.3999029554791053,1.1711147857649384,0.6494595274516717,0.06980540644566352,1.3409624580889843,ROLLING,ROLL,1.8001305435431663,8.774619810347051
7.535999999999613,-3.691599385274535,-1.0517507364378673,0.39995195889515434,-2.0,-0.5,0.39995195889515434,1.1810960169272915,0.6620164262274532,0.0647964126840973,1.3555265120583992,ROLLING,ROLL,1.77930811143571,8.75500311169004
7.5519999999996115,-3.6730095890720342,-1.0412242515186192,0.399862343587987,-2.0,-0.5,0.399862343587987,1.1893059619211337,0.6701432592718941,0.04619877575359878,1.3658971359109886,ROLLING,ROLL,1.7583756070757084,8.73528724622642
7.56799999999961,-3.6543602393075534,-1.030663834716799,0.4000436046360252,-2.0,-0.5,0.4000436046360252,1.1953081198743976,0.6744746672103028,0.06661207738197915,1.3740868775296775,ROLLING,ROLL,1.7373865162588558,8.71551599688169
7.583999999999608,-3.6356591823329762,-1.0200953622764772,0.39992645769531127,-2.0,-0.5,0.39992645769531127,1.2005502270713972,0.6770716015695155,0.05318908205614811,1.379338928553482,ROLLING,ROLL,1.716356649013159,8.695700320362347
7.599999999999606,-3.616926435780566,-1.0095440128522473,0.39985969884658074,-2.0,-0.5,0.39985969884658074,1.2053367512196682,0.677915886623535,0.021401193939256578,1.3830634997278264,ROLLING,ROLL,1.6953130093760316,8.675863087528514
7.615999999999604,-3.5981771824593345,-0.999079050909518,0.399992317496551,-2.0,-0.5,0.399992317496551,1.2080981665571227,0.6732009919855803,0.059281957313977535,1.384274216371896,ROLLING,ROLL,1.6742909560737649,8.656027368887566
7.631999999999603,-3.579420809998642,-0.9887181443771079,0.3999006014176455,-2.0,-0.5,0.3999006014176455,1.2105024977244239,0.6677394863951777,0.03636288293128073,1.382936939250463,ROLLING,ROLL,1.6533044243877684,8.636204316947246
7.647999999999601,-3.560676342220051,-0.9785060657714456,0.39990624277614933,-2.0,-0.5,0.39990624277614933,1.2116489564911967,0.6589041826727912,0.05513016346300167,1.3803214301869555,ROLLING,ROLL,1.6323843604204937,8.616417675403019
7.663999999999599,-3.5419438208221865,-0.9684642817966821,0.3999487368195311,-2.0,-0.5,0.3999487368195311,1.2129865100251296,0.6493260863597633,0.04864965366064921,1.3767089121275897,ROLLING,ROLL,1.6115363880133158,8.596669547167572
7.679999999999597,-3.523241011503242,-0.9586000591208051,0.3999022109886549,-2.0,-0.5,0.3999022109886549,1.212741059821535,0.6404346264712039,0.011098487477651763,1.3715030314894174,ROLLING,ROLL,1.5907788008868566,8.576977988401113
7.695999999999596,-3.504596738031217,-0.9489562823978767,0.40002260171446963,-2.0,-0.5,0.40002260171446963,1.2103951394662344,0.6254692929169405,0.045648070832664006,1.3632138410375119,ROLLING,ROLL,1.5701506576117783,8.557375982299343
7.711999999999594,-3.4860213967028244,-0.9395174963770514,0.3999103542576894,-2.0,-0.5,0.3999103542576894,1.2073479093259794,0.61204078575985,0.0341199978690102,1.354048400849072,ROLLING,ROLL,1.5496564848637147,8.537871647623707
7.727999999999592,-3.4675275415854205,-0.9303198933157999,0.3998579653561865,-2.0,-0.5,0.3998579653561865,1.2037135140120128,0.599625311001196,0.002762909954906065,1.344799007688453,ROLLING,ROLL,1.52931759157314,8.51848095445466
7.74399999999959,-3.449130047947823,-0.92138216281021,0.3999900646549809,-2.0,-0.5,0.3999900646549809,1.1984904176150453,0.5814944720030847,0.03781251112940986,1.332645822446138,ROLLING,ROLL,1.5091523524813093,8.49922017935055
7.759999999999589,-3.430834435510373,-0.9126773463422014,0.39990116083647853,-2.0,-0.5,0.39990116083647853,1.192927386286709,0.5667075118458265,0.014830179263671986,1.3207774555739202,ROLLING,ROLL,1.489157404046439,8.480091344880298
7.775999999999587,-3.4126552990199737,-0.9042424544642026,0.39990247975719084,-2.0,-0.5,0.39990247975719084,1.186204977267723,0.5486456239537707,0.03210162720716937,1.3073349927419864,ROLLING,ROLL,1.4693559663473157,8.461112432569626
7.791999999999585,-3.3945900245407516,-0.8960775463471148,0.39993758600652735,-2.0,-0.5,0.39993758600652735,1.1799846086091945,0.5318544218028093,0.02534082352595878,1.294555892915701,ROLLING,ROLL,1.4497443772158334,8.442280299136398
7.807999999999583,-3.3766472553029616,-0.8881688340695699,0.3998833499774444,-2.0,-0.5,0.3998833499774444,1.173124928338434,0.5176063742314273,-0.011587249261099313,1.282291979417909,ROLLING,ROLL,1.4303260849457047,8.423601552636919
7.8239999999995815,-3.3588546497779754,-0.8805406918824501,0.3999928140938129,-2.0,-0.5,0.3999928140938129,1.163404255212131,0.49752340640067894,0.022102681415878588,1.2655147290679791,ROLLING,ROLL,1.4111332954053626,8.405105767697137
7.83999999999958,-3.3412065145164083,-0.8731571256772263,0.39987988196534524,-2.0,-0.5,0.39987988196534524,1.1544306254563554,0.481500421447873,-0.0006612683641317885,1.2508209952354816,ROLLING,ROLL,1.3921498321031907,8.386783023539591
7.855999999999578,-3.3237309981181204,-0.8660637944780637,0.4000220292854614,-2.0,-0.5,0.4000220292854614,1.1436146371160818,0.46273208591427195,0.017519709822939364,1.2338080733213739,ROLLING,ROLL,1.3734141607710595,8.368665617954766
7.871999999999576,-3.3064125971069513,-0.8592135108500685,0.3998762026868943,-2.0,-0.5,0.3998762026868943,1.1330925424080904,0.4457499194377376,0.004170174627179966,1.2176243635440287,ROLLING,ROLL,1.3548978634040878,8.350732787642313
7.8879999999995745,-3.2892874748410437,-0.8526497800923459,0.4000326389218488,-2.0,-0.5,0.4000326389218488,1.121223077522011,0.4280002095538597,0.012587725686889924,1.2002015746465446,ROLLING,ROLL,1.3366465726515648,8.333024570229474
7.903999999999573,-3.2723319037663874,-0.846325373608771,0.3998623689529901,-2.0,-0.5,0.3998623689529901,1.1096011036452036,0.41125953299021745,-0.0020143827195795863,1.1833651466997523,ROLLING,ROLL,1.3186241836653287,8.315512116766184
7.919999999999571,-3.2555856226619455,-0.8402741389122564,0.4000065001027058,-2.0,-0.5,0.4000065001027058,1.0965972835515023,0.3941755280474514,0.007236832749090358,1.1653121131062953,ROLLING,ROLL,1.3008772983828503,8.298238041995864
7.935999999999569,-3.2390201878867044,-0.8344548216367692,0.3998210083747771,-2.0,-0.5,0.3998210083747771,1.0840619352300507,0.37801476288398483,-0.006989963029494659,1.1481003004773196,ROLLING,ROLL,1.2833670767582,8.28116951316404
7.951999999999567,-3.2226748805703602,-0.8288906818084686,0.3999651859153426,-2.0,-0.5,0.3999651859153426,1.070184277986998,0.3618696369876626,0.003024801951272386,1.129713756865419,ROLLING,ROLL,1.2661370163446704,8.264347642370309
7.967999999999566,-3.2065236280012117,-0.8235469066116929,0.39982018770654665,-2.0,-0.5,0.39982018770654665,1.0583637131226005,0.34802308226076856,-0.04489759561340598,1.1150200039159874,ROLLING,ROLL,1.2491524589509488,8.247742695085234
7.983999999999564,-3.1905854154750166,-0.8184319122664151,0.3998761237769696,-2.0,-0.5,0.3998761237769696,1.043035129671272,0.3319233895003795,-0.003807478163578011,1.0945820732662097,ROLLING,ROLL,1.2324335739874437,8.23137414064068
7.999999999999562,-3.1748586975702917,-0.8135280150030874,0.4000069636911623,-2.0,-0.5,0.4000069636911623,1.0288923949364805,0.31782552219252796,-0.004218343348476945,1.0768706595203,ROLLING,ROLL,1.215974002784738,8.215238435762867
8.015999999999561,-3.1593310752871155,-0.8088246994328105,0.39978780197849934,-2.0,-0.5,0.39978780197849934,1.015041040340073,0.3039957859129241,-0.01803514657955434,1.059739127304272,ROLLING,ROLL,1.199758824558563,8.199321983588556
8.03199999999956,-3.1440266502447973,-0.8043242329129636,0.3999197369819214,-2.0,-0.5,0.3999197369819214,1.0003766273984942,0.2908510337775489,-0.006477892925088493,1.0418203701173265,ROLLING,ROLL,1.183811731318961,8.183648792045545
8.047999999999558,-3.128928674431517,-0.800005209501526,0.39985870982421434,-2.0,-0.5,0.39985870982421434,0.9859978392674219,0.27844556237235235,-0.010306962615846507,1.0246120747498755,ROLLING,ROLL,1.1681109012768252,8.168199907520904
8.063999999999556,-3.114027615814472,-0.7958674427431685,0.3998076657988238,-2.0,-0.5,0.3998076657988238,0.9729788136111578,0.26645692568218865,-0.015794446127680446,1.008928406532723,ROLLING,ROLL,1.152646985192196,8.15296566511956
8.079999999999554,-3.0993322458278754,-0.7918978221824133,0.3999397360187911,-2.0,-0.5,0.3999397360187911,0.9588408860528033,0.2552426620456182,-0.011120854202237506,0.9922944798258458,ROLLING,ROLL,1.1374250416233134,8.137953366116353
8.095999999999552,-3.084842809628266,-0.7880859915135437,0.39986534198706436,-2.0,-0.5,0.39986534198706436,0.9444548663381863,0.24448666359536206,-0.015108202238270385,0.9757033263245266,ROLLING,ROLL,1.1224426310990203,8.123162117452647
8.11199999999955,-3.0775662294796664,-0.7827282275056989,0.4004194504709687,-2.0,-0.5,0.4004194504709687,0.2970744481011145,0.38162586137692134,0.05561810530210149,0.4868109483399635,ROLLING,ROLL,1.1140395996298962,8.115401386854785
8.127999999999549,-3.0769881149926066,-0.7756940050698694,0.40042295378617954,-2.0,-0.5,0.40042295378617954,0.03534237150579158,0.4480687981694108,-0.018360159617530902,0.4498353327361189,ROLLING,ROLL,1.1117151542849424,8.114150491532255
8.143999999999547,-3.0768183018754947,-0.7684819318606924,0.3996486840574632,-2.0,-0.5,0.3996486840574632,0.02193073381765422,0.45293678538242566,-0.04604216220333102,0.45579882551264234,ROLLING,ROLL,1.1097838541759713,8.113295160482409
8.159999999999545,-3.076196551782562,-0.7615813904951981,0.3998324012638401,-2.0,-0.5,0.3998324012638401,0.053937162625662095,0.4374273378109786,0.00567177187309729,0.44077665815318257,ROLLING,ROLL,1.1075305151200474,8.112025453447071
8.175999999999544,-3.0750945444241613,-0.7547968488099069,0.4000399544288019,-2.0,-0.5,0.4000399544288019,0.08351467417910621,0.43121015946604757,0.0027017694489259933,0.43923137637028115,ROLLING,ROLL,1.1048754290027694,8.110294087415216
8.191999999999542,-3.0735951107656425,-0.7480745293692079,0.3999335948894982,-2.0,-0.5,0.3999335948894982,0.10988965116962637,0.42602857645904874,-0.010388476379409173,0.440095448551097,ROLLING,ROLL,1.101883584586705,8.108178187118847
8.20799999999954,-3.0716793303555785,-0.7414596161016803,0.39992027781663814,-2.0,-0.5,0.39992027781663814,0.1365170160436393,0.41903103437397426,-0.0029797155264313525,0.4407184840037919,ROLLING,ROLL,1.0985441881505504,8.105662809073612
8.223999999999538,-3.069366870244395,-0.7349474534484506,0.3999174532379029,-2.0,-0.5,0.3999174532379029,0.16153884478168135,0.41278693227296986,-0.007465692903519112,0.4433323656121434,ROLLING,RECOVER,1.0948725081296928,8.102766777214322
8.239999999999537,-3.0666750878847684,-0.7285369862133237,0.39990609994630333,-3.0666750878847684,-0.7285369862133237,1.0,0.18615870568146303,0.4055552994529118,-0.004349998360083247,0.4462612319046673,PRETAKEOFF,RECOVER,0.0,8.09950696732718
8.255999999999535,-3.0644411151876825,-0.7227462763155895,0.39982667526641014,-3.0644411151876825,-0.7227462763155895,1.0,0.1438144101164235,0.3604756824195637,-0.011872550608153159,0.3882863114132768,PRETAKEOFF,RECOVER,0.0,8.096763098933893
8.271999999999533,-3.0633148400942165,-0.718051120362036,0.39986237184130413,-3.0633148400942165,-0.718051120362036,1.0,0.06852480506502492,0.28883327578211665,-0.004975859956207523,0.2968923530347855,PRETAKEOFF,RECOVER,0.0,8.09522350660788
8.287999999999531,-3.0633276909761995,-0.7145013690166839,0.39988801877667063,-3.0633276909761995,-0.7145013690166839,1.0,-0.005344661767731634,0.21588905878357917,-0.002711073898913126,0.21597222282866962,PRETAKEOFF,RECOVER,0.0,8.094922214474348
8.30399999999953,-3.064386941053988,-0.712042144048145,0.3998986578068463,-3.064386941053988,-0.712042144048145,1.0,-0.07323479531737839,0.1463726817382296,-0.0006065532244498902,0.16367243234959714,PRETAKEOFF,RECOVER,0.0,8.095760665307662
8.319999999999528,-3.0664023751275313,-0.7106183784996023,0.39990227411204005,-3.0664023751275313,-0.7106183784996023,1.0,-0.13515972749868074,0.08044187021646856,0.0018430235199028097,0.15729730816875323,PRETAKEOFF,RECOVER,0.0,8.097643222402706
8.335999999999526,-3.0692752207902387,-0.7101652630618642,0.39990525759303863,-3.0692752207902387,-0.7101652630618642,1.0,-0.19054652489618235,0.01871685153295296,0.004373802977918434,0.19151352128193896,PRETAKEOFF,RECOVER,0.0,8.100465251435814
8.351999999999524,-3.0728907994009917,-0.7106054544878693,0.39990881598696026,-3.0728907994009917,-0.7106054544878693,1.0,-0.23830893939310155,-0.03796703123061186,0.006625807861427182,0.24140535906426716,PRETAKEOFF,RECOVER,0.0,8.104105500979184
8.367999999999522,-3.077111109347859,-0.7118379384458926,0.3999135110442144,-3.077111109347859,-0.7118379384458926,1.0,-0.2768729414669522,-0.08797091314875098,0.008500968648307839,0.29063684168519816,PRETAKEOFF,RECOVER,0.0,8.10841767075189
8.38399999999952,-3.081792093345543,-0.7137553954834943,0.399920497100108,-3.081792093345543,-0.7137553954834943,1.0,-0.30610639423902003,-0.13118332875219077,0.01003797368803444,0.3331830596718287,PRETAKEOFF,RECOVER,0.0,8.113249053532396
8.399999999999519,-3.0867969159899475,-0.7162563064449333,0.3999289430465783,-3.0867969159899475,-0.7162563064449333,1.0,-0.32649588266424334,-0.1679474727924417,0.011111987258170933,0.3673273625458592,PRETAKEOFF,RECOVER,0.0,8.118454745638891
8.415999999999517,-3.0919824330697385,-0.7192081184189305,0.3999383299475835,-3.0919824330697385,-0.7192081184189305,1.0,-0.33742998202764185,-0.1957694850623493,0.011724172970384738,0.3902846913274868,PRETAKEOFF,RECOVER,0.0,8.12388084690494
8.431999999999515,-3.097225388972548,-0.722475955686433,0.3999474676264636,-3.097225388972548,-0.722475955686433,1.0,-0.3406390855674005,-0.21514064368845826,0.011892835277092197,0.40306565558703583,PRETAKEOFF,RECOVER,0.0,8.129392997411717
8.447999999999514,-3.102441307294823,-0.7259558713234211,0.39995547711932056,-3.102441307294823,-0.7259558713234211,1.0,-0.3386163783846464,-0.2280902999569875,0.011757949502914233,0.4084415331737404,PRETAKEOFF,RECOVER,0.0,8.13489809802596
8.463999999999512,-3.1075765958853534,-0.7295712718320828,0.3999618532106914,-3.1075765958853534,-0.7295712718320828,1.0,-0.33328424996419886,-0.23630612067452866,0.011431833217790606,0.4087170913396733,UPRIGHT,RECOVER,0.0,8.140336141636327
8.47999999999951,-3.112598988866934,-0.7332655463510118,0.39996653495770507,-3.112598988866934,-0.7332655463510118,1.0,-0.3259623031922266,-0.24101709522942907,0.01100256480604564,0.4055388017533266,UPRIGHT,RECOVER,0.0,8.14567005934013
8.495999999999508,-3.1174904109453974,-0.736996636930886,0.3999697102450786,-3.1174904109453974,-0.736996636930886,1.0,-0.31752758498109823,-0.2431198912700054,0.010525052632252107,0.40005227844367974,UPRIGHT,RECOVER,0.0,8.150878149907403
8.511999999999507,-3.122242055652941,-0.7407331854496559,0.3999716511802463,-3.122242055652941,-0.7407331854496559,1.0,-0.30855294435894565,-0.2432750573327689,0.010031172557071378,0.3930499935322558,UPRIGHT,RECOVER,0.0,8.15594885115421
8.527999999999505,-3.1268510538260212,-0.7444517738411461,0.3999726296437399,-3.1268510538260212,-0.7444517738411461,1.0,-0.2994053982629309,-0.24197370345169297,0.009538922942680706,0.38507902659326765,UPRIGHT,RECOVER,0.0,8.160877189043365
8.543999999999503,-3.131318237572346,-0.7481349277390158,0.3999728826754863,-3.131318237572346,-0.7481349277390158,1.0,-0.29031379338725544,-0.2395841415689182,0.00905820448194778,0.37651654756550906,UPRIGHT,RECOVER,0.0,8.165662382855398
8.559999999999501,-3.1356466529296525,-0.7517696582941668,0.3999726030400829,-3.1356466529296525,-0.7517696582941668,1.0,-0.28141504842879717,-0.23638482234616545,0.008594230590088375,0.3676221899141101,UPRIGHT,RECOVER,0.0,8.170306241534474
8.5759999999995,-3.139840582230258,-0.7553463870483562,0.39997194171841055,-3.139840582230258,-0.7553463870483562,1.0,-0.2727856437911531,-0.2325878093597228,0.008149513457315656,0.358574275556543,UPRIGHT,RECOVER,0.0,8.174812099892549
8.591999999999498,-3.1439049121918887,-0.7588581494249743,0.3999710225301028,-3.1439049121918887,-0.7588581494249743,1.0,-0.2644631270981299,-0.2283558623350926,0.007725853034833674,0.34949511335988837,UPRIGHT,RECOVER,0.0,8.179184122500965
8.607999999999496,-3.147844729621916,-0.7622999959039596,0.39996992604170295,-3.147844729621916,-0.7622999959039596,1.0,-0.2564597971194063,-0.2238146982020834,0.007321882479365912,0.3404677027749598,UPRIGHT,RECOVER,0.0,8.183426850762633
8.623999999999494,-3.1516650753327116,-0.7656685222019128,0.39996869011921493,-3.1516650753327116,-0.7656685222019128,1.0,-0.24877246342736617,-0.21906114712363736,0.006936271941359503,0.33154733690272437,UPRIGHT,RECOVER,0.0,8.187544918123498
8.639999999999493,-3.155370819558424,-0.7689615179939893,0.3999673699716645,-3.155370819558424,-0.7689615179939893,1.0,-0.24139096086142925,-0.21416977663220782,0.006571018526047927,0.3227715407107069,UPRIGHT,RECOVER,0.0,8.19154289622295
8.65599999999949,-3.158966592274311,-0.7721777017778908,0.39996600896701695,-3.158966592274311,-0.7721777017778908,1.0,-0.23430058373656507,-0.2091986340858719,0.006224761166577203,0.31416489252344953,UPRIGHT,RECOVER,0.0,8.195425202939214
8.671999999999489,-3.1624567405597204,-0.7753165167496533,0.3999646301630771,-3.1624567405597204,-0.7753165167496533,1.0,-0.2274837567747508,-0.2041933016840736,0.0058961700401105035,0.3057425859610319,UPRIGHT,RECOVER,0.0,8.199196042457677
8.687999999999487,-3.165845319342045,-0.7783779717057969,0.39996324870177635,-3.165845319342045,-0.7783779717057969,1.0,-0.22092242341690055,-0.19918935905527702,0.005584385159860191,0.29751353462802665,UPRIGHT,RECOVER,0.0,8.202859382328652
8.703999999999485,-3.169136103222654,-0.7813625119614886,0.3999618750831628,-3.169136103222654,-0.7813625119614886,1.0,-0.21459927244785862,-0.19421430398415393,0.005288613478435757,0.2894823190450911,UPRIGHT,RECOVER,0.0,8.206418953969788
8.719999999999484,-3.1723326067325797,-0.784270917343168,0.3999605165802179,-3.1723326067325797,-0.784270917343168,1.0,-0.20849824655542634,-0.1892892489646202,0.005008085119274101,0.28165052726178097,UPRIGHT,RECOVER,0.0,8.209878263826743
8.735999999999482,-3.175438107978881,-0.7871042217454808,0.39995917815089765,-3.175438107978881,-0.7871042217454808,1.0,-0.2026047496931385,-0.18443026561967824,0.004742055132625031,0.2740176902348555,UPRIGHT,RECOVER,0.0,8.21324060972786
8.75199999999948,-3.1784556729401614,-0.7898636495885684,0.3999578630954841,-3.1784556729401614,-0.7898636495885684,1.0,-0.19690568600703034,-0.17964943865359514,0.004489807575687687,0.26658193555175075,UPRIGHT,RECOVER,0.0,8.216509099318792
8.767999999999478,-3.181388178816723,-0.7925505655722221,0.39995657353708647,-3.181388178816723,-0.7925505655722221,1.0,-0.19138940033809432,-0.17495569588900714,0.004250657460970408,0.2593404445408248,UPRIGHT,RECOVER,0.0,8.219686668691871
8.783999999999477,-3.184238335564311,-0.7951664349455121,0.3999553107707565,-3.184238335564311,-0.7951664349455121,1.0,-0.1860455650034393,-0.17035546533300028,0.004023951058301957,0.2522897719060201,UPRIGHT,RECOVER,0.0,8.22277610011269
8.799999999999475,-3.187008705207109,-0.7977127921264833,0.39995407551489354,-3.187008705207109,-0.7977127921264833,1.0,-0.1808650417349382,-0.1658531974413111,0.003809065276661646,0.2454260691156694,UPRIGHT,RECOVER,0.0,8.22578003826137
8.815999999999473,-3.1897017188194283,-0.8001912159721873,0.3999528680906972,-3.1897017188194283,-0.8001912159721873,1.0,-0.17583973695144567,-0.16145178146824662,0.003605406596835435,0.23874524034449895,UPRIGHT,RECOVER,0.0,8.228701004736589
8.831999999999471,-3.19231969124271,-0.8026033103555327,0.3999516885491611,-3.19231969124271,-0.8026033103555327,1.0,-0.1709624613177544,-0.15715287802512862,0.0034124098205535504,0.2322430511171196,UPRIGHT,RECOVER,0.0,8.231541410775792
8.84799999999947,-3.194864833703968,-0.8049506889809741,0.39995053676015013,-3.194864833703968,-0.8049506889809741,1.0,-0.16622679973387713,-0.15295718497696656,0.0032295367766307015,0.22591520376821936,UPRIGHT,RECOVER,0.0,8.23430356826665
8.863999999999468,-3.197339264550567,-0.8072349635863373,0.39994941247428206,-3.197339264550567,-0.8072349635863373,1.0,-0.16162699475466535,-0.14886465007379987,0.0030562750535343777,0.21975738961914879,UPRIGHT,RECOVER,0.0,8.236989699191001
8.879999999999466,-3.199745018332672,-0.8094577348477658,0.3999483153654424,-3.199745018332672,-0.8094577348477658,1.0,-0.15715784443821246,-0.14487464088557755,0.002892136788828843,0.21376532481998978,UPRIGHT,RECOVER,0.0,8.239601943672787
8.895999999999464,-3.2020840534613493,-0.8116205854395359,0.3999472450596055,-3.2020840534613493,-0.8116205854395359,1.0,-0.15281461439568178,-0.140986080440515,0.0027366575254830906,0.207934774737878,UPRIGHT,RECOVER,0.0,8.24214236680938
8.911999999999463,-3.2043582586555446,-0.8137250748081525,0.3999462011540492,-3.2043582586555446,-0.8137250748081525,1.0,-0.1485929631099272,-0.13719755528302668,0.0025893951348326997,0.20226157032069053,UPRIGHT,RECOVER,0.0,8.244612964459943
8.92799999999946,-3.2065694583704922,-0.8157727353065677,0.39994518322988803,-3.2065694583704922,-0.8157727353065677,1.0,-0.14448887922847437,-0.13350740134567657,0.002449928801487311,0.19674161884539978,UPRIGHT,RECOVER,0.0,8.24701566815105
8.943999999999459,-3.2087194173772247,-0.8177650694039594,0.3999441908600094,-3.2087194173772247,-0.8177650694039594,1.0,-0.14049862939595226,-0.12991377198222157,0.0023178580640021017,0.1913709107434948,UPRIGHT,RECOVER,0.0,8.24935234924313
8.959999999999457,-3.210809844639798,-0.8197035477426919,0.39994322361388873,-3.210809844639798,-0.8197035477426919,1.0,-0.1366187151883355,-0.1264146916721342,0.0021928019050950075,0.18614552369172693,UPRIGHT,RECOVER,0.0,8.251624822482889
8.975999999999456,-3.2128423966150947,-0.8215896078594607,0.3999422810603238,-3.2128423966150947,-0.8215896078594607,1.0,-0.1328458377898483,-0.12300809823433133,0.002074397885894115,0.18106162480189608,UPRIGHT,RECOVER,0.0,8.253834849049321
8.991999999999454,-3.21481868008023,-0.8234246534243098,0.3999413627688154,-3.21481868008023,-0.8234246534243098,1.0,-0.12917686917541715,-0.11969187584444398,0.0019623013195267844,0.17611547149411164,UPRIGHT,RECOVER,0.0,8.255984139184259
9.007999999999452,-3.2167402545749986,-0.8252100538808275,0.39994046831009844,-3.2167402545749986,-0.8252100538808275,1.0,-0.12560882870256654,-0.11646388070954737,0.0018561844802838534,0.17130341146277042,UPRIGHT,RECOVER,0.0,8.25807435448357
9.02399999999945,-3.2186086345315186,-0.8269471443947243,0.39993959725616973,-3.2186086345315186,-0.8269471443947243,1.0,-0.1221388641611111,-0.11332196089660251,0.0017557358453758915,0.16662188202146858,UPRIGHT,RECOVER,0.0,8.260107109911992
9.039999999999448,-3.2204252911501823,-0.8286372260372422,0.3999387491800473,-3.2204252911501823,-0.8286372260372422,1.0,-0.11876423646752131,-0.11026397152013889,0.0016606593669255942,0.16206740902673886,UPRIGHT,RECOVER,0.0,8.26208397559334
9.055999999999447,-3.2221916540699773,-0.8302815661453034,0.3999379236554157,-3.2221916540699773,-0.8302815661453034,1.0,-0.11548230731821243,-0.10728778625842805,0.001570673772371031,0.15763660552001055,UPRIGHT,RECOVER,0.0,8.264006478418242
9.071999999999445,-3.2239091128720614,-0.8318813988127013,0.39993712025625827,-3.2239091128720614,-0.8318813988127013,1.0,-0.11229052922973781,-0.10439130597552634,0.0014855118918299561,0.15332617018484265,UPRIGHT,RECOVER,0.0,8.26587610350353
9.087999999999443,-3.2255790184478483,-0.8334379254765439,0.39993633855653776,-3.2255790184478483,-0.8334379254765439,1.0,-0.10918643749322081,-0.10157246507098909,0.001404920011280983,0.14913288568688132,UPRIGHT,RECOVER,0.0,8.267694295530776
9.103999999999441,-3.2272026842566253,-0.834952315571052,0.3999355781299604,-3.2272026842566253,-0.834952315571052,1.0,-0.10616764365569388,-0.09882923605316386,0.0013286572506115727,0.14505361694333577,UPRIGHT,RECOVER,0.0,8.26946245998595
9.11999999999944,-3.2287813874926394,-0.836425707227085,0.399934838549841,-3.2287813874926394,-0.836425707227085,1.0,-0.1032318302132924,-0.09615963273033079,0.0012564949657213637,0.14108530935436553,UPRIGHT,RECOVER,0.0,8.271181964317773
9.135999999999438,-3.2303163701774693,-0.83785920800073,0.39993411938907325,-3.2303163701774693,-0.83785920800073,1.0,-0.1003767462617863,-0.09356171233212761,0.001188216173990212,0.1372249870187604,UPRIGHT,RECOVER,0.0,8.272854139028613
9.151999999999436,-3.2318088401902005,-0.8392538956182042,0.399933420220203,-3.2318088401902005,-0.8392538956182042,1.0,-0.097600203900117,-0.09103357680799638,0.0011236150024625038,0.13346975094932767,UPRIGHT,RECOVER,0.0,8.274480278708982
9.167999999999434,-3.233259972245271,-0.8406108187273941,0.3999327406155965,-3.233259972245271,-0.8406108187273941,1.0,-0.09490007522387488,-0.08857337349680668,0.0010624961581235215,0.12981677729857552,UPRIGHT,RECOVER,0.0,8.276061643024281
9.183999999999433,-3.2346709088257506,-0.8419309976487639,0.3999320801476923,-3.2346709088257506,-0.8419309976487639,1.0,-0.09227428977931189,-0.08617929531986011,0.0010046744197081952,0.12626331560193446,UPRIGHT,RECOVER,0.0,8.277599457660594
9.19999999999943,-3.2360427610781537,-0.8432154251202348,0.3999314383893241,-3.2360427610781537,-0.8432154251202348,1.0,-0.08972083237575629,-0.08384958061612297,0.0009499741504476655,0.12280668704343742,UPRIGHT,RECOVER,0.0,8.27909491523491
9.215999999999429,-3.237376609771154,-0.8444650677891521,0.39993081595601115,-3.237376609771154,-0.8444650677891521,1.0,-0.08723774117625241,-0.08158251271209871,0.0008982288312003501,0.11944428274717778,UPRIGHT,RECOVER,0.0,8.280549176348211
9.231999999999427,-3.2386735138425853,-0.8456809264715004,0.39993026461032877,-3.2386735138425853,-0.8456809264715004,1.0,-0.08482374307039778,-0.07938132444172258,0.000853404559223702,0.11617740898271309,UPRIGHT,RECOVER,0.0,8.281963384191519
9.247999999999426,-3.239934514091276,-0.8468640546681349,0.3999298141328287,-3.239934514091276,-0.8468640546681349,1.0,-0.08247756227334328,-0.07724891127305464,0.000812260304370879,0.1130070897697465,UPRIGHT,RECOVER,0.0,8.283338670101664
9.263999999999424,-3.241160674847003,-0.8480154491232822,0.39992947724313993,-3.241160674847003,-0.8480154491232822,1.0,-0.08020154810246147,-0.07518088482806587,0.0007750006997338394,0.10993204440765639,UPRIGHT,RECOVER,0.0,8.284676183810472
9.279999999999422,-3.242353102536098,-0.849136042578525,0.3999292532580224,-3.242353102536098,-0.849136042578525,1.0,-0.0779979807387951,-0.0731731816897656,0.0007395431503440121,0.10695114044274666,UPRIGHT,RECOVER,0.0,8.285977111101161
9.29599999999942,-3.243512842030395,-0.8502267149649337,0.3999291029789432,-3.243512842030395,-0.8502267149649337,1.0,-0.07586215990917489,-0.07122245521831279,0.0007038689109044835,0.10405864147130468,UPRIGHT,RECOVER,0.0,8.28724257178225
9.311999999999419,-3.244640870917856,-0.851288303128698,0.39992899675590665,-3.244640870917856,-0.851288303128698,1.0,-0.07378981018990313,-0.06932597765356346,0.000668603757185674,0.10124956442606771,UPRIGHT,RECOVER,0.0,8.288473614933745
9.327999999999417,-3.2457381127138785,-0.8523216080082614,0.3999289166407458,-3.2457381127138785,-0.8523216080082614,1.0,-0.0717775026793323,-0.06748146853725144,0.0006343254049985571,0.09851985005847826,UPRIGHT,RECOVER,0.0,8.289671232741382
9.343999999999415,-3.2468054468277194,-0.8533273997917431,0.3999288522489107,-3.2468054468277194,-0.8533273997917431,1.0,-0.06982243107501583,-0.0656869691558582,0.0006013573866776496,0.095866111993835,UPRIGHT,RECOVER,0.0,8.290836370901472
9.359999999999413,-3.2478437156308395,-0.8543064216635072,0.399928797620133,-3.2478437156308395,-0.8543064216635072,1.0,-0.06792223046512075,-0.06394075463893868,0.0005698479530287552,0.09328544485525866,UPRIGHT,RECOVER,0.0,8.29196993600234
9.375999999999411,-3.248853729521002,-0.8552593925609948,0.399928749324753,-3.248853729521002,-0.8552593925609948,1.0,-0.06607485248314911,-0.062241272282439614,0.0005398436601526039,0.09077529144642892,UPRIGHT,RECOVER,0.0,8.293072800813722
9.39199999999941,-3.2498362705996007,-0.8561870092368074,0.3999287053751527,-3.2498362705996007,-0.8561870092368074,1.0,-0.06427847886015807,-0.06058709827089969,0.0005113350387378443,0.08833335035526098,UPRIGHT,RECOVER,0.0,8.294145808127961
9.407999999999408,-3.250792095383886,-0.8570899478327247,0.39992866460665955,-3.250792095383886,-0.8570899478327247,1.0,-0.06253146125718907,-0.058976907288164473,0.00048428281926274423,0.08595751142329051,UPRIGHT,RECOVER,0.0,8.295189773593195
9.423999999999406,-3.251721936845949,-0.8579688651102133,0.3999286263257661,-3.251721936845949,-0.8579688651102133,1.0,-0.06083227930089977,-0.05740945113961067,0.00045863267880697216,0.08364581058862479,UPRIGHT,RECOVER,0.0,8.296205487843414
9.439999999999404,-3.252626505981065,-0.8588243994383892,0.39992859010983905,-3.252626505981065,-0.8588243994383892,1.0,-0.05917951125416496,-0.05588354366645098,0.000434323463761114,0.0813963982119181,UPRIGHT,RECOVER,0.0,8.29719371813699
9.455999999999403,-3.2535064930459887,-0.8596571716098838,0.3999285556927263,-3.2535064930459887,-0.8596571716098838,1.0,-0.05757181345389656,-0.0543980500487351,0.0004112917398380514,0.07920751677947122,UPRIGHT,RECOVER,0.0,8.298155209650673
9.471999999999401,-3.2543625685647566,-0.8604677855337347,0.39992852289918296,-3.2543625685647566,-0.8604677855337347,1.0,-0.05600790582966269,-0.05295187916731269,0.0003894742795134267,0.07707748512366273,UPRIGHT,RECOVER,0.0,8.299090686530922
9.4879999999994,-3.2551953841696446,-0.861256828839546,0.39992849160713045,-3.2551953841696446,-0.861256828839546,1.0,-0.05448656163916083,-0.051543978097297244,0.00036880939199226856,0.07500468717167183,UPRIGHT,RECOVER,0.0,8.300000852773362
9.503999999999397,-3.2560055733242432,-0.8620248734167996,0.39992846172584084,-3.2560055733242432,-0.8620248734167996,1.0,-0.05300660012841856,-0.050173328087028665,0.0003492376042464225,0.0729875638407455,UPRIGHT,RECOVER,0.0,8.300886392979379
9.519999999999396,-3.256793751961224,-0.8627724759059865,0.3999284331832746,-3.256793751961224,-0.8627724759059865,1.0,-0.0515668812215618,-0.04883894157307025,0.0003307019790002349,0.07102460712102071,UPRIGHT,RECOVER,0.0,8.301747973023925
9.535999999999394,-3.257560519057458,-0.8635001781532098,0.39992840591870044,-3.257560519057458,-0.8635001781532098,1.0,-0.05016630162026961,-0.0475398599187926,0.0003131482305342131,0.06911435568077427,UPRIGHT,RECOVER,0.0,8.302586240658215
9.551999999999392,-3.2583064571622407,-0.8642085076364273,0.39992837987838176,-3.2583064571622407,-0.8642085076364273,1.0,-0.04880379188376907,-0.046275151659486105,0.00029652472895806513,0.06725539153300326,UPRIGHT,RECOVER,0.0,8.303401826063746
9.56799999999939,-3.2590321328896246,-0.8648979778690808,0.3999283550130501,-3.2590321328896246,-0.8648979778690808,1.0,-0.0474783141923081,-0.0450439111032828,0.00028078244404720524,0.06544633744377797,UPRIGHT,RECOVER,0.0,8.304195342369143
9.583999999999389,-3.2597380973825545,-0.865569088785176,0.3999283312764268,-3.2597380973825545,-0.865569088785176,1.0,-0.04618886058847839,-0.04384525718325471,0.0002658748574876166,0.06368585486093034,UPRIGHT,RECOVER,0.0,8.30496738613784
9.599999999999387,-3.2604248867542163,-0.8662223271087106,0.39992830862436224,-3.2604248867542163,-0.8662223271087106,1.0,-0.04493445155403004,-0.04267833248805414,0.0002517578597787832,0.0619726422096261,UPRIGHT,RECOVER,0.0,8.305718537832234
9.615999999999385,-3.2610930225104253,-0.8668581667095338,0.3999282870143388,-3.2610930225104253,-0.8668581667095338,1.0,-0.04371413482360565,-0.041542302420658664,0.00023838964094594325,0.060305433448460885,UPRIGHT,RECOVER,0.0,8.306449362258308
9.631999999999383,-3.2617430119557835,-0.867477068947159,0.3999282664051894,-3.2617430119557835,-0.867477068947159,1.0,-0.04252698436711092,-0.04043635445017555,0.00022573058018859326,0.05868299681232683,UPRIGHT,RECOVER,0.0,8.30716040899352
9.647999999999382,-3.2623753485855738,-0.8680794830036537,0.3999282467569438,-3.2623753485855738,-0.8680794830036537,1.0,-0.04137209949339586,-0.03935969743233012,0.00021374313727571636,0.05710413369086999,UPRIGHT,RECOVER,0.0,8.307852212800038
9.66399999999938,-3.2629905124648264,-0.8686658462064589,0.3999282280307483,-3.2629905124648264,-0.8686658462064589,1.0,-0.04024860404242446,-0.038311560981654016,0.00020239174720425236,0.05556767760698838,UPRIGHT,RECOVER,0.0,8.308525294024765
9.679999999999378,-3.263588970595637,-0.869236584341799,0.39992821018882857,-3.263588970595637,-0.869236584341799,1.0,-0.03915564564313924,-0.03729119488350957,0.0001916427189120659,0.054072493270633376,UPRIGHT,RECOVER,0.0,8.30918015898729
9.695999999999376,-3.264171177273539,-0.8697921119592008,0.39992819319447576,-3.264171177273539,-0.8697921119592008,1.0,-0.03809239502117268,-0.036297868537634295,0.00018146413837899234,0.05261747569066726,UPRIGHT,RECOVER,0.0,8.309817300356558
9.711999999999374,-3.264737574433575,-0.8703328326675553,0.3999281770120446,-3.264737574433575,-0.8703328326675553,1.0,-0.03705804534535911,-0.035330870427347436,0.0001718257762279629,0.05120154933271143,UPRIGHT,RECOVER,0.0,8.310437197516945
9.727999999999373,-3.2652885919865766,-0.8708591394230778,0.39992816160695616,-3.2652885919865766,-0.8708591394230778,1.0,-0.03605181160532557,-0.03438950761026181,0.00016269899979776408,0.04982366731450705,UPRIGHT,RECOVER,0.0,8.31104031692424
9.743999999999371,-3.2658246481460687,-0.871371414809476,0.39992814694570294,-3.2658246481460687,-0.871371414809476,1.0,-0.03507293001474162,-0.03347310522752607,0.00015405668958041357,0.048482810632796455,UPRIGHT,RECOVER,0.0,8.311627112451939
9.75999999999937,-3.266346149746161,-0.8718700313106034,0.3999281329958512,-3.266346149746161,-0.8718700313106034,1.0,-0.03412065743639898,-0.03258100602944147,0.00014587315986508542,0.04717798741745306,UPRIGHT,RECOVER,0.0,8.312198025728257
9.775999999999367,-3.2668534925507435,-0.8723553515758427,0.3999281197260419,-3.2668534925507435,-0.8723553515758427,1.0,-0.03319427082639396,-0.03171256991586742,0.00013812408344545377,0.04590823220978125,UPRIGHT,RECOVER,0.0,8.312753486464125
9.791999999999366,-3.267347061554257,-0.8728277286784465,0.3999281071059879,-3.267347061554257,-0.8728277286784465,1.0,-0.0322930666954489,-0.030867173490225507,0.0001307864201768079,0.0446726052627345,TAKEOFF,RECOVER,0.0,8.313293912772469
9.807999999999364,-3.2677348219322684,-0.8731996561670564,0.4006261504925703,-3.267347061554257,-0.8728277286784465,1.0,-0.02449453656116618,-0.02347376615633761,0.05247924797248302,0.06249057118210787,TAKEOFF,RECOVER,0.0005372970942964142,8.313718585886923
9.823999999999362,-3.267940992929288,-0.8733990504343323,0.40299213726421906,-3.267347061554257,-0.8728277286784465,1.0,-0.012855405308691257,-0.012426394680406544,0.16360857318199173,0.16458262954835515,TAKEOFF,RECOVER,0.0008241134794400934,8.313944561028785
9.83999999999936,-3.2679587531944168,-0.8734193925674941,0.4073023029765118,-3.267347061554257,-0.8728277286784465,1.0,-0.0011287203743487412,-0.0012892456123991718,0.2844361656354679,0.2844413269645251,TAKEOFF,RECOVER,0.0008510186955904907,8.313964360029285
9.855999999999359,-3.267797420752866,-0.8732695296201213,0.4134584358033353,-3.267347061554257,-0.8728277286784465,1.0,0.010007675203805484,0.00929058905759155,0.39898543320221985,0.3992190432777286,TAKEOFF,RECOVER,0.0006308815101402123,8.313788177598147
9.871999999999357,-3.2674664510891236,-0.8729584571858603,0.4213513889198439,-3.267347061554257,-0.8728277286784465,1.0,0.020551052358028118,0.01930804415890591,0.5066605911504998,0.507444677720871,TAKEOFF,RECOVER,0.00017704181338415033,8.313426368703611
9.887999999999355,-3.2669752227272255,-0.872495106058369,0.4308660004588573,-3.267347061554257,-0.8728277286784465,1.0,0.03050816647602559,0.0287681429560147,0.6070944436886478,0.6085408924866885,TAKEOFF,RECOVER,0.0004989007122416469,8.312889211536604
9.903999999999353,-3.266332991090453,-0.8718882910125219,0.4418821499657196,-3.267347061554257,-0.8728277286784465,1.0,0.039887933387708685,0.03767884170863301,0.6999849387216447,0.7021322217215153,TAKEOFF,RECOVER,0.0013823465678754671,8.312186854949493
9.919999999999352,-3.2655488412352947,-0.871146663092486,0.4542757575608865,-3.267347061554257,-0.8728277286784465,1.0,0.048701826368120406,0.04605092113671644,0.7850923442395147,0.7879483131605951,TAKEOFF,RECOVER,0.0024616209740390593,8.31132926525374
9.93599999999935,-3.2646316428162097,-0.8702786659301283,0.46791975948117304,-3.267347061554257,-0.8728277286784465,1.0,0.056963859919154425,0.05389775985443866,0.8622377146573024,0.8657965849041352,TAKEOFF,RECOVER,0.003724408653437652,8.310326175777464
9.951999999999348,-3.2635900100850295,-0.8692924973709856,0.48268505370637527,-3.267347061554257,-0.8728277286784465,1.0,0.06469037883007599,0.06123503637544565,0.9313009626123621,0.9355512053093583,TAKEOFF,RECOVER,0.005158807627705758,8.30918704210963
9.967999999999346,-3.2624322673998183,-0.8681960765767692,0.4984414096218569,-3.267347061554257,-0.8728277286784465,1.0,0.07189977094263823,0.06808040770179963,0.9922185621123787,0.997147027260676,TAKEOFF,RECOVER,0.0067533253121313825,8.307921003521459
9.983999999999345,-3.261166420369359,-0.8669970165974678,0.5150583364977226,-3.267347061554257,-0.8728277286784465,1.0,0.0786121460557689,0.07445318056833043,1.0449809338545912,1.0505752223062599,TAKEOFF,RECOVER,0.00849691289985516,8.306536850687367
9.999999999999343,-3.259800132556299,-0.8657026022854221,0.5324059064140744,-3.267347061554257,-0.8728277286784465,1.0,0.0848490061757845,0.08037398643120768,1.089629564959604,1.095879519097751,TAKEOFF,RECOVER,0.010378996262490342,8.305042999610587
10.015999999999341,-3.258340707534787,-0.8643197733358421,0.5503555280980031,-3.267347061554257,-0.8728277286784465,1.0,0.09063292172090462,0.08586446769514516,1.126253914783822,1.1331526436796249,TAKEOFF,RECOVER,0.012389500265780163,8.303447471520819
10.03199999999934,-3.256795076015565,-0.8628551121735274,0.5687806689424233,-3.267347061554257,-0.8728277286784465,1.0,0.09598722227218355,0.09094698029345469,1.1549881565747349,1.162532813253859,TAKEOFF,RECOVER,0.014518866304327936,8.301757878420622
10.047999999999337,-3.2551697876964343,-0.8613148363584638,0.5875575232357726,-3.267347061554257,-0.8728277286784465,1.0,0.10093570702195004,0.09564431611495877,1.176007801900019,1.184200237412083,TAKEOFF,RECOVER,0.016758063377965943,8.299981413896491
10.063999999999336,-3.253470318515948,-0.859704142566282,0.6065914741713584,-3.267347061554257,-0.8728277286784465,1.0,0.10555404836826457,0.10002839095892992,1.1914649155101356,1.2003066195836534,TAKEOFF,RECOVER,0.019099542135733255,8.298124095924896
10.079999999999334,-3.2516998733239704,-0.8580260738900383,0.6258668828815588,-3.267347061554257,-0.8728277286784465,1.0,0.10999394092794426,0.10424303170263748,1.2067216085288344,1.216199949510702,TAKEOFF,RECOVER,0.021538883071998475,8.296189459196913
10.095999999999332,-3.2498606343158762,-0.8562827039284036,0.6454054665384367,-3.267347061554257,-0.8728277286784465,1.0,0.11429765881634839,0.10832834629328227,1.223337134203257,1.2334312827807528,TAKEOFF,RECOVER,0.02407307586376762,8.294179920563677
10.11199999999933,-3.247954775104302,-0.8544760975874438,0.6652291341441606,-3.267347061554257,-0.8728277286784465,1.0,0.11846554363843789,0.11228470989681372,1.2413236524636084,1.2520089261949197,TAKEOFF,RECOVER,0.02669912240987246,8.292097887357224
10.127999999999329,-3.245984651989281,-0.8526084918349809,0.6853515713916193,-3.267347061554257,-0.8728277286784465,1.0,0.12248364833415638,0.11609897513075275,1.2600619227880696,1.2713132050741955,TAKEOFF,RECOVER,0.029413773660547496,8.289945966120161
10.143999999999327,-3.243952800250191,-0.8506822918500231,0.7057774746877048,-3.267347061554257,-0.8728277286784465,1.0,0.1263421952238592,0.11976194655264999,1.2790436251129185,1.2908361124008187,TAKEOFF,RECOVER,0.03221353495480734,8.287726958244956
10.159999999999325,-3.2418618057361126,-0.8486999493565505,0.7265074117386154,-3.267347061554257,-0.8728277286784465,1.0,0.1300387532576845,0.12327138419010174,1.2980394039283967,1.3103481238433334,TAKEOFF,RECOVER,0.03509484291348754,8.285443719493214
10.175999999999323,-3.2397142669244254,-0.8466639266478941,0.7475391262722615,-3.267347061554257,-0.8728277286784465,1.0,0.1335725786470889,0.12662665187617017,1.3168718735670268,1.3296719422939378,TAKEOFF,RECOVER,0.03805411772395167,8.283099118400354
10.191999999999322,-3.2375127900763356,-0.8445766919518751,0.7688674250492986,-3.267347061554257,-0.8728277286784465,1.0,0.13694323526460578,0.1298274124068444,1.3353565858619814,1.348623675493635,TAKEOFF,RECOVER,0.041087769843888886,8.28069603084545
10.20799999999932,-3.2352599893157845,-0.8424407189007203,0.7904839711820587,-3.267347061554257,-0.8728277286784465,1.0,0.14013132369525347,0.13285867593629536,1.3532955778063165,1.3670029760619622,TAKEOFF,RECOVER,0.044192200308069855,8.278237339946672
10.223999999999318,-3.232958523547209,-0.8402585147098003,0.812377020650329,-3.267347061554257,-0.8728277286784465,1.0,0.14309063343299355,0.13568395213156859,1.3704749710797883,1.384589004216935,TAKEOFF,RECOVER,0.04736375454709667,8.27572597552571
10.239999999999316,-3.230611203667816,-0.8380327032459091,0.8345314772999077,-3.267347061554257,-0.8728277286784465,1.0,0.14581449956722528,0.13829555731108942,1.3866867015993953,1.4011736287300856,TAKEOFF,RECOVER,0.050598587425971654,8.27316502903525
10.255999999999315,-3.2282366226025423,-0.8357807523441039,0.8559355874278616,-3.267347061554257,-0.8728277286784465,1.0,0.14714283371869372,0.13959598938376636,1.327221447914707,1.3426298170276165,TAKEOFF,RECOVER,0.05387118794414255,8.270574791604666
10.271999999999313,-3.2258476528417104,-0.8335147349811343,0.8758687773865137,-3.267347061554257,-0.8728277286784465,1.0,0.14783707302126994,0.14029844718425544,1.2338140856838287,1.2505345466933857,TAKEOFF,RECOVER,0.05716390816709338,8.267969304562769
10.287999999999311,-3.223447474353512,-0.8312375856730806,0.8941968806881987,-3.267347061554257,-0.8728277286784465,1.0,0.14834446942448648,0.14082257991628663,1.1327043007283715,1.1510239413286156,TAKEOFF,RECOVER,0.060472421413422545,8.265352036500731
10.30399999999931,-3.2210381869169806,-0.8289512171657296,0.9108556884306114,-3.267347061554257,-0.8728277286784465,1.0,0.148737260451068,0.1412366032381822,1.0280447839067535,1.048306552711864,TAKEOFF,RECOVER,0.06379388789450395,8.262725276274638
10.319999999999308,-3.2186212279358526,-0.8266569125791335,0.9258360521096765,-3.267347061554257,-0.8728277286784465,1.0,0.14905949353473594,0.1415833283472876,0.9232217504294193,0.9458345372974539,TAKEOFF,RECOVER,0.06712638170708284,8.260090589054862
10.335999999999306,-3.2161976803739005,-0.8243556130781914,0.9391756292434764,-3.267347061554257,-0.8728277286784465,1.0,0.14933330301408754,0.14188536640095198,0.8210902109077634,0.8465347169705357,TAKEOFF,RECOVER,0.07046846944483667,8.257449152116832
10.351999999999304,-3.213768570656876,-0.8220481977222204,0.9509491612172697,-3.267347061554257,-0.8728277286784465,1.0,0.1495608735107959,0.14214652153601295,0.7238885625530715,0.7527208908122935,TAKEOFF,RECOVER,0.07381880147343935,8.254802079498276
10.367999999999302,-3.211336900962543,-0.8197375259851397,0.9609003505637795,-3.267347061554257,-0.8728277286784465,1.0,0.14959466718685646,0.14221977438834799,0.6063732517333059,0.6405416060611848,TAKEOFF,RECOVER,0.07717323183284454,8.2521526471956
10.3839999999993,-3.208904244095363,-0.8174250367766254,0.9690264339617332,-3.267347061554257,-0.8728277286784465,1.0,0.14958059634882942,0.14225116958095327,0.4944275453251845,0.5357875956267633,TAKEOFF,RECOVER,0.08052962922118602,8.249502565577886
10.399999999999299,-3.2064715437682745,-0.8151114774396366,0.9756074892343014,-3.267347061554257,-0.8728277286784465,1.0,0.1495192796635422,0.14224611349991423,0.40007783226501237,0.4501691278473085,TAKEOFF,RECOVER,0.08388679468648728,8.246852849380318
10.415999999999297,-3.2040408718421425,-0.8127986667519236,0.9809081585051295,-3.267347061554257,-0.8728277286784465,1.0,0.14933894139403536,0.1421367976429643,0.32201913794180254,0.38236280397244415,TAKEOFF,RECOVER,0.087241973451112,8.2442057409753
10.431999999999295,-3.2016153143392043,-0.8104894043159208,0.9851591478355891,-3.267347061554257,-0.8728277286784465,1.0,0.1489761644592737,0.141862324555563,0.25810377540294926,0.3300551099173599,TAKEOFF,RECOVER,0.09059099997389933,8.241564586831299
10.447999999999293,-3.199198760127265,-0.8081872791151535,0.9885567485444977,-3.267347061554257,-0.8728277286784465,1.0,0.14838078198946494,0.14137370183038026,0.20619137398424922,0.2907202482431227,TAKEOFF,RECOVER,0.09392858301459008,8.2389336073424
10.463999999999292,-3.1967956906264443,-0.8058964750629113,0.9912652071137561,-3.267347061554257,-0.8728277286784465,1.0,0.14751575128682537,0.14063396217002275,0.16430289734577955,0.2617904701656913,TAKEOFF,RECOVER,0.09724859202240864,8.236317667646816
10.47999999999929,-3.194410990809822,-0.8036215936480711,0.9934201869143466,-3.267347061554257,-0.8728277286784465,1.0,0.14635576408063092,0.13961706505863922,0.1306813209933516,0.2408122550697555,TAKEOFF,RECOVER,0.10054431630619272,8.233722071583559
10.495999999999288,-3.1920497894114357,-0.8013675019921768,0.9951326023013258,-3.1920497894114357,-0.8013675019921768,1.0,0.1448853842135356,0.13830630052861675,0.10381044944470778,0.22560367181969382,HOVER,RECOVER,0.0,8.231152387451292
10.511999999999286,-3.18971948513623,-0.79914118824823,0.9966546968158245,-3.1920497894114357,-0.8013675019921768,1.0,0.14283642612119854,0.13646424131060717,0.09457861144103714,0.21902019889880228,HOVER,RECOVER,0.0032228544648382723,8.228616644611343
10.527999999999285,-3.187426579017385,-0.7969488437981097,0.9981178802826062,-3.1920497894114357,-0.8013675019921768,1.0,0.14042769222384746,0.13427370119177176,0.09092402526115219,0.21451466603648217,HOVER,RECOVER,0.006395202466197151,8.22612189591374
10.543999999999283,-3.185176118869689,-0.7947953326253674,0.9995247576502682,-3.1920497894114357,-0.8013675019921768,1.0,0.1377669589019102,0.13182758185758772,0.08740519412698883,0.20975679789669802,HOVER,RECOVER,0.009510034537398062,8.223673614491139
10.559999999999281,-3.1829730890190233,-0.7926854793793388,1.0008764944008883,-3.1920497894114357,-0.8013675019921768,1.0,0.13484425622458443,0.12912001825298522,0.08396065916885141,0.2047055075919567,HOVER,RECOVER,0.012560414271171534,8.221277202772596
10.57599999999928,-3.180822328539177,-0.7906240058920901,1.0021741868724807,-3.1920497894114357,-0.8013675019921768,1.0,0.1316535380141021,0.12614792109184714,0.08058644698997086,0.19934926010871698,HOVER,RECOVER,0.015539581271407575,8.218937905217317
10.591999999999278,-3.178728461900021,-0.7886154700822594,1.0034188754016835,-3.1920497894114357,-0.8013675019921768,1.0,0.1281973482493376,0.12291420203543807,0.07727901103153738,0.1936866198429383,HOVER,RECOVER,0.01844104347638515,8.216660733725504
10.607999999999276,-3.1766958530134914,-0.7866642205683863,1.0046115459623597,-3.1920497894114357,-0.8013675019921768,1.0,0.12448460517452245,0.1194265037258533,0.07403486041644759,0.1877239123673936,HOVER,RECOVER,0.021258641714354667,8.214450417928791
10.623999999999274,-3.1747285754485945,-0.7847743631772652,1.005753133817117,-3.1920497894114357,-0.8013675019921768,1.0,0.12052847984653757,0.11569594230311081,0.07085070913398223,0.18147310683489748,HOVER,RECOVER,0.023986594357629152,8.21231137277174
10.639999999999272,-3.1728303935806634,-0.7829497363385182,1.0068445285657706,-3.1920497894114357,-0.8013675019921768,1.0,0.11634489936466257,0.11173615684462535,0.0677235740912941,0.17495024104664497,HOVER,RECOVER,0.02661952794046116,8.210247677863832
10.65599999999927,-3.1710047511886836,-0.7811938931994984,1.0078865800505872,-3.1920497894114357,-0.8013675019921768,1.0,0.11195153611542752,0.10756260811417495,0.06465083470116206,0.16817428914814664,HOVER,RECOVER,0.029152497757775838,8.208263064907229
10.671999999999269,-3.169254765204733,-0.7795100889034253,1.008880104737722,-3.1920497894114357,-0.8013675019921768,1.0,0.10736712697320085,0.10319205751431568,0.0616302660629748,0.16116634382993966,HOVER,RECOVER,0.031581001179767684,8.206360910752249
10.687999999999267,-3.1675832231059933,-0.7779012719042679,1.009825892302171,-3.1920497894114357,-0.8013675019921768,1.0,0.10261101100344792,0.09864217469989874,0.058660053673291274,0.15394901787808998,HOVER,RECOVER,0.03390098555082562,8.204544234458899
10.703999999999265,-3.1659925829554054,-0.7763700784965869,1.0107247122157321,-3.1920497894114357,-0.8013675019921768,1.0,0.09770281116037663,0.09393123741089554,0.0557387948896824,0.14654599935152213,HOVER,RECOVER,0.03610885195779636,8.202815697287578
10.719999999999263,-3.1644849754337563,-0.7749188299548848,1.0115773201864482,-3.1920497894114357,-0.8013675019921768,1.0,0.09266221086520696,0.08907789789656707,0.052865490613565595,0.13898171575395196,HOVER,RECOVER,0.03820145575969978,8.201177604899323
10.735999999999262,-3.1630622074250607,-0.7735495318311953,1.0123844643321753,-3.1920497894114357,-0.8013675019921768,1.0,0.08750879323777938,0.08410099786115367,0.05003952953791736,0.13128107727905913,HOVER,RECOVER,0.04017610450621194,8.199631911280381
10.75199999999926,-3.161725766859028,-0.7722638750699609,1.0131468909957417,-3.1920497894114357,-0.8013675019921768,1.0,0.0822619218962318,0.07901941913889998,0.04726066660480784,0.12346927959230058,HOVER,RECOVER,0.04203055369355088,8.198180224058792
10.767999999999258,-3.160476828605932,-0.7710632386784799,1.0138653501281016,-3.1920497894114357,-0.8013675019921768,1.0,0.07694064956848859,0.0738519610031204,0.044528996885553306,0.11557165423952794,HOVER,RECOVER,0.04376300068564482,8.196823810980426
10.783999999999256,-3.159316261277898,-0.7699486937483189,1.014540600181174,-3.1920497894114357,-0.8013675019921768,1.0,0.07156364556847994,0.06861723761382238,0.04184492583293107,0.10761356086835097,HOVER,RECOVER,0.045372077046719125,8.195563607376778
10.799999999999255,-3.1582446348280384,-0.7689210086644194,1.0151734124650194,-3.1920497894114357,-0.8013675019921768,1.0,0.06614913633740983,0.0633335909441856,0.03920913669520984,0.09962032112201964,HOVER,RECOVER,0.04685683947595688,8.194400224498802
10.815999999999253,-3.1572622288625842,-0.7679806553686588,1.0157645749354998,-3.1920497894114357,-0.8013675019921768,1.0,0.060714855303908584,0.05801901582779793,0.03662255578400743,0.09161720059221172,HOVER,RECOVER,0.048216759497111794,8.193333958618352
10.831999999999251,-3.156369041596115,-0.7671278165665353,1.0163148953890544,-3.1920497894114357,-0.8013675019921768,1.0,0.055277999299270436,0.05269109459407574,0.03408631620962292,0.08362945419404806,HOVER,RECOVER,0.04945171203009441,8.19236480081653
10.84799999999925,-3.1555647993902407,-0.7663623937819773,1.016825204050926,-3.1920497894114357,-0.8013675019921768,1.0,0.04985518878906875,0.0473669389859087,0.031601720609769686,0.0756824649676953,HOVER,RECOVER,0.050561962952939916,8.19149244739055
10.863999999999248,-3.1548489668241517,-0.7656840161780459,1.0172963555521577,-3.1920497894114357,-0.8013675019921768,1.0,0.044462436449082945,0.04206313978976953,0.02917020368321051,0.06780204102298411,HOVER,RECOVER,0.05154815574797854,8.190716310820651
10.879999999999246,-3.1542207572467356,-0.7650920500696552,1.0177292302993786,-3.1920497894114357,-0.8013675019921768,1.0,0.039115118229827425,0.036795722515054106,0.02679329483429543,0.06001498410910162,HOVER,RECOVER,0.052411297319386124,8.190035531241199
10.895999999999244,-3.1536791437594793,-0.7645856090594517,1.0181247352496219,-3.1920497894114357,-0.8013675019921768,1.0,0.03382794646789046,0.03158010722366799,0.024472581377460226,0.05235017071385004,HOVER,RECOVER,0.05315274306620916,8.18944898836052
10.911999999999242,-3.1532228705811765,-0.7641635647325635,1.0184838041098685,-3.1920497894114357,-0.8013675019921768,1.0,0.028614946158890868,0.026431072734376268,0.02220967283870174,0.0448406770373539,HOVER,RECOVER,0.05377418129054851,8.188955313776766
10.92799999999924,-3.152850464747278,-0.7638245578498823,1.0188073969877645,-3.1920497894114357,-0.8013675019921768,1.0,0.023489434289153382,0.021362724954221483,0.02000616678511149,0.03752820606061353,HOVER,RECOVER,0.05427761701657034,8.188552903639597
10.943999999999239,-3.1525602480981396,-0.7635670099826082,1.0190964995260234,-3.1920497894114357,-0.8013675019921768,1.0,0.018464002059686083,0.01638846903169429,0.01786361656273444,0.03047310430466996,HOVER,RECOVER,0.054665355292909015,8.188239931609466
10.959999999999237,-3.152350349511553,-0.7633891355331588,1.019352121558344,-3.1920497894114357,-0.8013675019921768,1.0,0.013550499871862461,0.011520985088689567,0.015783501278610158,0.023779572258622324,HOVER,RECOVER,0.05493998404859502,8.18801436206796
10.975999999999235,-3.1522187173358605,-0.7632889540893991,1.0195752953292287,-3.1920497894114357,-0.8013675019921768,1.0,0.008760024977417284,0.0067722073443289245,0.013767198316800872,0.017667387452979064,HOVER,RECOVER,0.05510435657072679,8.18787396353388
10.991999999999233,-3.1521631319808314,-0.7632643030606291,1.0197670733238289,-3.1920497894114357,-0.8013675019921768,1.0,0.004102911717524661,0.002153306485767114,0.011815958630095158,0.01269202472939476,HOVER,RECOVER,0.05516157367047712,8.187816322240879
11.007999999999232,-3.1521812186091327,-0.7633128504661699,1.0199285257595885,-3.1920497894114357,-0.8013675019921768,1.0,-0.00041127608879069563,-0.002325319879536051,0.00993088513225453,0.010207778410281573,HOVER,RECOVER,0.055114965667993135,8.187838855811115
11.02399999999923,-3.1522704586364516,-0.763432107049029,1.0200607378478304,-3.1920497894114357,-0.8013675019921768,1.0,-0.004773650600587193,-0.006653993382639744,0.008112918709671863,0.011527480990331051,HOVER,RECOVER,0.05496807570215823,8.187938825664851
11.039999999999228,-3.1524281997244747,-0.7636194383046214,1.0201648068588371,-3.1920497894114357,-0.8013675019921768,1.0,-0.008975922492988214,-0.010823767306251234,0.0063628242561408815,0.015433944920678563,HOVER,RECOVER,0.05472464418780285,8.188113347909853
11.055999999999226,-3.152651668407679,-0.7638720777930555,1.02024183888411,-3.1920497894114357,-0.8013675019921768,1.0,-0.013010595001269713,-0.014826510660538313,0.004681170245771789,0.020273488982511613,HOVER,RECOVER,0.054388590480896754,8.1883594069644
11.071999999999225,-3.152937983427464,-0.7641871407349672,1.0202929454384866,-3.1920497894114357,-0.8013675019921768,1.0,-0.01687098366797378,-0.018654917544260304,0.003068319032453565,0.02533871780878239,HOVER,RECOVER,0.053963993834263736,8.188673869905857
11.087999999999223,-3.1532841689950857,-0.7645616376069422,1.0203192399826324,-3.1920497894114357,-0.8013675019921768,1.0,-0.02055121137732683,-0.022302507071157163,0.0015244211814905589,0.030365736787918714,HOVER,RECOVER,0.053455074402799334,8.189053500746352
11.103999999999221,-3.153687167939167,-0.7649924876881075,1.0203218344166956,-3.1920497894114357,-0.8013675019921768,1.0,-0.024046200981251844,-0.025763620463027874,4.941293271400806e-05,0.03524182689123288,HOVER,RECOVER,0.052866174363630725,8.189494974590014
11.11999999999922,-3.154143854695305,-0.7654765325105618,1.0203018355937463,-3.1920497894114357,-0.8013675019921768,1.0,-0.02735166559257143,-0.029033415369776827,-0.0013569833357759571,0.039911078944265876,HOVER,RECOVER,0.05220173921464466,8.189994891627808
11.135999999999218,-3.154651048096474,-0.7660105491677458,1.0202603419255711,-3.1920497894114357,-0.8013675019921768,1.0,-0.030464096561234236,-0.032107857490077975,-0.0026952538173958375,0.044342305815502504,HOVER,RECOVER,0.051466299312972516,8.190549790927175
11.151999999999216,-3.1552055239242645,-0.7665912634362468,1.020198440170022,-3.1920497894114357,-0.8013675019921768,1.0,-0.033380749152513794,-0.03498370955195095,-0.003966082264833877,0.04851663793514287,HOVER,RECOVER,0.05066445171309075,8.191156163974755
11.167999999999214,-3.1558040271786476,-0.7672153626641341,1.0201172022862324,-3.1920497894114357,-0.8013675019921768,1.0,-0.03609962569131149,-0.037658517442107936,-0.0051703483914523505,0.052422127136156335,HOVER,RECOVER,0.0498008423675528,8.191810467927787
11.183999999999212,-3.156443284029899,-0.7678795083846965,1.020017682421881,-3.1920497894114357,-0.8013675019921768,1.0,-0.03861945662013653,-0.040130593935858785,-0.006309119264405519,0.056051155074377246,HOVER,RECOVER,0.04888014874506863,8.19250913853586
11.19999999999921,-3.157120013418539,-0.7685803486164512,1.0199009141086768,-3.1920497894114357,-0.8013675019921768,1.0,-0.04093967949676378,-0.042399000054000664,-0.007383636933995714,0.05939907959935031,HOVER,RECOVER,0.047907062917666825,8.193248602696775
11.215999999999209,-3.157830938270422,-0.7693145298114147,1.019767907691986,-3.1920497894114357,-0.8013675019921768,1.0,-0.04306041601474792,-0.0444635241260828,-0.008395304460039832,0.06246347366301903,HOVER,RECOVER,0.046886275166956544,8.19402529061151
11.231999999999207,-3.1585727962965877,-0.7700787084159035,1.0196196480144455,-3.1920497894114357,-0.8013675019921768,1.0,-0.04498244718535725,-0.046324658692585355,-0.009345670646505613,0.06524366726051606,HOVER,RECOVER,0.04582245815612925,8.194835647505458
11.247999999999205,-3.1593423503500926,-0.7708695620106172,1.0194570923686412,-3.1920497894114357,-0.8013675019921768,1.0,-0.046707186831233066,-0.04798357539025941,-0.010236413776933526,0.06774045302426768,HOVER,RECOVER,0.044720251710721436,8.195676144885851
11.263999999999204,-3.160136398314796,-0.7716837999993849,1.0192811687292374,-3.1920497894114357,-0.8013675019921768,1.0,-0.04823665355080567,-0.049442097974756086,-0.011069324639330719,0.06995588428357351,HOVER,RECOVER,0.04358424824731945,8.196543291307833
11.279999999999202,-3.16095178250389,-0.7725181738187313,1.0190927742703977,-3.1920497894114357,-0.8013675019921768,1.0,-0.049573441319163594,-0.0507026736432331,-0.011846289121106605,0.07189312738181314,HOVER,RECOVER,0.04241897888541064,8.197433642624603
11.2959999999992,-3.161785398548866,-0.7733694866432868,1.0188927741700198,-3.1920497894114357,-0.8013675019921768,1.0,-0.05072068889592245,-0.05176834282682478,-0.01256927064245973,0.07355634687500467,HOVER,RECOVER,0.04122890027346199,8.198343811699797
11.311999999999198,-3.162634203762529,-0.774234602565037,1.0186820006982502,-3.1920497894114357,-0.8013675019921768,1.0,-0.05168204821380442,-0.05264270762863075,-0.013240292680923244,0.07495061123382525,HOVER,FLY,0.04001838215609748,8.199270477563415
11.327999999999196,-3.163495224962619,-0.775110455227437,1.018461252584009,-3.162633984173574,-0.774234550769821,1.4500000000000002,-0.052461651923206974,-0.05332989908716204,-0.013861421621059761,0.07608181168002899,FLIGHT,FLY,0.0012283909457441017,8.200210393995409
11.343999999999195,-3.164366564758887,-0.7759948654269294,1.0185025085919428,-3.162632454083353,-0.7742341898620803,1.4500000000000002,-0.05339376385929914,-0.05411114942709822,0.005905271834221332,0.07624816553085326,FLIGHT,FLY,0.0024712584404828625,8.201161468653192
11.359999999999193,-3.1652460988913766,-0.7768854282493108,1.0189605802117798,-3.1626283222790676,-0.7742332152789291,1.4500000000000002,-0.054210245396899434,-0.05476662753365494,0.03185073441173598,0.0833822731758321,FLIGHT,FLY,0.0037265249270886703,8.20212136121424
11.375999999999191,-3.1661317645952294,-0.7777798348526639,1.0198195094442708,-3.1626203184872708,-0.7742313273965192,1.4500000000000002,-0.05481391177728468,-0.05521999677513919,0.05676474387166234,0.09631224800091502,FLIGHT,FLY,0.004992209824858319,8.203087800836624
11.39199999999919,-3.167022093276778,-0.7786763530007853,1.0210617961781738,-3.1626071932609823,-0.7742282315034144,1.4500000000000002,-0.05525527080361964,-0.055513433281473235,0.08058780614405928,0.11238007263474427,FLIGHT,FLY,0.006267146639807258,8.20405916207298
11.407999999999188,-3.16791602739677,-0.7795736893585713,1.0226702397187408,-3.1625877178668085,-0.7742236377739646,1.4500000000000002,-0.055581147070721294,-0.055686565114200455,0.10333876319217927,0.12988132052764378,FLIGHT,FLY,0.00755075720739533,8.20503426974837
11.423999999999186,-3.1688127862079725,-0.7804708797753271,1.0246279691296465,-3.162560684172064,-0.7742172612416812,1.4500000000000002,-0.055824731975452235,-0.05576975654487174,0.12503810507705548,0.1478553149753708,FLIGHT,FLY,0.008842879883373483,8.206012255065925
11.439999999999184,-3.1697117748651977,-0.7813672071456692,1.0269184515506604,-3.1625249045318893,-0.7742088217726105,1.4500000000000002,-0.05600860026745844,-0.05578577111150573,0.14570691502725908,0.16576948045157816,FLIGHT,FLY,0.010143647585410764,8.206992457458071
11.455999999999182,-3.170612523557298,-0.7822621399637626,1.0295254985830868,-3.1624792116763705,-0.7741980440387087,1.4500000000000002,-0.056147991561217955,-0.05575165708058874,0.16536671280231624,0.1833221043045107,FLIGHT,FLY,0.011453401470345388,8.207974358252592
11.47199999999918,-3.1715146468828737,-0.7831552862027706,1.0324332713938393,-3.1624224585976584,-0.7741846574912162,1.4500000000000002,-0.056253186763338035,-0.05568019972280866,0.18403935401415208,0.20033768863633533,FLIGHT,FLY,0.012772629615485236,8.208957535919446
11.487999999999179,-3.1724178167858814,-0.7840463585716663,1.0356262847918054,-3.1623535184370883,-0.7741683963340324,1.4500000000000002,-0.05633113213755782,-0.0555809966982815,0.201746955317874,0.2167124307046221,FLIGHT,FLY,0.01410192324548814,8.209941635877128
11.503999999999177,-3.1733217445420934,-0.7849351482560217,1.0390894104277866,-3.1622712843723004,-0.7741489994970898,1.4500000000000002,-0.05638653606301416,-0.055461253125189826,0.21851183421109355,0.23238505489316305,FLIGHT,FLY,0.015441945311844252,8.210926350100353
11.519999999999175,-3.17422616876692,-0.7858215050139512,1.0428078792165725,-3.1621746695043575,-0.7741262106097282,1.4500000000000002,-0.056422606766167234,-0.05532637171187108,0.23435645766311922,0.24732057579080446,FLIGHT,FLY,0.016793407804165092,8.211911403315083
11.535999999999174,-3.1751308474147786,-0.7867053220531195,1.0467672830514279,-3.1620626067448647,-0.77409977797407,1.4500000000000002,-0.056441547196484185,-0.05518039281164309,0.2493033965387315,0.2615008748102541,FLIGHT,FLY,0.01815705526057707,8.212896543613548
11.551999999999172,-3.176035552413823,-0.787586524519054,1.0509535758656614,-3.1619340487030905,-0.774069454538394,1.4500000000000002,-0.05644488607041288,-0.05502632406758863,0.2633752841847179,0.2749190095705899,FLIGHT,FLY,0.019533652699018095,8.213881536030259
11.56799999999917,-3.1769400660329303,-0.7884650607212128,1.0553530740870105,-3.1617879675730833,-0.77403499787051,1.4500000000000002,-0.056433698644153374,-0.054866388420316874,0.27659477827547974,0.2875756496823227,FLIGHT,FLY,0.020923976716010057,8.214866158098545
11.583999999999168,-3.177844178381906,-0.7893408954414147,1.0599524565252192,-3.1616233550207946,-0.7739961701311332,1.4500000000000002,-0.05640875345118727,-0.0547022114506447,0.28898452539747077,0.29947676925382594,FLIGHT,FLY,0.022328808865686774,8.215850196730166
11.599999999999167,-3.1787476856493897,-0.7902140048307431,1.0647387637297434,-3.161439222071194,-0.773952738047259,1.4500000000000002,-0.05637060947719062,-0.05453496342578558,0.3005671280570459,0.3106321076726331,FLIGHT,FLY,0.023748930688377797,8.216833445978194
11.615999999999165,-3.1796503888187906,-0.7910843725212122,1.0696993968521324,-3.1612345989953927,-0.7739044728855371,1.4500000000000002,-0.0563196802719798,-0.054365467357672954,0.31136511390704597,0.32105411473037365,FLIGHT,FLY,0.025185119938396852,8.217815705389764
11.631999999999163,-3.1805520926928947,-0.791951986668342,1.0748221160458238,-3.1610085351977606,-0.7738511504256461,1.4500000000000002,-0.05625627609384993,-0.054194281451278845,0.32140090704792273,0.33075720973728656,FLIGHT,FLY,0.02663814768805268,8.21879677875357
11.647999999999161,-3.1814526051829817,-0.792816837746002,1.0800950383964845,-3.1607600991030456,-0.7737925509336678,1.4500000000000002,-0.056181029215758314,-0.054021991389765545,0.3306967988477056,0.33975734924439477,FLIGHT,FLY,0.028108776148849737,8.219776473181552
11.66399999999916,-3.182351737305288,-0.7936789172238533,1.0855066354938738,-3.1604883780434943,-0.7737284591354622,1.4500000000000002,-0.05609425890955663,-0.053848883373871684,0.33927492646579854,0.34807146371341363,FLIGHT,FLY,0.029597757620247474,8.220754598978642
11.679999999999158,-3.1832493036133314,-0.7945382168716407,1.0910457306444947,-3.160192478145971,-0.7736586641900411,1.4500000000000002,-0.05599610439117452,-0.05367505176161858,0.34715724945343357,0.35571720612963503,FLIGHT,FLY,0.03110583419257555,8.221730970006114
11.695999999999156,-3.184145122498792,-0.7953947282846848,1.09670149572116,-3.1598715242190765,-0.7735829596629433,1.4500000000000002,-0.055886719070493474,-0.05350053180338361,0.35436552774124785,0.362712778273722,FLIGHT,FLY,0.03263373750972138,8.222705403935121
11.711999999999154,-3.1850390163019755,-0.796248442528852,1.1024634476924724,-3.159524659640268,-0.7735011434996086,1.4500000000000002,-0.05576628658991222,-0.05332532706461674,0.3609213019077256,0.3690767608470414,FLIGHT,FLY,0.03418218847567596,8.223677722322003
11.727999999999152,-3.1859308112817333,-0.7970993498759343,1.108321444858831,-3.1591510462429784,-0.7734130179987528,1.4500000000000002,-0.05563500836978464,-0.0531494179348886,0.3668458750416864,0.374827974967483,FLIGHT,FLY,0.03575189691928113,8.224647750552252
11.74399999999915,-3.1868203374921866,-0.7979474396114824,1.1142656828190198,-3.1587498642037355,-0.7733183897857414,1.4500000000000002,-0.05549309227372299,-0.05297276721002375,0.3721602960932559,0.37998537253979553,FLIGHT,FLY,0.037343561238270796,8.225615317698622
11.759999999999149,-3.1877074286004734,-0.7987926999005257,1.1202866901903468,-3.158320311929282,-0.7732170697859647,1.4500000000000002,-0.055340744706758954,-0.05279532454912127,0.3768853446507606,0.38456794891341156,FLIGHT,FLY,0.03895786803718913,8.226580256326061
11.775999999999147,-3.1885919216692282,-0.7996351176990357,1.1263753241042689,-3.1578616059436944,-0.7731088731982119,1.4500000000000002,-0.05517816542028166,-0.052617030094809836,0.38104151707906714,0.3885946725484835,FLIGHT,FLY,0.04059549176827991,8.227542402265946
11.791999999999145,-3.1894736569200477,-0.8004746787010952,1.1325227654983963,-3.157372980775503,-0.7729936194680458,1.4500000000000002,-0.05500554422520263,-0.05243781738492403,0.38464901395510054,0.3920844278012537,FLIGHT,FLY,0.0422570943807937,8.228501594374825
11.807999999999144,-3.190352477488987,-0.8013113673135773,1.1387205142247507,-3.15685368884481,-0.7728711322611772,1.4500000000000002,-0.054823059022557755,-0.05225761566427222,0.3877277287371875,0.39505596796808895,FLIGHT,FLY,0.043943324981878674,8.229457674287895
11.823999999999142,-3.191228229181526,-0.8021451666517108,1.1449603839931544,-3.1563030003504107,-0.7727412394368391,1.4500000000000002,-0.05463087473705594,-0.05207635169595022,0.3902972376061112,0.3975278764608306,FLIGHT,FLY,0.045654819510794614,8.230410486174005
11.83999999999914,-3.1921007602319444,-0.8029760585502307,1.1512344971676498,-3.1557202031569114,-0.7726037730211616,1.4500000000000002,-0.054429142865244515,-0.05189395116093215,0.3923767904172388,0.3995185345115695,FLIGHT,FLY,0.047392200427380876,8.231359876496573
11.855999999999138,-3.1929699210702926,-0.8038040235859066,1.157535279432904,-3.15510460268185,-0.772458569180546,1.4500000000000002,-0.05421800143793446,-0.051710339722953996,0.3939853027047109,0.4010460941855809,FLIGHT,FLY,0.04915607641519697,8.23230569378321
11.871999999999137,-3.1938355640989493,-0.8046290411081408,1.163855454346629,-3.154455521782814,-0.7723054681950395,1.4500000000000002,-0.053997575257671765,-0.05152544382413563,0.39514134868043604,0.40212845576006684,FLIGHT,FLY,0.05094704209950951,8.233247788405698
11.887999999999135,-3.1946975434799225,-0.805451089275056,1.1701880377931593,-3.1537723006445617,-0.7721443144317094,1.4500000000000002,-0.053767976314570455,-0.05133919126606317,0.39586315517246523,0.4027832487330089,FLIGHT,FLY,0.05276567778015024,8.234186012371243
11.903999999999133,-3.1955557149334717,-0.8062701450930809,1.1765263323524657,-3.1530542966661406,-0.7719749563180178,1.4500000000000002,-0.053529304313449266,-0.05115151162150793,0.3961685964492162,0.40302781588122305,FLIGHT,FLY,0.054612549179211926,8.235120219125347
11.919999999999131,-3.196409935548235,-0.8070861844585108,1.1828639215980592,-3.152300884348006,-0.7717972463151961,1.4500000000000002,-0.05328164726588639,-0.05096233651369259,0.3960751898779449,0.4028791999038313,FLIGHT,FLY,0.05648820720351394,8.236050263366392
11.93599999999913,-3.197260063602795,-0.8078991821998937,1.189194664336435,-3.1515114551791417,-0.7716110408916191,1.4500000000000002,-0.053025082115253815,-0.050771599792997814,0.395600092367812,0.40235413227689254,FLIGHT,FLY,0.05839318772177167,8.236976000871712
11.951999999999128,-3.1981058222870646,-0.808709046920035,1.1955128721005783,-3.15068541752418,-0.77141620049618,1.4500000000000002,-0.05188108215521772,-0.05015875418421012,0.394771493486236,0.4013129444414443,FLIGHT,FLY,0.060327864061883216,8.237897146480247
11.967999999999126,-3.198945613144763,-0.809515052311195,1.2018131072513407,-3.149822196510519,-0.7712125895316643,1.4500000000000002,-0.050540096550954414,-0.04944675708307239,0.39360045802777455,0.39990074231624784,FLIGHT,FLY,0.062291160823979536,8.238812037376759
11.983999999999124,-3.199775941514527,-0.8103155508672092,1.2080901897704552,-3.1489212339154435,-0.7710000763281244,1.4500000000000002,-0.04927790603925402,-0.04876403849657668,0.39210551597822246,0.3981871157316083,FLIGHT,FLY,0.06427991772880319,8.239717032945833
11.999999999999122,-3.200591965424531,-0.811108218137213,1.2143392775650859,-3.147981988053244,-0.7707785331162548,1.4500000000000002,-0.04795931528874817,-0.04804884752316051,0.39030830654618404,0.396168350364109,FLIGHT,FLY,0.06628946532366264,8.240607084730778
12.01599999999912,-3.2013880281183473,-0.8118902966146474,1.2205558120001514,-3.147003933662336,-0.7705478360007652,1.4500000000000002,-0.046458140015556426,-0.047243524945291195,0.388227341126636,0.39384105654593554,FLIGHT,FLY,0.0683141916398837,8.241476290173988
12.031999999999119,-3.202158032686677,-0.8126587750675732,1.2267354739540917,-3.145986561792381,-0.7703078649337561,1.4500000000000002,-0.04469132904125059,-0.04630885725629587,0.3858782742684053,0.39120821528211797,FLIGHT,FLY,0.07034794760042001,8.242318282974816
12.047999999999117,-3.2028956927086045,-0.8134105155448129,1.232874153192354,-3.1449293796914017,-0.7700585036880929,1.4500000000000002,-0.04260932773361337,-0.04522031875609089,0.3832746262636957,0.3882780848514226,FLIGHT,FLY,0.07238432410980657,8.24312649498091
12.063999999999115,-3.2035946980821177,-0.8141423429837802,1.2389679278084142,-3.1438319106929073,-0.7697996398307803,1.4500000000000002,-0.04018542594178487,-0.04396386063764086,0.3804284331460111,0.3850629588083196,FLIGHT,FLY,0.07441684002591774,8.243894330050583
12.079999999999114,-3.2042488241977822,-0.8148511084743844,1.2450130506373263,-3.142693694103008,-0.7695311646963365,1.4500000000000002,-0.03740811697997505,-0.042532794813571834,0.3773507357958948,0.38157827985400855,FLIGHT,FLY,0.07643906949348615,8.244615278976491
12.095999999999112,-3.2048520034069763,-0.8155337339146723,1.251005940334844,-3.141514285087536,-0.7692529733601684,1.4500000000000002,-0.03427594156179704,-0.04092559894871797,0.37405192129965803,0.37784201016724517,FLIGHT,FLY,0.07844472805368165,8.245282995080538
12.11199999999911,-3.205398371388438,-0.8161872434421575,1.256943175514612,-3.140293254559167,-0.7689649646119452,1.4500000000000002,-0.030794047189486435,-0.03914437653307074,0.3705419511054272,0.3738741674487393,FLIGHT,FLY,0.08042773063608946,8.245891343544477
12.127999999999108,-3.2058822967757594,-0.816808785400687,1.2628214908559716,-3.139030189064536,-0.7686670409289735,1.4500000000000002,-0.026971896230337154,-0.03719377209729946,0.3668305089484763,0.3696964730214289,FLIGHT,FLY,0.08238223028185612,8.246434433162344
12.143999999999107,-3.206298399592213,-0.8173956474822425,1.2686377744580128,-3.137724690671359,-0.7683591084495716,1.4500000000000002,-0.022821738524740405,-0.03508020250371273,0.36292709424455455,0.3653320792016339,FLIGHT,FLY,0.08430264358526748,8.246906636289308
12.159999999999105,-3.2066415621718156,-0.8179452669073947,1.2743890659611523,-3.1363763768555524,-0.7680410769464435,1.4500000000000002,-0.018357592152288944,-0.032811308572778544,0.35884107930544884,0.3608053538363688,FLIGHT,FLY,0.08618366691657714,8.247302600827865
12.175999999999103,-3.206906935007966,-0.8184552369687506,1.2800725551206718,-3.1349848803883518,-0.7677128598000543,1.4500000000000002,-0.013594561836848405,-0.030395561068518002,0.35458174288280914,0.35614170582791405,FLIGHT,FLY,0.08802028619265576,8.247617256808383
12.191999999999101,-3.20708993915132,-0.8189233108848507,1.2856855806239513,-3.1335498492234306,-0.7673743739720037,1.4500000000000002,-0.008548381696057303,-0.027841975423985987,0.35015828832775847,0.35136743917124275,FLIGHT,FLY,0.08980778208733783,8.247845819268775
12.2079999999991,-3.2071862662359405,-0.8193474036472945,1.2912256290133366,-3.132070946384022,-0.767025539978401,1.4500000000000002,-0.003235107109626,-0.0251599035357613,0.34557985176752487,0.346509625568474,FLIGHT,FLY,0.0915417319818798,8.247983788572538
12.223999999999098,-3.207191876853807,-0.8197255923569786,1.2966903336225293,-3.1305478498500348,-0.7666662818632394,1.4500000000000002,0.0023290942134004495,-0.022358880540961797,0.3408555037877267,0.34159598750758896,FLIGHT,FLY,0.09321800955516035,8.248026948929066
12.239999999999096,-3.2071029977603844,-0.8200561154126259,1.3020774734645928,-3.1289802524451766,-0.7662965271717707,1.4500000000000002,0.008128085076807401,-0.019448511099656795,0.3359942468676276,0.3366547850234028,FLIGHT,FLY,0.09483278264087332,8.247971365631257
12.255999999999094,-3.2069161182370483,-0.8203373708199766,1.3073849720297277,-3.1273678617240708,-0.7659162069238792,1.4500000000000002,0.014145857495916455,-0.01643838428068731,0.33100501002126764,0.3317147003393636,FLIGHT,FLY,0.09638250979332484,8.24781338136011
12.271999999999093,-3.2066279858324562,-0.8205679138218679,1.3126108959644793,-3.125710399859376,-0.7655252555874569,1.4500000000000002,0.02036660179512674,-0.013338009328987268,0.32589664159369286,0.3268047153325504,FLIGHT,FLY,0.09786393587640442,8.24754961179637
12.28799999999909,-3.206235602105369,-0.8207464541347488,1.317753453636725,-3.1240076035289066,-0.7651236110517772,1.4500000000000002,0.02677472470426347,-0.0101567757216303,0.32067790238526783,0.32195397660886865,FLIGHT,FLY,0.09927408736686323,8.247176941186387
12.303999999999089,-3.2057362218609735,-0.820871853878011,1.3228109937477344,-3.1222592238027516,-0.7647112146008701,1.4500000000000002,0.03335459539090876,-0.006903998857821781,0.31535747126255265,0.3171916280657983,FLIGHT,FLY,0.10061027089134354,8.246692521444603
12.319999999999087,-3.205127351762066,-0.8209431250799204,1.3277820037877428,-3.120465026030394,-0.764288010886896,1.4500000000000002,0.04009067981045201,-0.0035888601699273857,0.3099439313465129,0.31254660948971336,FLIGHT,FLY,0.10187007098515431,8.246093770583133
12.335999999999085,-3.204406745713053,-0.8209594260658323,1.33266510818723,-3.1186247897278303,-0.7638539479035207,1.4500000000000002,0.04696772644913615,-0.000220337134354938,0.30444575205959334,0.30804745060361244,FLIGHT,FLY,0.10305134452687631,8.245378367809945
12.351999999999084,-3.2035723997774626,-0.8209200575631833,1.337459066288331,-3.1167383084646896,-0.7634089769592894,1.4500000000000002,0.05397078775158227,0.0031928158778614536,0.29887127858145085,0.3037220458983303,FLIGHT,FLY,0.10415221460123915,8.24454424812555
12.367999999999082,-3.202622546858298,-0.8208244586226875,1.3421627701454077,-3.114805389751354,-0.7629530526510017,1.4500000000000002,0.061085236854669336,0.006642082496446431,0.29322872134722444,0.2995974072725077,FLIGHT,FLY,0.10517106404085387,8.243589596656381
12.38399999999908,-3.20155565116237,-0.820672202388915,1.3467752421562418,-3.1128258549260766,-0.7624861328370853,1.4500000000000002,0.06829678228178918,0.01011919636218206,0.28752614562367057,0.29569939638468445,FLIGHT,FLY,0.1061065286870914,8.242512842749308
12.399999999999078,-3.2003704024671764,-0.8204629917476076,1.3512956325271135,-3.1107995390421017,-0.7620081786109713,1.4500000000000002,0.07559148106019899,0.013616150844543604,0.281771461269933,0.29205244042618295,FLIGHT,FLY,0.10695749040414355,8.241312653848725
12.415999999999077,-3.1990657102072824,-0.8201966548725951,1.3557232165766306,-3.108726290754785,-0.761519154274468,1.4500000000000002,0.08295575055036156,0.017125206797146807,0.27597241278108225,0.28867923699745174,FLIGHT,FLY,0.10772306987575807,8.239987929175689
12.431999999999075,-3.1976406973960585,-0.819873140691806,1.3600573918845742,-3.106605972208711,-0.7610190273111358,1.4500000000000002,0.09037637911314064,0.020638898809452782,0.2701365696999183,0.2856004557680323,FLIGHT,FLY,0.10840261921079523,8.238537793227144
12.447999999999073,-3.1960946943978836,-0.8194925142892158,1.3642976752932623,-3.104438458924814,-0.7605077683596615,1.4500000000000002,0.09784053573026986,0.02415004017440421,0.26427131747435834,0.28283444647362993,FLIGHT,FLY,0.10899571438120319,8.236961589112408
12.463999999999071,-3.19442723256543,-0.819054952257452,1.3684436997700222,-3.102223639687498,-0.7599853511872325,1.4500000000000002,0.10533577865360101,0.027651726748872747,0.25838384882845045,0.28039696430624617,FLIGHT,FLY,0.10950214751407536,8.23525887174334
12.47999999999907,-3.1926380377562613,-0.8185607380140774,1.3724952111402915,-3.0999614164317535,-0.7594517526629118,1.4500000000000002,0.11285006313135276,0.031137339857425582,0.252481155706156,0.27830092466404655,FLIGHT,FLY,0.10992191905789549,8.233429400894194
12.495999999999068,-3.1907270237426726,-0.8180102570932052,1.376452064701668,-3.09765170413028,-0.7589069527310119,1.4500000000000002,0.12037174832000291,0.03460054838039404,0.24657002183432175,0.27655619936862025,FLIGHT,FLY,0.11025522984184977,8.231473134146658
12.511999999999066,-3.1886942855282308,-0.8174039924229258,1.3803142217298716,-3.095294430680603,-0.75835093438447,1.4500000000000002,0.12788960393677015,0.03803531027335253,0.24065701591721372,0.2751694658439998,FLIGHT,FLY,0.11050247304586056,8.229390219735095
12.527999999999064,-3.1865400925822978,-0.81674251960183,1.3840817458881012,-3.0928895367921956,-0.7577836836382214,1.4500000000000002,0.13539281491375413,0.04143587285693536,0.2347484856033983,0.27414411790657683,FLIGHT,FLY,0.11066422609849468,8.227180989305081
12.543999999999063,-3.184264881987984,-0.8160265022436193,1.3877547995521555,-3.090436975873596,-0.7572051895025748,1.4500000000000002,0.1428709866669537,0.04479676774694542,0.2288505522142436,0.27348024513760927,FLIGHT,FLY,0.11074124253587815,8.224845950588117
12.55999999999906,-3.1818692515311846,-0.8152566873498365,1.3913336400631267,-3.0879367139195275,-0.7566154439565866,1.4500000000000002,0.15031414859376238,0.048112810893864016,0.22296910613494603,0.273174684277649,FLIGHT,FLY,0.11073444382337295,8.222385780016655
12.575999999999059,-3.179353952773523,-0.8144339006167581,1.3948186159192815,-3.085388729398019,-0.7560144419214354,1.4500000000000002,0.15771275535477974,0.05137910701047253,0.217109802928269,0.2732211418729195,FLIGHT,FLY,0.11064491112682459,8.219801315313266
12.591999999999057,-3.1767198841011477,-0.8135590417573485,1.398210162920283,-3.0827930131375227,-0.7554021812337959,1.4500000000000002,0.16505768878164578,0.05459104838655911,0.21127806026309956,0.27361038346236094,FLIGHT,FLY,0.1104738770704342,8.217093548054581
12.607999999999056,-3.1739680837586257,-0.8126330798569361,1.4015088002763225,-3.080149568214034,-0.7547786626192141,1.4500000000000002,0.17234025903791042,0.05774431300358932,0.20547905561490334,0.27433048110974306,FLIGHT,FLY,0.11022271749919436,8.21426361622163
12.623999999999054,-3.1710997228801547,-0.8116570487693194,1.4047151266945035,-3.0774584098382127,-0.7541438896654814,1.4500000000000002,0.17955220499846314,0.060834862211465876,0.19971772472922528,0.27536710833198064,FLIGHT,FLY,0.10989294325989438,8.211312796749924
12.639999999999052,-3.1681160985299606,-0.8106320425596792,1.4078298164546128,-3.0747195652424995,-0.7534978687960092,1.4500000000000002,0.1866856938753794,0.06385893799338821,0.19399876083602677,0.2767038696247112,FLIGHT,FLY,0.1094861920142128,8.208242498092316
12.65599999999905,-3.1650186267634197,-0.8095592110003772,1.4108536154861129,-3.0719330735682373,-0.7528406092432031,1.4500000000000002,0.19373332011487354,0.06681305984051938,0.1883266145978226,0.2783226509895695,FLIGHT,FLY,0.10900422009693961,8.205054252807177
12.671999999999048,-3.1618088357201373,-0.808439755125448,1.4137873374578354,-3.069098985752791,-0.7521721230218377,1.4500000000000002,0.2006881035878506,0.06969402125578561,0.18270549477014256,0.2802039780939813,FLIGHT,FLY,0.1084488944319633,8.201749710184199
12.687999999999047,-3.158488358759912,-0.8072749228493346,1.4166318598914251,-3.0662173644166644,-0.7514924249024307,1.4500000000000002,0.20754348709528728,0.07249888590445858,0.17713936954881784,0.2823273697982752,FLIGHT,FLY,0.10782218451825208,8.19833062891967
12.703999999999045,-3.155058927652197,-0.8060660046551744,1.4193881203090999,-3.063288283750623,-0.7508015323846179,1.4500000000000002,0.2142933332090727,0.07522498342796141,0.17163196857499025,0.2846716765442572,FLIGHT,FLY,0.10712615449764193,8.19479886985279
12.719999999999043,-3.1515223658293645,-0.8048143293577069,1.422057112425758,-3.0603118294028104,-0.750099465670527,1.4500000000000002,0.2209319204687938,0.07786990493648005,0.16618678556557037,0.2872153952584414,FLIGHT,FLY,0.10636295531587316,8.191156388774168
12.735999999999041,-3.1478805817137507,-0.803521259945649,1.4246398823948887,-3.0572880983658703,-0.7493862476381524,1.4500000000000002,0.22745393895511254,0.08043149819536748,0.16080708153412746,0.2899369547326987,FLIGHT,FLY,0.10553481698789645,8.187405229317323
12.75199999999904,-3.14413556212814,-0.8021881895081538,1.427137525117129,-3.054217198864064,-0.74866190381473,1.4500000000000002,0.2338544852607583,0.08290786251994384,0.15549588856488006,0.2928149676925374,FLIGHT,FLY,0.10464404097809098,8.183547515943596
12.767999999999038,-3.1402893657989948,-0.8008165372497514,1.4295511806196655,-3.05109925024039,-0.7479264623501107,1.4500000000000002,0.24012905688067568,0.08529734339306856,0.15025601410056202,0.29582844778977246,FLIGHT,FLY,0.10369299270561574,8.179585447030485
12.783999999999036,-3.1363441169613937,-0.7994077445979404,1.431882030514017,-3.047934382843704,-0.7471799539901361,1.4500000000000002,0.24627354604347773,0.08759852681976078,0.1450900457034538,0.298956991462069,FLIGHT,FLY,0.10268409418470435,8.175521288073039
12.799999999999034,-3.132301999074274,-0.7979632714073817,1.4341312945390536,-3.0447227379158397,-0.746422412050012,1.4500000000000002,0.25228423300702224,0.08981023343314096,0.1400003562477796,0.30218092594133394,FLIGHT,FLY,0.1016198168092887,8.171357365007518
12.815999999999033,-3.128165248654194,-0.7964845922644123,1.4363002271954155,-3.0414644674787246,-0.7456538723876832,1.4500000000000002,0.2581577788416244,0.09193151236603585,0.13498910950096377,0.30548142566481984,FLIGHT,FLY,0.10050267429090218,8.167096057666049
12.83199999999903,-3.1239361492354596,-0.7949731928953756,1.4383901144767983,-3.038159734221503,-0.7448743733772079,1.4500000000000002,0.2638912177251223,0.09396163490271342,0.1300582660508948,0.30884059997708213,FLIGHT,FLY,0.09933521575836268,8.162739793370664
12.847999999999029,-3.1196170254640303,-0.793430566682025,1.4404022707028799,-3.0348087113876527,-0.7440839558821323,1.4500000000000002,0.2694819487747066,0.09590008792537615,0.12520958953634176,0.3122415553563741,FLIGHT,FLY,0.09812001902727902,8.158291040674555
12.863999999999027,-3.115210237332246,-0.7918582112870258,1.4423380354579753,-3.0314115826621073,-0.7432826632288649,1.4500000000000002,0.27492772744109056,0.09774656717022677,0.12044465313798788,0.3156684355126696,FLIGHT,FLY,0.09685968404695462,8.153752303257978
12.879999999999026,-3.110718174560962,-0.7902576253923427,1.444198770638826,-3.027968542058373,-0.7424705411800513,1.4500000000000002,0.28022665649122813,0.09950097030811692,0.11576484628816378,0.31910644264356636,FLIGHT,FLY,0.0955568265317878,8.149126113985735
12.895999999999024,-3.106143251135268,-0.7886303055530506,1.4459858576142706,-3.0244797938056482,-0.741647637907948,1.4500000000000002,0.2853771766063682,0.1011633898649878,0.11117138155825614,0.3225418429512195,FLIGHT,FLY,0.09421407178376699,8.144415029132697
12.911999999999022,-3.101487899999518,-0.7869777431688683,1.447700694498904,-3.0209455522359447,-0.7408140039677973,1.4500000000000002,0.2903780566227523,0.10273410599749858,0.10666530168391221,0.3259619592627821,FLIGHT,FLY,0.09283404871216644,8.139621622783322
12.92799999999902,-3.096754567916957,-0.7853014215754575,1.4493446935422056,-3.017366041671207,-0.7399696922712021,1.4500000000000002,0.2952283834427199,0.104213579139411,0.1022474866895318,0.3293551532943942,FLIGHT,FLY,0.0914193840560436,8.134748481410629
12.943999999999019,-3.0919457104987678,-0.783602813257283,1.4509192786340337,-3.0137414963104283,-0.7391147580594997,1.4500000000000002,0.29992755164436136,0.10560244253444383,0.09791866107510953,0.33271079978167784,FLIGHT,FLY,0.08997269681462643,8.129798198639628
12.959999999999017,-3.087063787406917,-0.7818833771835727,1.4524258829268053,-3.0100721601167746,-0.7382492588771363,1.4500000000000002,0.3044752528181614,0.10690149467142711,0.09367940103023882,0.33601925438738295,FLIGHT,FLY,0.08849659289014637,8.124773370199584
12.975999999999015,-3.0821112577346916,-0.7801445562686616,1.4538659465741646,-3.0063582867047014,-0.7373732545450422,1.4500000000000002,0.30887146465928533,0.10811169163766504,0.08953014164198846,0.33927181700218517,FLIGHT,FLY,0.08699365994716758,8.11967658906914
12.991999999999013,-3.077090575568381,-0.7783877749577451,1.455240914585426,-3.002600139227073,-0.7364868071340055,1.4500000000000002,0.31311643984428866,0.10923413940645589,0.08547118406538684,0.34246069178545196,FLIGHT,FLY,0.08546646249193021,8.114510440817686
13.007999999999011,-3.072004185733074,-0.7766144369388148,1.456552234794623,-2.998797990262284,-0.7355899809380466,1.4500000000000002,0.31721069472106056,0.11027008607471177,0.08150270262737676,0.34557894505294856,FLIGHT,FLY,0.08391753717469606,8.109277499145906
13.02399999999901,-3.066854519725081,-0.7748259229812886,1.4578013559425653,-2.9949521217013757,-0.7346828424477931,1.4500000000000002,0.321154997840753,0.11122091406657038,0.0776247518373105,0.34862046190908175,FLIGHT,FLY,0.0823493883175706,8.103980321627931
13.039999999999008,-3.061643991833032,-0.7730235889015945,1.4589897258699065,-2.991062824635158,-0.7337654603238544,1.4500000000000002,0.3249503583602924,0.11208813231879027,0.07383727327931504,0.3515799023415891,FLIGHT,FLY,0.0807644836697457,8.098621445657027
13.055999999999006,-3.0563749954492354,-0.771208763655717,1.460118789818876,-2.9871303992413276,-0.732837905370195,1.4500000000000002,0.32859801434382363,0.11287336846357228,0.07014010236415533,0.3544526573446322,FLIGHT,FLY,0.07916525039159424,8.09320338459618
13.071999999999004,-3.0510498995724378,-0.769382747558463,1.4611899888410131,-2.983155154671588,-0.7319002505075105,1.4500000000000002,0.3320994209910971,0.11357836102425153,0.06653297492053202,0.3572348055094203,FLIGHT,FLY,0.07755407126854227,8.087728624134588
13.087999999999003,-3.0456710455026665,-0.7675468106289587,1.4622047583079507,-2.9791374089387688,-0.7309525707466008,1.4500000000000002,0.3354562388203807,0.11420495163905481,0.06301553360805531,0.3599230704168644,FLIGHT,FLY,0.07593328115513241,8.082199618850469
13.103999999999001,-3.040240743728413,-0.7657021910616514,1.4631645265220674,-2.975077488803944,-0.7299949431617454,1.4500000000000002,0.33867032183296275,0.11475507732782253,0.05958733413641629,0.36251477908140795,FLIGHT,FLY,0.0743051636492151,8.076618788980142
13.119999999999,-3.0347612710059764,-0.7638500938218518,1.4640707134236062,-2.9709757296635546,-0.7290274468640775,1.4500000000000002,0.34174370568571544,0.11523076281624973,0.05624785127751833,0.36500782162627354,FLIGHT,FLY,0.07267194799571276,8.070988517392973
13.135999999998997,-3.0292348676303638,-0.7619916893646242,1.4649247293906937,-2.9668324754365227,-0.7280501629749584,1.4500000000000002,0.34467859589751076,0.11563411293181283,0.05299648465951518,0.3674006123153213,FLIGHT,FLY,0.07103580621893676,8.065311146771212
13.151999999998996,-3.0236637348967563,-0.7601281124756125,1.4657279741285585,-2.9626480784513762,-0.727063174599352,1.4500000000000002,0.34747735611453234,0.11596730508511563,0.049832564333817456,0.36969205202321276,FLIGHT,FLY,0.06939885048199013,8.059588976993373
13.167999999998994,-3.018050032751139,-0.7582604612321705,1.466481835644131,-2.958422899333366,-0.7260665667991997,1.4500000000000002,0.3501424964587092,0.11623258184991851,0.046755356108164184,0.37188149219158034,FLIGHT,FLY,0.06776313067134765,8.053824262719454
13.183999999998992,-3.0123958776283244,-0.7563897960829661,1.467187689302146,-2.954157306891584,-0.7250604265667939,1.4500000000000002,0.35267666198261766,0.1164322436546045,0.04376406664079669,0.3739687002926673,FLIGHT,FLY,0.06613063220429065,8.048019211175742
13.19999999999899,-3.006703340475236,-0.7545171390440226,1.4678468969588192,-2.9498516780060857,-0.7240448427981537,1.4500000000000002,0.3550826212532629,0.11656864159729494,0.04085784829261197,0.37595382680194767,FLIGHT,FLY,0.06450327405645527,8.042175980136749
13.215999999998989,-3.0009744449569635,-0.7526434730089828,1.468460806169149,-2.9455063975150066,-0.7230199062663981,1.4500000000000002,0.3573632550861661,0.11664417039625485,0.03803580373590441,0.37783737366629977,FLIGHT,FLY,0.0628829070064,8.036296676101339
13.231999999998987,-2.9952111658427834,-0.7507697411711922,1.4690307494639143,-2.9411218581016834,-0.7219857095951216,1.4500000000000002,0.35952154545015697,0.11666126148662903,0.03529699031991851,0.3796201642433728,FLIGHT,FLY,0.06127131209370048,8.030383352659783
13.247999999998985,-2.9894154275690155,-0.7488968465550387,1.4695580436924591,-2.9366984601817725,-0.7209423472317678,1.4500000000000002,0.3615605645622011,0.11662237627392825,0.03264042419493186,0.3813033146799807,FLIGHT,FLY,0.05967019928676622,8.024438009048227
13.263999999998983,-2.9835891029752957,-0.7470256516538227,1.470043989427422,-2.932236611790371,-0.7198899154210041,1.4500000000000002,0.36348346419050453,0.11652999955404396,0.03006508419795695,0.3828882066920128,FLIGHT,FLY,0.058081206356229244,8.018462588886646
13.279999999998982,-2.977734012210566,-0.7451569781712863,1.4704898704276355,-2.927736728469133,-0.7188285121780967,1.4500000000000002,0.3652934651830103,0.11638663310891274,0.02756991550439617,0.3843764617048752,FLIGHT,FLY,0.056505897949470134,8.01245897909616
13.29599999999898,-2.97185192180483,-0.7432916068637938,1.4708969531555145,-2.923199233153393,-0.7177582372622842,1.4500000000000002,0.3669938472372697,0.11619478948628394,0.02515383305110162,0.38576991631144203,FLIGHT,FLY,0.05494576486155192,8.006429008991308
13.311999999998978,-2.9659445439024688,-0.7414302774800301,1.471266486345363,-2.9186245560592816,-0.7166791921501526,1.4500000000000002,0.36858793892651975,0.11595698597136588,0.02281572473728284,0.38707059900352914,FLIGHT,FLY,0.0534022234975872,8.000374449542573
13.327999999998976,-2.960013535652719,-0.7395736887949704,1.4715997006191504,-2.9140131345708475,-0.7155914800090096,1.4500000000000002,0.37007910799564336,0.11567573875744462,0.02055445441057058,0.38828070813272175,FLIGHT,FLY,0.051876615521316186,7.994297012804333
13.343999999998974,-2.9540604987526713,-0.7377224987347697,1.4718978081464367,-2.9093654131271762,-0.7144952056702594,1.4500000000000002,0.3714707519395331,0.11535355732188521,0.018368864646286332,0.389402591056774,FLIGHT,FLY,0.05037020768445357,7.988198351503113
13.359999999998973,-2.948086979138006,-0.7358773245891299,1.472162002345276,-2.904681843109508,-0.7133904756027762,1.4500000000000002,0.3727662888752277,0.11499293901324226,0.01625777932858958,0.3904387244285716,FLIGHT,FLY,0.048884191831178966,7.982080058780892
13.375999999998971,-2.9420944668164966,-0.734038743307622,1.4723934576210749,-2.89996288272836,-0.7122773978862801,1.4500000000000002,0.3739691487180477,0.11459636385452882,0.01422000604267982,0.3913916955856814,FLIGHT,FLY,0.04741968507194738,7.975943668088049
13.39199999999897,-2.936084395839159,-0.7322072918763678,1.472593329140536,-2.895208996910643,-0.7111560821847102,1.4500000000000002,0.37508276467082863,0.1141662895670206,0.012254338287623977,0.3922641849997021,FLIGHT,FLY,0.04597773012065133,7.969790653220366
13.407999999998967,-2.930058144403821,-0.7303834677714309,1.4727627526379872,-2.890420657186783,-0.7100266397195999,1.4500000000000002,0.37611056503423856,0.11370514681831001,0.010359557519667252,0.3930589497459012,FLIGHT,FLY,0.0445592957890122,7.96362242849441
13.423999999998966,-2.924017035085754,-0.7285677294852135,1.4729028442515513,-2.8855983415778392,-0.708889183243451,1.4500000000000002,0.377055965345077,0.11321533469767452,0.00853443503607196,0.393778807954922,FLIGHT,FLY,0.04316527763196104,7.957440349055497
13.439999999998964,-2.9179623351899173,-0.7267604971221202,1.4730147003867788,-2.8807425344826236,-0.7077438270131082,1.4500000000000002,0.37792236084838704,0.11269921642118545,0.006777733709621099,0.3944266242096319,FLIGHT,FLY,0.04179649873764129,7.951245711312371
13.455999999998962,-2.9118952572193098,-0.7249621530597199,1.4730993976055358,-2.875853726564821,-0.706590686763134,1.4500000000000002,0.37871311930817597,0.11215911526836324,0.0050882095839275155,0.3950052958514363,FLIGHT,FLY,0.040453710655575806,7.94503975349264
13.47199999999896,-2.9058169594538397,-0.7231730426716209,1.4731579925380929,-2.8709324146401083,-0.7054298796791822,1.4500000000000002,0.3794315741606288,0.11159731075123377,0.0034646133396114484,0.3955177401615675,FLIGHT,FLY,0.039137594456449105,7.938823656312998
13.487999999998959,-2.8997285466340914,-0.7213934751082632,1.4731915218165312,-2.8659791015632736,-0.7042615243713735,1.4500000000000002,0.3800810180135196,0.11101603501329872,0.0019056916412444865,0.3959668823839929,FLIGHT,FLY,0.037848761916862816,7.932598543758177
13.503999999998957,-2.8936310707443376,-0.7196237241318404,1.4732010020277309,-2.8609942961153356,-0.703085740847669,1.4500000000000002,0.3806646964909634,0.11041746946794449,0.0004101883748026629,0.3963556445577186,FLIGHT,FLY,0.03658775682235519,7.926365483962607
13.519999999998955,-2.8875255318891253,-0.7178640290015665,1.4731874296843608,-2.855978512890663,-0.7019026504872451,1.4500000000000002,0.3811858024260667,0.10980374167024695,-0.0010231542149804975,0.3966869351271079,FLIGHT,FLY,0.03535505638189215,7.920125490188724
13.535999999998953,-2.8814128792586415,-0.7161145954024896,1.473151781215375,-2.850932272184095,-0.7007123760138684,1.4500000000000002,0.3816474703457976,0.10917692261698467,-0.0023955943522770556,0.39696363929932194,FLIGHT,FLY,0.03415107274637373,7.91387952189648
13.551999999998952,-2.8752940121832884,-0.7143755963919343,1.4730950130448244,-2.845856099878058,-0.699515041469269,1.4500000000000002,0.3820527708370634,0.10853902597657689,-0.003708384043196047,0.3971886100789315,FLIGHT,FLY,0.032976154619663786,7.907628485902096
13.56799999999895,-2.8691697812632646,-0.7126471733905773,1.4730180617221647,-2.8407505273296882,-0.698310772186516,1.4500000000000002,0.38240470605271865,0.1078920046898783,-0.004962767364310845,0.3973646599122513,FLIGHT,FLY,0.03183058896132623,7.901373237614366
13.583999999998948,-2.8630409895632662,-0.7109294372316547,1.4729218439390526,-2.83561609125795,-0.6970996947633918,1.4500000000000002,0.3827062056092411,0.10723774751523905,-0.00615998806145173,0.3974945531159919,FLIGHT,FLY,0.030714602777757213,7.895114582339803
13.599999999998946,-2.8569083938722004,-0.7092224692438643,1.472807256535738,-2.8304533336307536,-0.6958819370357661,1.4500000000000002,0.38296012251656086,0.10657807700749615,-0.007301289244576284,0.3975809989941019,FLIGHT,FLY,0.029628364989885768,7.888853276654333
13.615999999998945,-2.850772706022782,-0.7075263223628556,1.4726751765221424,-2.825262801552076,-0.6946576280509704,1.4500000000000002,0.3831692294433034,0.1059147477295918,-0.008387912464110676,0.39762664555371985,FLIGHT,FLY,0.02857198836968276,7.882590029835916
13.631999999998943,-2.844634594265622,-0.7058410222677978,1.472526461112889,-2.820045047149082,-0.6934268980411734,1.4500000000000002,0.3833362153137823,0.105249444680022,-0.00942109683804443,0.39763407379421006,FLIGHT,FLY,0.02754553153799388,7.876325505352417
13.647999999998941,-2.8384946846925043,-0.7041665685395744,1.4723619477754777,-2.8148006274592396,-0.692189878396754,1.4500000000000002,0.3834636822318045,0.10458378193247928,-0.010402078230968973,0.3976057925453274,FLIGHT,FLY,0.026549001016052405,7.870060322399152
13.66399999999894,-2.8323535627036343,-0.7025029358372209,1.4721824542908806,-2.8095301043174437,-0.690946701639677,1.4500000000000002,0.38355414272579474,0.10391930148377156,-0.011332088479508177,0.3975442338310314,FLIGHT,FLY,0.02558235332284068,7.863795057480594
13.679999999998937,-2.8262117745137467,-0.7008500750892922,1.4719887788259136,-2.8042340442431315,-0.6896975013968669,1.4500000000000002,0.3836100173092347,0.1032574723056853,-0.012212354658991311,0.3974517487359538,FLIGHT,FLY,0.02464549711028149,7.8575302460308905
13.695999999998936,-2.8200698286920622,-0.699207914696928,1.4717817000168232,-2.7989130183274056,-0.6884424123735825,1.4500000000000002,0.38363363234992603,0.10259968959607475,-0.013044098386698486,0.3973306037520027,FLIGHT,FLY,0.023738295328013782,7.851266384067906
13.711999999998934,-2.8139281977312027,-0.697576361745465,1.471561977063578,-2.793567602120151,-0.6871815703267915,1.4500000000000002,0.38362721824114604,0.10194727422411139,-0.013828535157481546,0.39718297758308796,FLIGHT,FLY,0.02286056740928597,7.845003929875679
13.727999999998932,-2.8077873196402825,-0.695955303221539,1.4713303498344295,-2.788198375517155,-0.6859151120385447,1.4500000000000002,0.3835929078673539,0.10130147236431462,-0.014566873708027662,0.3970109583864605,FLIGHT,FLY,0.022012091469237608,7.838743305710283
13.74399999999893,-2.8016475995575347,-0.6943446072327046,1.4710875389803413,-2.7828059226472277,-0.6846431752893509,1.4500000000000002,0.3835327353567244,0.100663455313705,-0.015260315406482627,0.3968165414296773,FLIGHT,FLY,0.02119260650660793,7.832484899524224
13.759999999998929,-2.7955094113779584,-0.6927441242267074,1.470834246058946,-2.7773908317593192,-0.6833658988315507,1.4500000000000002,0.38344863511244404,0.10003431948617081,-0.015910053664585082,0.39660162714273817,FLIGHT,FLY,0.02040181459967048,7.826229066704664
13.775999999998927,-2.789373099391599,-0.6911536882076347,1.470571153667714,-2.7719536951096417,-0.6820834223626917,1.4500000000000002,0.3833424411143889,0.09941508657791652,-0.016517273369876833,0.3963680195454833,FLIGHT,FLY,0.01963938308695577,7.819976131820895
13.791999999998925,-2.783238979928237,-0.6895731179462815,1.4702989255860552,-2.7664951088487872,-0.6807958864989024,1.4500000000000002,0.3832158864825179,0.09880670389766555,-0.017083150335948875,0.3961174250308911,FLIGHT,FLY,0.018904946723175328,7.813726390376649
13.807999999998923,-2.777107343004385,-0.6880022181821699,1.4700182069261016,-2.7610156729088473,-0.6795034327482669,1.4500000000000002,0.3830706032930665,0.09821004485511788,-0.01760885076905136,0.39585145148548456,FLIGHT,FLY,0.018198109800612282,7.807480110562967
13.823999999998922,-2.770978453968657,-0.6864407808147712,1.469729624291933,-2.755515990890532,-0.6782062034841991,1.4500000000000002,0.3829081226383967,0.0976259096010151,-0.018095530749741705,0.3955716077286157,FLIGHT,FLY,0.01751844822624287,7.801237535007551
13.83999999999892,-2.7648525551417187,-0.684888586081591,1.4694337859470303,-2.7499966699502902,-0.676904341918818,1.4500000000000002,0.3827298749211665,0.0970550258120406,-0.018544335728563916,0.39527930325298,FLIGHT,FLY,0.016865511544915484,7.794998882516643
13.855999999998918,-2.758729867447183,-0.683345403720886,1.4691312819897402,-2.74445832068743,-0.6755979920763209,1.4500000000000002,0.3825371903733125,0.0964980496136772,-0.01895640003504452,0.39497584824928256,FLIGHT,FLY,0.016238824899178248,7.788764349805652
13.871999999998916,-2.7526105920299795,-0.6818109941169004,1.4688226845365544,-2.738901557031234,-0.6742872987663587,1.4500000000000002,0.3823312997901981,0.09595556663406239,-0.019332846399555532,0.3946624538985627,FLIGHT,FLY,0.015637890916763524,7.782534113214931
13.887999999998915,-2.746494911858877,-0.6802851094256183,1.4685085479129976,-2.733326996128084,-0.6729724075574104,1.4500000000000002,0.38211333547016463,0.09542809318181746,-0.01967478548783176,0.39434023291625264,FLIGHT,FLY,0.015062191517390817,7.776308330407281
13.903999999998913,-2.7403829933100017,-0.6787674946791487,1.468189408851923,-2.7277352582285754,-0.6716534647501569,1.4500000000000002,0.38188433234963304,0.09491607754078195,-0.019983315448141022,0.3940102003326217,FLIGHT,FLY,0.014511189631471681,7.770087142043885
13.919999999998911,-2.7342749877283565,-0.6772578888669716,1.4678657866990081,-2.722126966574643,-0.6703306173508564,1.4500000000000002,0.3816452293238378,0.09441990137456018,-0.020259521471286977,0.3936732744948176,FLIGHT,FLY,0.013984330824499843,7.763870673435579
13.93599999999891,-2.7281710329645135,-0.6757560259923919,1.467538183625239,-2.7165027472866723,-0.669004013044718,1.4500000000000002,0.38139687074323336,0.09393988123377724,-0.02050447536378145,0.39333027827627354,FLIGHT,FLY,0.013481044822463487,7.757659036166569
13.951999999998907,-2.7220712548837978,-0.6742616361026605,1.4672070848461591,-2.710863229250626,-0.6676738001692765,1.4500000000000002,0.38114000807559295,0.09347627015895194,-0.02071923513465329,0.39298194047978524,FLIGHT,FLY,0.013000746935427408,7.751452329687802
13.967999999998906,-2.7159757688454707,-0.6727744462913393,1.4668729588476552,-2.7052090440051586,-0.666340127687767,1.4500000000000002,0.38087530172382655,0.09302925937191944,-0.02090484459646575,0.3926288974210968,FLIGHT,FLY,0.012542839378676176,7.745250642877419
13.983999999998904,-2.7098846811495494,-0.6712941816716,1.4665362576180347,-2.6995408256287394,-0.6650031451624991,1.4500000000000002,0.38060332298956523,0.0925989800487774,-0.0210623329811966,0.39227169468033757,FLIGHT,FLY,0.012106712493250644,7.739054055565877
13.999999999998902,-2.7037980904490877,-0.6698205663192607,1.4661974168861411,-2.693859210626769,-0.6636630027282318,1.4500000000000002,0.3803245561726061,0.09218550516738665,-0.021192714571693954,0.39191078900914855,FLIGHT,FLY,0.011691745870487266,7.7328626400235025
14.0159999999989,-2.697716089125893,-0.6683533241844738,1.465856856365239,-2.6881648378187015,-0.6623198510655472,1.4500000000000002,0.3800394007963786,0.09178885142252823,-0.021296988349457847,0.39154655038180886,FLIGHT,FLY,0.011297309388077244,7.726676462408405
14.031999999998899,-2.6916387646278053,-0.6668921799710941,1.465514980002393,-2.6824583482251607,-0.6609738413742258,1.4500000000000002,0.379748173949674,0.0914089812019035,-0.02137613765951772,0.39117926417912346,FLIGHT,FLY,0.01092276416815479,7.720495584172803
14.047999999998897,-2.6855662007658405,-0.6654368599828593,1.4651721762330425,-2.6767403849550626,-0.6596251253466202,1.4500000000000002,0.37945111273498383,0.09104580461626306,-0.02143112989317361,0.390809133494265,FLIGHT,FLY,0.010567463470854212,7.7143200634260785
14.063999999998895,-2.67949847896963,-0.6639870929356283,1.4648288182404698,-2.6710115930927323,-0.6582738551410304,1.4500000000000002,0.37914837681391433,0.0906991815770601,-0.021462916189354003,0.3904362815501727,FLIGHT,FLY,0.010230753539456692,7.7081499562529245
14.079999999998893,-2.673435679499762,-0.6625426107350223,1.4644852642198467,-2.665272619585026,-0.6569201833550775,1.4500000000000002,0.3788400510402763,0.09036892391514746,-0.02147243115531077,0.390060754218494,FLIGHT,FLY,0.009911974415540132,7.701985317985198
14.095999999998892,-2.667377882615774,-0.6611031492189208,1.4641418576465288,-2.6595241131284473,-0.6555642629990784,1.4500000000000002,0.37852614817160596,0.09005479753417106,-0.021460592607327172,0.38968252263042386,FLIGHT,FLY,0.00961046074423189,7.695826204426185
14.11199999999889,-2.661325169698681,-0.6596684488643633,1.4637989275482621,-2.6537667240562692,-0.6542062474694205,1.4500000000000002,0.3782066116500383,0.08975652459245753,-0.02142830133205794,0.3893014858701374,FLIGHT,FLY,0.009325542590552531,7.689672673026183
14.127999999998888,-2.6552776243270957,-0.6582382554585066,1.4634567887809544,-2.648001104225653,-0.6528462905219358,1.4500000000000002,0.3778813184436362,0.08947378570734771,-0.021376440869054422,0.3889174737418381,FLIGHT,FLY,0.009056546287846759,7.683524784008454
14.143999999998886,-2.6492353333061014,-0.6568123207333812,1.4631157423076566,-2.6422279069047665,-0.6514845462452757,1.4500000000000002,0.3775500819394725,0.08920622217609168,-0.021305877314952242,0.38853024960174265,FLIGHT,FLY,0.008802795338199861,7.677382601444693
14.159999999998885,-2.6431983876482126,-0.655390402964286,1.462776075480397,-2.6364477866599048,-0.6501211690342854,1.4500000000000002,0.37721265487997335,0.08895343820759312,-0.02121745914971716,0.38813951324661583,FLIGHT,FLY,0.008563611382612576,7.671246194279383
14.175999999998883,-2.637166883505866,-0.6539722675317456,1.4624380623244988,-2.6306613992426087,-0.6487563135633778,1.4500000000000002,0.3768687323342462,0.08871500315947009,-0.02111201708525749,0.3877449038507337,FLIGHT,FLY,0.008338315255470966,7.665115637302501
14.191999999998881,-2.631140923055029,-0.6525576874470476,1.4621019638250161,-2.6248694014767846,-0.6473901347599089,1.4500000000000002,0.3765179546963508,0.08849045377508731,-0.020990363936620546,0.38734600294340965,FLIGHT,FLY,0.008126228133687874,7.658991012070154
14.20799999999888,-2.6251206153296307,-0.6511464438414524,1.4617680282149172,-2.6190724511458248,-0.6460227877775516,1.4500000000000002,0.3761599107027078,0.08827929641540712,-0.020853294515896237,0.3869423374194599,FLIGHT,FLY,0.007926672785943664,7.652872407772934
14.223999999998878,-2.6191060770066503,-0.6497383264192571,1.4614364912646445,-2.6132712068797246,-0.6446544279696704,1.4500000000000002,0.37579414046109505,0.08808100928070635,-0.020701585548855816,0.38653338257521525,FLIGHT,FLY,0.007738974922029416,7.646759922051808
14.239999999998876,-2.61309743314181,-0.6483331338749644,1.4611075765726822,-2.6074663280422037,-0.6432852108626955,1.4500000000000002,0.37542013848393274,0.0878950446174096,-0.02053599561425985,0.38611856516290505,FLIGHT,FLY,0.007562464636651734,7.640653661761575
14.255999999998874,-2.607094817855939,-0.6469306742748853,1.4607814958567675,-2.6016584746178255,-0.6419152921294982,1.4500000000000002,0.37503735671883254,0.08772083090549837,-0.020357265105673216,0.38569726645645613,FLIGHT,FLY,0.00739647793661618,7.634553743681974
14.271999999998872,-2.601098374972174,-0.645530765403573,1.4604584492453816,-2.595848307099115,-0.6405448275627639,1.4500000000000002,0.3746452075696525,0.08755777502216694,-0.020166116215535032,0.3852688253219548,FLIGHT,FLY,0.0072403583353407314,7.628460295176685
14.28799999999887,-2.5951082586042813,-0.6441332350755525,1.4601386255691657,-2.5900364863736804,-0.6391739730483681,1.4500000000000002,0.37424306690158027,0.08740526437761098,-0.01996325294114025,0.38483254128622324,FLIGHT,FLY,0.007093458494512209,7.622373454800535
14.303999999998869,-2.5891246336964713,-0.6427379214128714,1.4598222026519148,-2.5842236736113313,-0.63780288453875,1.4500000000000002,0.3738302770240524,0.08726266901905247,-0.01974936111210622,0.3843876775971686,FLIGHT,FLY,0.006955141889643478,7.616293372855377
14.319999999998867,-2.5831476765151815,-0.6413446730890593,1.4595093476008065,-2.578410530151196,-0.6364317180262866,1.4500000000000002,0.3734061496456021,0.08712934369932279,-0.019525108438814973,0.38393346426975594,FLIGHT,FLY,0.006824784474446312,7.6102202118951405
14.335999999998865,-2.577177575093392,-0.6399533495401378,1.4592002170955396,-2.572597717388847,-0.6350606295166685,1.4500000000000002,0.3729699687950231,0.08700462990654652,-0.019291144581247092,0.3834691011116674,FLIGHT,FLY,0.006701776318405149,7.604154147180725
14.351999999998863,-2.5712145296281177,-0.638563821143376,1.4588949576760575,-2.5667858966634123,-0.6336897750022726,1.4500000000000002,0.3725209937035274,0.08688785785168826,-0.01904810123755253,0.38299376072290625,FLIGHT,FLY,0.006585523192706833,7.598095367085435
14.367999999998862,-2.5652587528318134,-0.637175969364532,1.4585937060285539,-2.5609757291447015,-0.6323193104355384,1.4500000000000002,0.37205846164287326,0.08677834841094569,-0.01879659225164011,0.3825065914638168,FLIGHT,FLY,0.006475448081556617,7.59204407345176
14.38399999999886,-2.559310470238493,-0.6357896868743718,1.4582965892694628,-2.5551678757203238,-0.630949391702341,1.4500000000000002,0.37158159071473534,0.08667541502019119,-0.018537213739008917,0.382006720386201,FLIGHT,FLY,0.006370992598830276,7.586000481900402
14.399999999998858,-2.553369920465445,-0.6344048776352917,1.4580037252271552,-2.549362996882803,-0.6295801745953662,1.4500000000000002,0.37108958258688624,0.08657836551888295,-0.018270544229994613,0.38149325612242607,FLIGHT,FLY,0.006271618293598709,7.579964822092489
14.415999999998856,-2.5474373554314846,-0.6330214569589148,1.4577152227210735,-2.5435617526167023,-0.6282118147874849,1.4500000000000002,0.3705816251720558,0.08648650394108279,-0.01799714482955856,0.38096529172764426,FLIGHT,FLY,0.0061768078321367435,7.57393733794603
14.431999999998855,-2.54151304053275,-0.6316393515355602,1.457431181838052,-2.537764802285743,-0.6268444678051277,1.4500000000000002,0.3700568952456286,0.08639913225143274,-0.017717559392710736,0.38042190747046756,FLIGHT,FLY,0.006086066048334872,7.567918287807671
14.447999999998853,-2.535597254777109,-0.6302584994365206,1.45715169420559,-2.5319728045199184,-0.6254782890016587,1.4500000000000002,0.36951456099863633,0.08631555202415309,-0.017432314714627313,0.37986217356767576,FLIGHT,FLY,0.005998920858655379,7.561907944580936
14.463999999998851,-2.529690290878285,-0.628878850090107,1.456876843261853,-2.5261864171026227,-0.6241134335307512,1.4500000000000002,0.36895378452278876,0.08623506606333368,-0.017141920734499,0.37928515285877434,FLIGHT,FLY,0.005914924041774039,7.555906595812138
14.47999999999885,-2.523792455310872,-0.6275003642324468,1.456606704522201,-2.520406296857761,-0.6227500563197609,1.4500000000000002,0.36837372422457976,0.08615697996299461,-0.016846870752130434,0.37868990341646236,FLIGHT,FLY,0.005833651886674544,7.549914543735224
14.495999999998848,-2.5179040683274376,-0.6261230138340392,1.4563413458420535,-2.5146330995368746,-0.6213883120431007,1.4500000000000002,0.3677735371657846,0.08608060360559315,-0.01654764165629974,0.3780754810893207,FLIGHT,FLY,0.005754705716016523,7.543932105276854
14.511999999998846,-2.5120254639389645,-0.6247467820030951,1.45608082767592,-2.5088674797062582,-0.620028355095616,1.4500000000000002,0.36715238132794736,0.08600525259785013,-0.016244694163883442,0.37744094197328487,FLIGHT,FLY,0.005677712294158956,7.537959612023046
14.527999999998844,-2.5061569898599036,-0.6233716628666951,1.4558252033324388,-2.5031100906340806,-0.6186703395659583,1.4500000000000002,0.3665094177987306,0.08593024964296044,-0.015938473068754257,0.37678534480872444,FLIGHT,FLY,0.00560232413114162,7.531997410148776
14.543999999998842,-2.5002990074191493,-0.6219976614308225,1.4555745192252847,-2.4973615841775016,-0.6173144192099591,1.4500000000000002,0.36584381287826895,0.08585492584843875,-0.01562940749946635,0.3761077533002147,FLIGHT,FLY,0.005528219695331331,7.526045860311914
14.55999999999884,-2.4944518914382714,-0.6206247934203231,1.4553288151198223,-2.491622610669795,-0.6159607474240062,1.4500000000000002,0.3651547401039335,0.08577862196903316,-0.015317911184755787,0.37540723835635026,FLIGHT,FLY,0.00545510354829574,7.520105337512946
14.575999999998839,-2.488616030078352,-0.619253085099863,1.4550881243753933,-2.4858938188074644,-0.6146094772184163,1.4500000000000002,0.3644413821921676,0.0857006895843144,-0.015004382725902194,0.37468288024721647,FLIGHT,FLY,0.005382706415919624,7.514176230921934
14.591999999998837,-2.4827918246568066,-0.617882573076949,1.4548524741831461,-2.4801758555373663,-0.6132607611908109,1.4500000000000002,0.36370293289630823,0.08562049221071852,-0.014689205875019705,0.37393377067740335,FLIGHT,FLY,0.005310785209807819,7.508258943674155
14.607999999998835,-2.4769796894355647,-0.6165133040880825,1.454621885799328,-2.4744693659438255,-0.6119147514994894,1.4500000000000002,0.36293859877954865,0.08553740634798437,-0.014372749818372667,0.3731590147727158,FLIGHT,FLY,0.00523912301279841,7.502353892635934
14.623999999998833,-2.471180051382014,-0.6151453347691115,1.454396374773974,-2.4687749931357583,-0.6105715998368049,1.4500000000000002,0.362147600902433,0.08545082246008494,-0.01405536946384158,0.3723577329789968,FLIGHT,FLY,0.0051675290419004784,7.496461508142142
14.639999999998832,-2.4653933499040983,-0.613778731410846,1.4541759511749413,-2.463093378133788,-0.6092314574025375,1.4500000000000002,0.3613291764245037,0.08536014589090231,-0.013737405731698736,0.37152906287175375,FLIGHT,FLY,0.005095838601335684,7.490582233706847
14.65599999999883,-2.459620036560973,-0.612413569700989,1.4539606198072499,-2.457425159757369,-0.6078944748772697,1.4500000000000002,0.36048258011993867,0.08526479771504115,-0.01341918584788996,0.3706721608755304,FLIGHT,FLY,0.005023913037540259,7.484716525708628
14.671999999998828,-2.4538605747506246,-0.611049934453433,1.4537503804277032,-2.4517709745119016,-0.6065608023957602,1.4500000000000002,0.3596070858072296,0.08516421552431322,-0.013101023639057453,0.36978620389223693,FLIGHT,FLY,0.004951639707096763,7.478864853052049
14.687999999998826,-2.4481154393758384,-0.6096879193259546,1.453545227954775,-2.4461314564758547,-0.6052305895203186,1.4500000000000002,0.3587019876931538,0.08505785415055662,-0.012783219828580805,0.3688703908378967,FLIGHT,FLY,0.004878931967514856,7.473027696806747
14.703999999998825,-2.4423851164899117,-0.6083276265273307,1.4533451526737542,-2.440507237187884,-0.6039039852141801,1.4500000000000002,0.35776660163148527,0.08494518632557851,-0.012466062332955373,0.3679239440875223,FLIGHT,FLY,0.004805729199652916,7.467205549825646
14.719999999998823,-2.4366701029234856,-0.6069691665148842,1.4531501404371607,-2.4348989455339516,-0.6025811378148797,1.4500000000000002,0.3568002662970775,0.08482570327912704,-0.012149826557871226,0.3669461108280755,FLIGHT,FLY,0.004731996869247124,7.461398916343756
14.735999999998821,-2.4309709058938562,-0.6056126576834472,1.4529601728604409,-2.4293072076344435,-0.6012621950076262,1.4500000000000002,0.3558023442761241,0.08469891527590968,-0.011834775693401484,0.3659361643196999,FLIGHT,FLY,0.00465772663346445,7.455608311558981
14.75199999999882,-2.4252880425981176,-0.6042582260467159,1.4527752275129695,-2.423732646731293,-0.5999473037986778,1.4500000000000002,0.3547722230735719,0.0845643520927787,-0.011521161007752948,0.36489340506564694,FLIGHT,FLY,0.004582936496523182,7.4498342611964
14.767999999998818,-2.41962203979146,-0.6029060049119479,1.4525952781043934,-2.4181758830750977,-0.5986366104887159,1.4500000000000002,0.35370931603881695,0.08442156343730217,-0.011209222139078387,0.3638171618915322,FLIGHT,FLY,0.004507671016101804,7.444077301057402
14.783999999998816,-2.413973433351932,-0.601556134548931,1.4524202946663505,-2.4126375338122372,-0.5973302606462186,1.4500000000000002,0.3526130632109633,0.08427011930902908,-0.010899187384894442,0.36270679293477237,FLIGHT,FLY,0.0044320015593162935,7.438337976555092
14.799999999998814,-2.4083427678329525,-0.6002087618541327,1.452250243729614,-2.4071182128719952,-0.5960283990808375,1.4500000000000002,0.3514829320850627,0.08410961030484038,-0.010591273988693587,0.36156168654525395,FLIGHT,FLY,0.004356026603311546,7.43261684223728
14.815999999998812,-2.4027305960048237,-0.5988640400109122,1.452085088496713,-2.40161853085368,-0.5947311698167698,1.4500000000000002,0.35031841830088334,0.08393964786985589,-0.010285688423383,0.36038126209847676,FLIGHT,FLY,0.004279872070753862,7.426914461298456
14.83199999999881,-2.397137478386484,-0.5975221281466516,1.4519247890100824,-2.39613909491374,-0.5934387160661343,1.4500000000000002,0.3491190462558748,0.08375986449543762,-0.009982626671224966,0.3591649707225954,FLIGHT,FLY,0.004203691684455802,7.421231405081966
14.847999999998809,-2.3915639827686954,-0.5961831909876416,1.4517693023158116,-2.3906805086528857,-0.5921511802023449,1.4500000000000002,0.34788436964408964,0.08356991386596434,-0.009682274499995659,0.3579122959409519,FLIGHT,FLY,0.004127667317754007,7.415568252573745
14.863999999998807,-2.3860106837298387,-0.5948473985125212,1.4516185826230468,-2.3852433720032082,-0.5908687037334859,1.4500000000000002,0.3466139719229819,0.08336947095590048,-0.00938480773511843,0.3566227542318599,FLIGHT,FLY,0.004052009307806155,7.409925589888769
14.879999999998805,-2.3804781621454527,-0.5935149256050503,1.4514725814591238,-2.3798282811152998,-0.5895914272756857,1.4500000000000002,0.34530746671007556,0.08315823207881345,-0.009090392527566288,0.35529589550754587,FLIGHT,FLY,0.003976956687453254,7.404304009751483
14.895999999998804,-2.3749670046926226,-0.5921859517069624,1.4513312478204954,-2.374435828245372,-0.5883194905264919,1.4500000000000002,0.34396449811148966,0.08293591489034646,-0.00879918561736438,0.35393130351427887,FLIGHT,FLY,0.003902777277554955,7.398704110971323
14.911999999998802,-2.369477803350288,-0.5908606604716156,1.4511945283195307,-2.369066601642376,-0.587053032238245,1.4500000000000002,0.34258474098449027,0.0827022583468278,-0.008511334592557481,0.3525285961558611,FLIGHT,FLY,0.0038297675658126033,7.393126497914501
14.9279999999988,-2.364011154896498,-0.589539239419128,1.4510623673272587,-2.3637211854351214,-0.585792190191454,1.4500000000000002,0.3411679011362756,0.08245702262132815,-0.008226978143540158,0.35108742574276286,FLIGHT,FLY,0.003758252280401522,7.3875717799731015
14.943999999998798,-2.3585676604036148,-0.5882218795936607,1.4509347071121312,-2.358400159519396,-0.5845371011681697,1.4500000000000002,0.33971371546125717,0.0821999889790241,-0.007946246312677157,0.34960747916928986,FLIGHT,FLY,0.0036885835480815437,7.382040571032554
14.959999999998796,-2.3531479247324225,-0.5869087752234684,1.450811487974883,-2.3531040994450843,-0.5832879009253596,1.4500000000000002,0.33822195201914823,0.08193095961374974,-0.007669260739168898,0.3480884780212615,FLIGHT,FLY,0.003621139508292225,7.376533488938489
14.975999999998795,-2.347752556026057,-0.5856001233843209,1.450692648379562,-2.347833576303288,-0.5820447241682827,1.4500000000000002,0.3366924100562155,0.0816497574476334,-0.00739613489914401,0.3465301786167641,FLIGHT,FLY,0.003556322239438886,7.371051154963937
14.991999999998793,-2.3423821652046444,-0.5842961236668548,1.4505781250808094,-2.342589156613445,-0.5808077045238631,1.4500000000000002,0.33512491997208316,0.08135622589572877,-0.0071269743409822,0.34493237198260907,FLIGHT,FLY,0.0034945548443983867,7.36559419327778
15.007999999998791,-2.33703736546148,-0.5829969778483939,1.4504678532474626,-2.3373714022104517,-0.5795769745140662,1.4500000000000002,0.3335193432345102,0.08105022859755533,-0.006861876915893831,0.3432948837691932,FLIGHT,FLY,0.0034362775435747175,7.360163230415362
15.02399999999879,-2.33171877176156,-0.5817028895697377,1.4503617665825557,-2.332180870131774,-0.5783526655292706,1.4500000000000002,0.3318755722445778,0.08073164911746429,-0.0066009330037999185,0.3416175741065029,FLIGHT,FLY,0.0033819426407138194,7.354758894752065
15.039999999998788,-2.326427000343215,-0.5804140640173913,1.4502597974397937,-2.3270181125045766,-0.5771349078016446,1.4500000000000002,0.33019353015474123,0.08040039061574364,-0.006344225734573431,0.33990033740404757,FLIGHT,FLY,0.0033320082644825106,7.349381815980665
15.055999999998786,-2.321162668223576,-0.5791307076116758,1.45016187693657,-2.3218836764328388,-0.5759238303785206,1.4500000000000002,0.3284731706422069,0.0800563754923679,-0.006091831204717708,0.3381431020975382,FLIGHT,FLY,0.0032869308520797366,7.344032624593205
15.071999999998784,-2.3159263927085507,-0.5778530277011312,1.4500679350635983,-2.3167781038844697,-0.5747195610957677,1.4500000000000002,0.32671447764009365,0.0796995450052868,-0.00584381868956915,0.3363458303451457,FLIGHT,FLY,0.0032471564320361306,7.338711951368095
15.087999999998782,-2.3107187909079476,-0.5765812322635868,1.44997790079123,-2.3117019315784324,-0.5735222265511682,1.4500000000000002,0.3249174650288362,0.07932985886513144,-0.005600250851122727,0.3345085176761904,FLIGHT,FLY,0.003213110879906061,7.333420426863112
15.10399999999878,-2.3055404792563525,-0.5753155296142529,1.4498917021725237,-2.3066556908718634,-0.5723319520777913,1.4500000000000002,0.32308217629027247,0.07894729480819666,-0.005361183941586324,0.3326311925951121,FLIGHT,FLY,0.003185189454875284,7.328158680914904
15.119999999998779,-2.300392073040321,-0.5740561281211486,1.4498092664431323,-2.301639907647191,-0.5711488617173676,1.4500000000000002,0.3212086841268438,0.07855184814953575,-0.00512666800277768,0.33071391614357104,FLIGHT,FLY,0.00316374606260623,7.322927342145585
15.135999999998777,-2.2952741859324033,-0.5728032359281574,1.4497305201180704,-2.296655102199254,-0.5699730781936632,1.4500000000000002,0.3192970900483127,0.0781435313179769,-0.004896747061481084,0.32875678142351383,FLIGHT,FLY,0.003149082809036633,7.317727037476969
15.151999999998775,-2.290187429532493,-0.5715570606859706,1.4496553890854265,-2.2917017891224187,-0.5688047228858544,1.4500000000000002,0.31734752392837645,0.07772237337484103,-0.0046714593208856195,0.3267599130840201,FLIGHT,FLY,0.0031414404870295,7.312558391652922
15.167999999998774,-2.2851324129169357,-0.5703178092911505,1.449583798697077,-2.2867804771977065,-0.5676439158019027,1.4500000000000002,0.31536014353352265,0.0772884195181083,-0.004450837348227499,0.32472346677471814,FLIGHT,FLY,0.0031409906503195137,7.307422026770288
15.183999999998772,-2.2801097421958123,-0.569085687633519,1.449515673856461,-2.2818916692799043,-0.5664907755519285,1.4500000000000002,0.3133351340264371,0.07684173057374476,-0.00423490825876031,0.3226476285685258,FLIGHT,FLY,0.003147829862652151,7.3023185618188196
15.19999999999877,-2.2751200200787722,-0.5678609003520468,1.4494509391034713,-2.2770358621846887,-0.5653454193215858,1.4500000000000002,0.31127270744623425,0.07638238247586274,-0.004023693896174763,0.32053261435643027,FLIGHT,FLY,0.0031619765637037555,7.297248612230474
15.215999999998768,-2.2701638454497353,-0.5666436505993961,1.4493895186965173,-2.272213546575745,-0.564207962845437,1.4500000000000002,0.30917310216773536,0.07591046573734803,-0.0038172110095889655,0.31837866921697777,FLIGHT,FLY,0.0031833707827948745,7.292212789438408
15.231999999998767,-2.265241812950782,-0.5654341398152402,1.4493313366918081,-2.2674252068518848,-0.5630785203803266,1.4500000000000002,0.3070365823419724,0.07542608491254442,-0.0036154714272258835,0.31618606676309163,FLIGHT,FLY,0.0032118766865363753,7.287211700445992
15.247999999998765,-2.2603545125754816,-0.5642325675084606,1.4492763170199097,-2.2626713210341673,-0.5619572046787565,1.4500000000000002,0.3048634373200469,0.07492935805354109,-0.0034184822268916748,0.31395510846878333,FLIGHT,FLY,0.0032472877053068257,7.282245947406085
15.263999999998763,-2.255502529271898,-0.5630391310482984,1.4492243835596217,-2.2579523606530194,-0.5608441269622604,1.4500000000000002,0.3026539810624141,0.07442041616156209,-0.003226245903362815,0.31168612297825704,FLIGHT,FLY,0.0032893337826450184,7.277316127210809
15.279999999998761,-2.250686442555471,-0.561854025464508,1.449175460209224,-2.2532687906353517,-0.5597393968947774,1.4500000000000002,0.3004085515356119,0.07389940263490889,-0.003038760532784939,0.309379465399849,FLIGHT,FLY,0.00333769015841571,7.2724228310920145
15.29599999999876,-2.2459068261319315,-0.5606774432565481,1.4491294709551341,-2.24862106919168,-0.5586431225560271,1.4500000000000002,0.29812751009839134,0.07336647271485752,-0.0028560199341807523,0.30703551658717076,FLIGHT,FLY,0.003391987043011931,7.2675666442325815
15.311999999998758,-2.2411642475304028,-0.5595095742118129,1.4490863399380245,-2.2440096477032467,-0.5575554104148842,1.4500000000000002,0.29581124087914473,0.07282179293086057,-0.0026780138281569856,0.3046546824097544,FLIGHT,FLY,0.00345181956203496,7.2627481453887155
15.327999999998756,-2.236459267746778,-0.5583506052328923,1.4490459915164358,-2.2394349706091345,-0.5564763653027525,1.4500000000000002,0.29346015014646687,0.07226554054635244,-0.002504727992894019,0.3022373930154271,FLIGHT,FLY,0.0035167574327449763,7.257967906523296
15.343999999998754,-2.2317924408974625,-0.5572007201738272,1.449008350327935,-2.234897475293395,-0.55540609038694,1.4500000000000002,0.2910746656746162,0.07169790300640357,-0.0023361444174942454,0.29978410208655937,FLIGHT,FLY,0.003586353952401562,7.253226492450371
15.359999999998752,-2.2271643138835246,-0.5560600996853056,1.4489733413478514,-2.2303975919721575,-0.5543446871440327,1.4500000000000002,0.2886552361055804,0.07111907738841508,-0.002172241452758864,0.29729528609225686,FLIGHT,FLY,0.003660154011129761,7.248524460490807
15.37599999999875,-2.2225754260652857,-0.5549289210687308,1.4489408899456366,-2.2259357435807554,-0.553292255333269,1.4500000000000002,0.28620233030938014,0.07052926985699126,-0.0020129939594545985,0.2947714435384823,FLIGHT,FLY,0.0037377009690995164,7.243862360139143
15.391999999998749,-2.218026308947338,-0.55380735813907,1.4489109219388816,-2.221512345660844,-0.552248892969915,1.4500000000000002,0.28371643674417957,0.0699286951240727,-0.0018583734541243217,0.2922130942180116,FLIGHT,FLY,0.003818542346417272,7.2392407327415835
15.407999999998747,-2.2135174858739766,-0.55269558109638,1.4488833636450316,-2.217127806247521,-0.5512146962986384,1.4500000000000002,0.28119806281770077,0.0693175759153569,-0.0017083482524890977,0.2896207784620444,FLIGHT,FLY,0.0039022343578789254,7.23466011118512
15.423999999998745,-2.2090494717349833,-0.5515937564058873,1.4488581419308346,-2.2127825257564417,-0.550189759766883,1.4500000000000002,0.2786477342513708,0.06869614244397908,-0.0015628836104815014,0.28699505639520334,FLIGHT,FLY,0.003988345382418881,7.230121019597695
15.439999999998744,-2.2046227726817023,-0.5505020466864893,1.4488351842595637,-2.2084768968709434,-0.5491741759982427,1.4500000000000002,0.27606599444855995,0.0680646318923696,-0.001421941862943018,0.28433650719557224,FLIGHT,FLY,0.004076458491239436,7.225623973059337
15.455999999998742,-2.200237885853314,-0.5494206106075232,1.4488144187360437,-2.204211304429162,-0.548168035765837,1.4500000000000002,0.27345340386819944,0.06742328790314941,-0.0012854825600116147,0.28164572836133633,FLIGHT,FLY,0.004166173173659402,7.221169477324136
15.47199999999874,-2.1958952991131864,-0.5483496027936433,1.4487957741495225,-2.1999861253111512,-0.5471714279656846,1.4500000000000002,0.27081053940499766,0.06677236007987038,-0.001153462601219601,0.2789233349855011,FLIGHT,FLY,0.00425710640073643,7.216758028552932
15.487999999998738,-2.1915954907951876,-0.5472891737376291,1.4487791800144245,-2.1958017283260047,-0.5461844395900783,1.4500000000000002,0.2681379937774034,0.0661121034983519,-0.001025836367315459,0.2761699590400812,FLIGHT,FLY,0.004348893158312766,7.212390113056565
15.503999999998737,-2.1873389294598056,-0.5462394697209411,1.4487645666090165,-2.1916584740989737,-0.5452071557009592,1.4500000000000002,0.2654363749243947,0.06544277822931178,-0.0009025558498174049,0.27338624867106387,FLIGHT,FLY,0.004441186567305806,7.208066207049534
15.519999999998735,-2.1831260736599085,-0.5452006327418245,1.4487518650120264,-2.187556714958583,-0.5442396594032911,1.4500000000000002,0.2627063054121059,0.06476464887293507,-0.0007835707783019918,0.27057286750536874,FLIGHT,FLY,0.0045336576927344765,7.20378677641384
15.535999999998733,-2.178957371715972,-0.5441728004507583,1.4487410071372497,-2.183496794823759,-0.5432820318184359,1.4500000000000002,0.25994842185123224,0.06407798410597187,-0.0006688287454251866,0.2677304939709373,FLIGHT,FLY,0.0046259951262234405,7.199552276472859
15.551999999998731,-2.1748332615005808,-0.5431561060930326,1.4487319257661788,-2.17947904909094,-0.5423343520575263,1.4500000000000002,0.2571633743260904,0.06338305624190317,-0.0005582753296695022,0.2648598206310063,FLIGHT,FLY,0.0047179044108169406,7.195363151774982
15.56799999999873,-2.1707541702319952,-0.5421506784582327,1.448724554578693,-2.1755038045212007,-0.5413966971948417,1.4500000000000002,0.25435182583614047,0.06268014080466162,-0.0004518542158069407,0.2619615535335345,FLIGHT,FLY,0.004809107362779632,7.191219835886835
15.583999999998728,-2.1667205142765678,-0.5411566418364024,1.4487188281818453,-2.171571379127369,-0.5404691422411823,1.4500000000000002,0.25151445175071563,0.06196951611634479,-0.0003495073130638905,0.2590364115766717,FLIGHT,FLY,0.0048993413326863435,7.187122751195797
15.599999999998726,-2.1627326989597786,-0.5401741159806484,1.4487146821367811,-2.167682082061152,-0.5395517601172436,1.4500000000000002,0.24865193927763654,0.061251462899308114,-0.0002511748709708103,0.25608512589108057,FLIGHT,FLY,0.004988358437890855,7.183072308721604
15.615999999998724,-2.1587911183856563,-0.5392032160759455,1.4487120529838298,-2.163836213500244,-0.5386446216269902,1.4500000000000002,0.24576498694632862,0.06052626389297713,-0.00015679559287735983,0.25310843923984305,FLIGHT,FLY,0.005075924789990544,7.179068907936738
15.631999999998722,-2.154896155264331,-0.5382440527138999,1.4487108782658034,-2.1600340645354548,-0.5377477954310314,1.4500000000000002,0.24285430410599634,0.05979420348566959,-6.630674711180268e-05,0.25010710543660714,FLIGHT,FLY,0.005161819734269945,7.175112936595367
15.64799999999872,-2.1510481807474684,-0.5372967318732174,1.4487110965495424,-2.1562759170578265,-0.5368613480199944,1.4500000000000002,0.2399206104393542,0.059055567361662266,2.0355724238762167e-05,0.24708188878255663,FLIGHT,FLY,0.005245835112761732,7.171204770570515
15.663999999998719,-2.147247554271321,-0.5363613549056258,1.4487126474457466,-2.1525620436457538,-0.5359853436879005,1.4500000000000002,0.23696463549233993,0.05831064216373989,0.00010325709895125969,0.24403356352271244,FLIGHT,FLY,0.005327774558557663,7.167344773699223
15.679999999998717,-2.1434946234071286,-0.5354380185269976,1.448715471627129,-2.0,-0.5,1.4500000000000002,0.23398711822019624,0.05755971517136336,0.00018246377071774595,0.24096291332200523,FLIGHT,FLY,0.14780581891073666,7.16353329763537
15.695999999998715,-2.139789771952211,-0.5345268267857949,1.448719972002962,-2.0,-0.5,1.4500000000000002,0.23073195447365083,0.05673945814840541,0.00028766944772014855,0.23760615244542108,FLIGHT,FLY,0.1439905625738973,7.159770730702702
15.711999999998714,-2.1361337557222657,-0.5336279741246087,1.4487263501798073,-2.0,-0.5,1.4500000000000002,0.22740799708383092,0.05590230689247176,0.00039884311605702447,0.23417861586705768,FLIGHT,FLY,0.14022567557610435,7.156057838945064
15.727999999998712,-2.132527861592956,-0.5327417838378994,1.4487345149485382,-2.0,-0.5,1.4500000000000002,0.2240975207848334,0.0550689710512061,0.0005058316510062988,0.23076513224533418,FLIGHT,FLY,0.13651248480373315,7.152395927564873
15.74399999999871,-2.1289737390299046,-0.5318686649236626,1.448744370768046,-2.0,-0.5,1.4500000000000002,0.22076106373663454,0.05422957559419169,0.0006082128498283877,0.22732501853981507,FLIGHT,FLY,0.13285268971071162,7.1487866696737905
15.759999999998708,-2.125473233739766,-0.5310090700120038,1.4487558196157704,-2.0,-0.5,1.4500000000000002,0.217362925072591,0.05337521884196719,0.000705487759581861,0.2238214755011673,FLIGHT,FLY,0.12924819073442903,7.145231937255561
15.775999999998707,-2.1220282701969766,-0.5301634661691687,1.4487687602046,-2.0,-0.5,1.4500000000000002,0.21388089047319128,0.05250049128156505,0.0007971965618553204,0.22023163355151587,FLIGHT,FLY,0.12570096824847812,7.141733681841226
15.791999999998705,-2.118640772665739,-0.5293323157364094,1.4487830878097443,-2.0,-0.5,1.4500000000000002,0.2103031582556795,0.051602653718067264,0.0008829436300855439,0.2165433717122601,FLIGHT,FLY,0.12221300129357751,7.138293854328353
15.807999999998703,-2.1153126127874717,-0.5285160639956676,1.4487986945639815,-2.0,-0.5,1.4500000000000002,0.20662504107149957,0.05068076069901222,0.0009624023936775759,0.2127519055641965,FLIGHT,FLY,0.11878621373576313,7.134914351805069
15.823999999998701,-2.11204557511523,-0.5277151313649494,1.4488154700441507,-2.0,-0.5,1.4500000000000002,0.20284659552780512,0.049735036611952554,0.0010353171449907896,0.20885733663341574,FLIGHT,FLY,0.11542243893402623,7.131596982611094
15.8399999999987,-2.1088413347473214,-0.5269299085825421,1.4488333020181448,-2.0,-0.5,1.4500000000000002,0.19897101173461457,0.04876645750311897,0.0011015026033875642,0.20486298883908952,FLIGHT,FLY,0.11212339687078048,7.128343443688083
15.855999999998698,-2.1057014431358017,-0.526160753860372,1.4488520772644973,-2.0,-0.5,1.4500000000000002,0.19500352904814394,0.047776474161493096,0.0011608415182003237,0.20077428963282254,FLIGHT,FLY,0.10889067969084441,7.12515530622913
15.871999999998696,-2.102627319440103,-0.5254079913343573,1.448871682408106,-2.0,-0.5,1.4500000000000002,0.19095070609887835,0.04676682930687302,0.0012132809089988722,0.19659801762388793,FLIGHT,FLY,0.10572574293476347,7.122034006954397
15.887999999998694,-2.0996202456623676,-0.5246719103696624,1.448892004736961,-2.0,-0.5,1.4500000000000002,0.18681992820048393,0.04573943703172886,0.0012588275245777646,0.19234179556079353,FLIGHT,FLY,0.10262990064849098,7.1189808432211645
15.903999999998693,-2.09668136438024,-0.5239527654306007,1.448912932978584,-2.0,-0.5,1.4500000000000002,0.18261907376309303,0.04469630332285595,0.0012975429445361492,0.1880137475040367,FLIGHT,FLY,0.09960432315014303,7.1159969707655275
15.91999999999869,-2.0938116782800797,-0.5232507763249378,1.4489343580236624,-2.0,-0.5,1.4500000000000002,0.17835628730328074,0.04363947364467968,0.0013295385884309755,0.18362226595228925,FLIGHT,FLY,0.0966500366344342,7.113083403266652
15.935999999998689,-2.091012050952521,-0.5225661286980653,1.4489561735898218,-2.0,-0.5,1.4500000000000002,0.17403982402074494,0.04257099832264248,0.0013549707802999315,0.17917585269553976,FLIGHT,FLY,0.09376792406255946,7.110241013187694
15.951999999998687,-2.0882832085855614,-0.5218989746955789,1.4489782768218904,-2.0,-0.5,1.4500000000000002,0.169677942524308,0.04149290961888294,0.0013740359421226718,0.1746830091986436,FLIGHT,FLY,0.09095872696382322,7.107470533523465
15.967999999998685,-2.0856257423063522,-0.5212494337409498,1.4490005688271241,-2.0,-0.5,1.4500000000000002,0.1652788300481554,0.04040720648029619,0.001386965947784029,0.17015216035116523,FLIGHT,FLY,0.08822304789466782,7.104772560202733
15.983999999998684,-2.083040111000582,-0.520617593393299,1.4490229551452087,-2.0,-0.5,1.4500000000000002,0.1608505496825831,0.03931584431923262,0.0013940236480216573,0.1655916007823299,FLIGHT,FLY,0.08556135338060285,7.10214755497193
15.999999999998682,-2.0805266444904817,-0.5200035102621846,1.4490453461537562,-2.0,-0.5,1.4500000000000002,0.15640100260688003,0.03822072809790644,0.0013954985680395661,0.1610094565204938,FLIGHT,FLY,0.0829739772200041,7.099595848639881
16.015999999998687,-2.0780855469875137,-0.5194072109639795,1.4490676574106243,-2.0,-0.5,1.4500000000000002,0.15193790062639287,0.03712370758748659,0.0013917027771916733,0.1564136571671952,FLIGHT,FLY,0.0804611240646041,7.09711764459875
16.031999999998693,-2.0757169007594007,-0.5188286931093646,1.4490898099348395,-2.0,-0.5,1.4500000000000002,0.14746874586273181,0.036026574067058004,0.00138296693087131,0.15181191535208322,FLIGHT,FLY,0.07802287321558708,7.094713022560236
16.047999999998698,-2.0734206699670863,-0.5182679263146096,1.4491117304282617,-2.0,-0.5,1.4500000000000002,0.14300081544003304,0.03493105797442804,0.0013696364852805523,0.14721171125908789,FLIGHT,FLY,0.0756591825904286,7.092381942462213
16.063999999998703,-2.071196704638155,-0.5177248532313528,1.449133351440409,-2.0,-0.5,1.4500000000000002,0.138541149594173,0.03383882715857574,0.0013520680842827337,0.14262028061411014,FLIGHT,FLY,0.07336989282672882,7.090124248512075
16.07999999999871,-2.0690447447508755,-0.5171993905909398,1.4491546114790874,-2.0,-0.5,1.4500000000000002,0.13409654288812284,0.03275148572165891,0.0013306261429634524,0.13804460582527134,FLIGHT,FLY,0.07115473149702176,7.087939673340738
16.095999999998714,-2.0669644244078644,-0.5166914302601012,1.4491754550696843,-2.0,-0.5,1.4500000000000002,0.12967353730480602,0.031670573158299214,0.0013056796159318317,0.1334914090141218,FLIGHT,FLY,0.0690133174134124,7.0858278422461405
16.11199999999872,-2.064955276081533,-0.5162008403051532,1.4491958327661643,-2.0,-0.5,1.4500000000000002,0.12527841672479512,0.03059756369795524,0.0012775989548778263,0.12896714643819704,FLIGHT,FLY,0.06694516500406328,7.083788277508302
16.127999999998725,-2.0630167349160105,-0.515727466062229,1.4492157011169435,-2.0,-0.5,1.4500000000000002,0.12091720265534,0.029533865848181965,0.0012467532663516898,0.1244780041759914,FLIGHT,FLY,0.06494968874608481,7.081820402760479
16.14399999999873,-2.0611481430721037,-0.515271131211279,1.4492350225889286,-2.0,-0.5,1.4500000000000002,0.11659565100942768,0.028480822109304145,0.0012135076750612575,0.12002989487295035,FLIGHT,FLY,0.06302620764125479,7.079923547402922
16.159999999998735,-2.0593487541032833,-0.5148316388517475,1.4492537654530881,-2.0,-0.5,1.4500000000000002,0.11231924977847733,0.02743970883822069,0.0011782208964086348,0.11562845539229105,FLIGHT,FLY,0.061173949722415806,7.078096951047106
16.17599999999874,-2.0576177373517215,-0.5144087725779357,1.4492719036349688,-2.0,-0.5,1.4500000000000002,0.10809321748462344,0.02641173624550449,0.0011412430207864254,0.11127904525701454,FLIGHT,FLY,0.05939205657943353,7.076339767979402
16.191999999998746,-2.055954182354247,-0.514002297552163,1.4492894165336083,-2.0,-0.5,1.4500000000000002,0.1039225023283961,0.025398048515047737,0.0011029135108961221,0.10698674579956495,FLIGHT,FLY,0.05767958789443321,7.074651071633943
16.20799999999875,-2.0543571032487673,-0.5136119615739069,1.449306288812281,-2.0,-0.5,1.4500000000000002,0.09981178196801822,0.024399724038522946,0.0010635594120436303,0.10275635995601551,FLIGHT,FLY,0.05603552597671112,7.073029859065218
16.223999999998757,-2.0528254431722557,-0.5132374961431719,1.4493225101645102,-2.0,-0.5,1.4500000000000002,0.09576546388040945,0.023417775758698276,0.0010234937740465722,0.09859241265543812,FLIGHT,FLY,0.05445878028826671,7.071475055411369
16.239999999998762,-2.0513580786419103,-0.5128786175164023,1.4493380750587128,-2.0,-0.5,1.4500000000000002,0.09178768626343259,0.02245315161665141,0.0009830142820910228,0.09449915176441248,FLIGHT,FLY,0.052948191951401234,7.06998551833977
16.255999999998767,-2.049953823911519,-0.512535027753319,1.449352982464797,-2.0,-0.5,1.4500000000000002,0.08788231944538312,0.021506735098470335,0.0009424020926315404,0.09048054955293064,FLIGHT,FLY,0.05150253823026122,7.068560042466835
16.271999999998773,-2.0486114352954816,-0.512206415753126,1.4493672355659295,-2.0,-0.5,1.4500000000000002,0.08405296777217483,0.02057934587730039,0.0009019208692533128,0.08654030465223829,FLIGHT,FLY,0.05012053697861744,7.067197363744477
16.287999999998778,-2.047329615453301,-0.5118924582785909,1.4493808414585994,-2.0,-0.5,1.4500000000000002,0.08030297194576644,0.019671740546711506,0.0008618160123278633,0.08268184447808835,FLIGHT,FLY,0.04880085104652775,7.065896163805952
16.303999999998783,-2.046107017627732,-0.5115928209665821,1.4493938108439746,-2.0,-0.5,1.4500000000000002,0.07663541178954009,0.018784613441389784,0.0008223140752999036,0.07890832809490553,FLIGHT,FLY,0.04754209263891525,7.064655074264228
16.31999999999879,-2.0449422498301093,-0.511307159323699,1.4494061577134205,-2.0,-0.5,1.4500000000000002,0.0730531094178809,0.017918597541147014,0.0007836223595531085,0.07522264949777341,FLIGHT,FLY,0.04634282761942211,7.063472680956371
16.335999999998794,-2.0438338789667165,-0.5110351197057069,1.4494178990308986,-2.0,-0.5,1.4500000000000002,0.06955863278831174,0.017074265454213776,0.0007459286790168986,0.07162744129015315,FLIGHT,FLY,0.04520157975323468,7.062347528127734
16.3519999999988,-2.0427804349003855,-0.5107763402795573,1.4494290544148076,-2.0,-0.5,1.4500000000000002,0.06615429961534774,0.016252130475752483,0.0007094012849987511,0.0681250787359636,FLIGHT,FLY,0.0441168348829212,7.061278122550126
16.367999999998805,-2.041780414441829,-0.5105304519668339,1.449439645821667,-2.0,-0.5,1.4500000000000002,0.06284218162583916,0.015452647717501102,0.0006741889411590905,0.06471768416518417,FLIGHT,FLY,0.0430870450316193,7.060262937568402
16.38399999999881,-2.0408322852655405,-0.5102970793675444,1.4494496972338597,-2.0,-0.5,1.4500000000000002,0.05962410913603545,0.014676215304441402,0.0006404211380831574,0.06140713171254858,FLIGHT,FLY,0.042110632428259555,7.05930041707028
16.399999999998816,-2.0399344897453893,-0.5100758416632378,1.4494592343534867,-2.0,-0.5,1.4500000000000002,0.0565016759309685,0.01392317563437729,0.0006082084365481249,0.058195052369219416,FLIGHT,FLY,0.04118599344980329,7.058388979374482
16.41599999999882,-2.0390854487053574,-0.5098663534984976,1.4494682843041873,-2.0,-0.5,1.4500000000000002,0.053476244427052004,0.013193816696309755,0.0005776429283306562,0.05508283932760078,FLIGHT,FLY,0.04031150247580009,7.057527021032605
16.431999999998826,-2.0382835650811737,-0.5096682258399308,1.449476875342612,-2.0,-0.5,1.4500000000000002,0.050548951099048625,0.012488373443504296,0.0005487988032452173,0.05207165359967817,FLIGHT,FLY,0.039485515650886045,7.056712920540454
16.44799999999883,-2.0375272274888907,-0.5094810668118374,1.449485036581035,-2.0,-0.5,1.4500000000000002,0.04772071215278098,0.011807029217163641,0.0005217330110416101,0.049162429889483134,FLIGHT,FLY,0.03870637455114439,7.055945041954848
16.463999999998837,-2.036814813696757,-0.5093044825078137,1.4494927977224183,-2.0,-0.5,1.4500000000000002,0.04499222942517214,0.011149917216642607,0.000496486006821806,0.04635588270047588,FLIGHT,FLY,0.0379724097505696,7.055221738412245
16.479999999998842,-2.0361446939970347,-0.5091380777776063,1.4495001888090555,-2.0,-0.5,1.4500000000000002,0.0423639964934015,0.010517122012172168,0.0004730825687473832,0.043652512658823014,FLIGHT,FLY,0.03728194428418209,7.05454135554578
16.495999999998848,-2.035515234474696,-0.508981456988603,1.4495072399857418,-2.0,-0.5,1.4500000000000002,0.0398363049751622,0.009908681096095929,0.00045153267700211565,0.04105261303372371,FLIGHT,FLY,0.036633297004647965,7.053902234797685
16.511999999998853,-2.034924800170238,-0.5088342247614078,1.4495139812782492,-2.0,-0.5,1.4500000000000002,0.03740925100221171,0.009324586468663736,0.0004318324432379715,0.03855627643610178,FLIGHT,FLY,0.0360247858295662,7.053302716624234
16.52799999999886,-2.034371758134127,-0.5086959866790141,1.4495204423877097,-2.0,-0.5,1.4500000000000002,0.03508274184962102,0.008764786254473881,0.000413965080064061,0.03616340167712762,FLIGHT,FLY,0.035454730876887615,7.052741143590791
16.543999999998864,-2.03385448037067,-0.5085663499691497,1.4495266525013573,-2.0,-0.5,1.4500000000000002,0.03285650270335515,0.008229186345707162,0.00039790190052591456,0.03387370076815344,FLIGHT,FLY,0.03492145748622248,7.052215863354687
16.55999999999887,-2.0333713466693943,-0.5084449241594345,1.4495326401199151,-2.0,-0.5,1.4500000000000002,0.030730083549060365,0.007717652068352804,0.0003836033379672459,0.03168670604372251,FLIGHT,FLY,0.0344232991241034,7.0517252315340215
16.575999999998874,-2.0329207473222914,-0.5083313217050455,1.4495384329017782,-2.0,-0.5,1.4500000000000002,0.02870286616519386,0.007230009867687819,0.00037101997715310273,0.029601777389328166,FLIGHT,FLY,0.0339586001715489,7.051267614460732
16.59199999999888,-2.032501085725542,-0.5082251585886502,1.4495440575239897,-2.0,-0.5,1.4500000000000002,0.026774071203914323,0.006766049009338622,0.0003600935877934258,0.02761810955552563,FLIGHT,FLY,0.033525718592559414,7.0508413918165385
16.607999999998885,-2.0321107808646097,-0.5081260548924261,1.449549539559858,-2.0,-0.5,1.4500000000000002,0.02494276534348037,0.006325523292331657,0.00035075814967662,0.02573473953979951,FLIGHT,FLY,0.03312302848245777,7.05044495915065
16.62399999999889,-2.031748269681855,-0.5080336353420365,1.4495549033730288,-2.0,-0.5,1.4500000000000002,0.023207868496091938,0.005908152770583773,0.00034294087030405915,0.02395055401724516,FLIGHT,FLY,0.03274892249526094,7.050076730278374
16.639999999998896,-2.0314120093260684,-0.5079475298224976,1.449560172027706,-2.0,-0.5,1.4500000000000002,0.02156816105561986,0.005513625479403834,0.0003365631837765326,0.022264296800594493,FLIGHT,FLY,0.032401814149527086,7.049735139560041
16.6559999999989,-2.0311004792835683,-0.5078673738659181,1.449565367214522,-2.0,-0.5,1.4500000000000002,0.020022291170012876,0.0051415991636572156,0.00033154172073083187,0.020674576309300304,FLIGHT,FLY,0.03208014001237824,7.049418644059883
16.671999999998906,-2.0308121833907564,-0.5077928091111512,1.4495705091915232,-2.0,-0.5,1.4500000000000002,0.018568782023475235,0.0047917030043147,0.00032778924674803643,0.019179873026357062,FLIGHT,FLY,0.03178236176165086,7.049125725584761
16.68799999999891,-2.030545651728252,-0.5077234837354456,1.4495756167396572,-2.0,-0.5,1.4500000000000002,0.01720603911395386,0.004463539340210488,0.0003252155643571319,0.01777854692025805,FLIGHT,FLY,0.031506968126358156,7.048854892602875
16.703999999998917,-2.0302994423969567,-0.5076590528582369,1.4495807071320808,-2.0,-0.5,1.4500000000000002,0.01593235751190348,0.004156685381932507,0.0003237283742918011,0.016468844808055005,FLIGHT,FLY,0.03125247670588306,7.048604682042814
16.719999999998922,-2.030072143176622,-0.5075991789172637,1.4495857961165537,-2.0,-0.5,1.4500000000000002,0.014745929086744616,0.003870694914870089,0.0003232340922717775,0.015248907634112971,FLIGHT,FLY,0.031017435668537315,7.048373660973532
16.735999999998928,-2.0298623730676995,-0.5075435320172442,1.4495908979101317,-2.0,-0.5,1.4500000000000002,0.01364484968789405,0.0036050999885496133,0.0003236386181867635,0.014116777638251749,FLIGHT,FLY,0.030800425330336764,7.04816042816603
16.751999999998933,-2.029668783717462,-0.5074917902513889,1.4495960252053368,-2.0,-0.5,1.4500000000000002,0.012627126267728864,0.003359412589497616,0.00032484805514726135,0.013070405387231735,FLIGHT,FLY,0.030600059615045656,7.047963615537775
16.76799999999894,-2.0294900607315833,-0.5074436399960697,1.449601189186946,-2.0,-0.5,1.4500000000000002,0.011690683934341492,0.0031331262949826633,0.0003267693764333958,0.012107656646038354,FLIGHT,FLY,0.030414987396735205,7.047781889481015
16.783999999998944,-2.0293249248725362,-0.5073987761790094,1.449606399558529,-2.0,-0.5,1.4500000000000002,0.010833372922452716,0.002925717905101791,0.0003293110389169991,0.011226319071606575,FLIGHT,FLY,0.03024389372628749,7.047613952076422
16.79999999999895,-2.02917213314637,-0.5073569025213873,1.4496116645778436,-2.0,-0.5,1.4500000000000002,0.010052975471371626,0.0027366490507942432,0.00033238354204889135,0.010424108723254836,FLIGHT,FLY,0.030085500943456616,7.047458542193603
16.815999999998954,-2.0290304797795766,-0.5073177317543012,1.449616991100199,-2.0,-0.5,1.4500000000000002,0.009347212599423123,0.0025653677754840275,0.00033589993199007644,0.009698676402819984,FLIGHT,FLY,0.02993856967626067,7.047314436480228
16.83199999999896,-2.028898797087936,-0.507280985810056,1.4496223846288951,-2.0,-0.5,1.4500000000000002,0.008713750764803525,0.0024113100881733387,0.00033977625092539344,0.009047613864060151,FLIGHT,FLY,0.029801899729646985,7.047180450241688
16.847999999998965,-2.0287759562393664,-0.5072463959887837,1.4496278493718588,-2.0,-0.5,1.4500000000000002,0.008150208403371904,0.002273901485930649,0.0003439319320196646,0.008468459963888026,FLIGHT,FLY,0.029674330865517226,7.0470554382133415
16.86399999999897,-2.028660867912957,-0.5072137031009312,1.4496333883036097,-2.0,-0.5,1.4500000000000002,0.00765416233443623,0.002152558443840007,0.0003482901408699973,0.007958706862190393,FLIGHT,FLY,0.029554743476341495,7.0469382952275295
16.879999999998976,-2.028552482856497,-0.5071826575861792,1.449639003231714,-2.0,-0.5,1.4500000000000002,0.007223154026148438,0.002046689870601386,0.0003527780646631908,0.007515806402162993,FLIGHT,FLY,0.029442059154733864,7.046827956777745
16.89599999999898,-2.0284497923449347,-0.5071530196093859,1.4496446948669068,-2.0,-0.5,1.4500000000000002,0.006854695712684632,0.001955698528075668,0.00035732715056947643,0.0071371768045039,FLIGHT,FLY,0.029335241161479564,7.046723399482377
16.911999999998987,-2.028351828542321,-0.5071245591341749,1.449650462896095,-2.0,-0.5,1.4500000000000002,0.006546276356045929,0.001878982412833942,0.0003618732951910469,0.0068202097709115705,FLIGHT,FLY,0.029233294794626455,7.04662364145065
16.927999999998992,-2.028257664769888,-0.5070970559747991,1.449656306057487,-2.0,-0.5,1.4500000000000002,0.006295367445426852,0.001815936099436814,0.00036635698713465844,0.0065622780063176525,FLIGHT,FLY,0.029135267662350417,7.046527742553419
16.943999999998997,-2.0281664156830352,-0.5070702998269353,1.4496622222171405,-2.0,-0.5,1.4500000000000002,0.006099428628145567,0.0017659520435677404,0.00037072340499642165,0.006360743042525373,FLIGHT,FLY,0.029040249862428782,7.046434804601651
16.959999999999003,-2.028077237360063,-0.5070440902780966,1.4496682084462449,-2.0,-0.5,1.4500000000000002,0.005955913166780918,0.0017284218429098638,0.0003749224732296548,0.006212963107746165,FLIGHT,FLY,0.028947374071222488,7.046343971435442
16.975999999999008,-2.027989327305572,-0.5070182367983638,1.4496742610985156,-2.0,-0.5,1.4500000000000002,0.005862273217239526,0.001702737455386637,0.00037890887851873124,0.006116300683727113,FLIGHT,FLY,0.028855815545160642,7.0462544289265585
16.991999999999013,-2.0279019243715406,-0.5069925587121434,1.44968037588711,-2.0,-0.5,1.4500000000000002,0.005815964923203549,0.0016882923738382738,0.00038264204940089,0.006068129371187158,FLIGHT,FLY,0.02876479203780108,7.046165404897525
17.00799999999902,-2.027814308599133,-0.5069668851516781,1.4496865479605285,-2.0,-0.5,1.4500000000000002,0.005814453322945793,0.0016844827562928777,0.0003860861019671358,0.00606583976701459,FLIGHT,FLY,0.02867356363559445,7.04607616896036
17.023999999999024,-2.0277258009843617,-0.5069410549930446,1.4496927719770056,-2.0,-0.5,1.4500000000000002,0.00585521706501705,0.0016907085111061949,0.00038920975453380155,0.0061068442243943045,FLIGHT,FLY,0.02858143251554939,7.045986032278147
17.03999999999903,-2.027635763170763,-0.5069149167753859,1.4496990421769478,-2.0,-0.5,1.4500000000000002,0.005935752929819408,0.0017063743363570972,0.0003919862142101761,0.0061885805651836386,FLIGHT,FLY,0.0284877426280325,7.045894347252598
17.055999999999035,-2.027543597072295,-0.5068883286041274,1.449705352453021,-2.0,-0.5,1.4500000000000002,0.006053580154576899,0.0017308907129966503,0.00039439303829380844,0.006308514977146361,FLIGHT,FLY,0.028391879307988165,7.045800507140895
17.07199999999904,-2.0274487444296856,-0.5068611580389386,1.4497116964175398,-2.0,-0.5,1.4500000000000002,0.006206244559694693,0.0017636748513802862,0.0003964119734101268,0.00646414441119582,FLIGHT,FLY,0.028293268817891785,7.0457039456050765
17.087999999999045,-2.0273506863034987,-0.5068332819671959,1.4497180674668506,-2.0,-0.5,1.4500000000000002,0.0063913224748532605,0.0018041515913324725,0.00039802877527485487,0.006652998786112823,FLIGHT,FLY,0.028191377825774945,7.045604136197257
17.10399999999905,-2.0272489425071787,-0.5068045864637153,1.4497244588424565,-2.0,-0.5,1.4500000000000002,0.006606424463994959,0.0018517542547806854,0.00039923301189882663,0.00687264323360083,FLIGHT,FLY,0.02808571282167691,7.045500591784015
17.119999999999056,-2.027143070983363,-0.50677496663753,1.4497308636886654,-2.0,-0.5,1.4500000000000002,0.0068491988486277244,0.0019059254507255757,0.0004000178529793015,0.007120680513438937,FLIGHT,FLY,0.02797581947588882,7.045392863913265
17.13599999999906,-2.027032667126746,-0.506744326466477,1.449737275106596,-2.0,-0.5,1.4500000000000002,0.007117335029048169,0.0019661178333040047,0.0004003798481294974,0.00739475363165943,FLIGHT,FLY,0.027861281942363623,7.045280542126934
17.151999999999067,-2.0269173630567665,-0.5067125786203555,1.4497436862044075,-2.0,-0.5,1.4500000000000002,0.007408566603800814,0.0020317948127732055,0.0004003186964906007,0.0076925486246708094,FLIGHT,FLY,0.027741722110644674,7.045163253222792
17.167999999999072,-2.0267968268433916,-0.5066796442734187,1.4497500901436633,-2.0,-0.5,1.4500000000000002,0.007720674288019163,0.0021024312196022696,0.00039983701015264175,0.008011797434379273,FLIGHT,FLY,0.02761679880967609,7.045040660468709
17.183999999999077,-2.0266707616892456,-0.5066454529069557,1.4497564801817766,-2.0,-0.5,1.4500000000000002,0.008051488631681756,0.0021775139219563366,0.0003989400736796394,0.008350280788620329,FLIGHT,FLY,0.027486206966824283,7.04491246277268
17.199999999999083,-2.0265389050713063,-0.5066099421027136,1.449762849710515,-2.0,-0.5,1.4500000000000002,0.008398892539192192,0.002256542396943115,0.0003976356018965048,0.008705831008352715,FLIGHT,FLY,0.027349676725420956,7.04477839381183
17.215999999999088,-2.0264010278453664,-0.5065730573279021,1.44976919229058,-2.0,-0.5,1.4500000000000002,0.008760823592052389,0.002339029256072293,0.0003959334979503098,0.009076334679077397,FLIGHT,FLY,0.02720697252411039,7.044638221123705
17.231999999999093,-2.0262569333164206,-0.5065347517125145,1.4497755016822997,-2.0,-0.5,1.4500000000000002,0.009135276176743213,0.0024245007254557805,0.000393845613506134,0.009459735142190067,FLIGHT,FLY,0.027057892141243593,7.044491745162992
17.2479999999991,-2.026106456278095,-0.5064949858196897,1.4497817718725081,-2.0,-0.5,1.4500000000000002,0.009520303420255623,0.002512497081350716,0.00039138551278458054,0.009854034778563775,FLIGHT,FLY,0.02690226570752074,7.0443387983268675
17.263999999999104,-2.0259494620241956,-0.5064537274098266,1.4497879970977001,-2.0,-0.5,1.4500000000000002,0.00991401893602877,0.0026025730417175664,0.00038856824198975207,0.010257297069895902,FLIGHT,FLY,0.026739954690042308,7.044179243952087
17.27999999999911,-2.025785845335402,-0.5064109511991544,1.4497941718635823,-2.0,-0.5,1.4500000000000002,0.010314598383348824,0.0026942981145325856,0.00038541010551973546,0.010667648432958069,FLIGHT,FLY,0.026570850850870683,7.044012975286867
17.295999999999115,-2.025615529444069,-0.5063666386134414,1.4498002909611514,-2.0,-0.5,1.4500000000000002,0.010720280843543413,0.0027872569036571245,0.00038192845019324224,0.011083279828304218,FLIGHT,FLY,0.02639487518315136,7.043839914440585
17.31199999999912,-2.0254384649800516,-0.5063207775375222,1.4498063494794537,-2.0,-0.5,1.4500000000000002,0.011129370016572113,0.002881049373126068,0.00037814145857130736,0.01150244814893138,FLIGHT,FLY,0.0262119768277816,7.043660011314251
17.327999999999125,-2.025254628900399,-0.5062733620612955,1.4498123428151921,-2.0,-0.5,1.4500000000000002,0.0115402352418625,0.0029752910707732685,0.000374067952298858,0.011923477396560344,FLIGHT,FLY,0.026022131973552434,7.043473242514614
17.34399999999913,-2.0250640234056974,-0.5062243922228387,1.4498182666793573,-2.0,-0.5,1.4500000000000002,0.011951312351378954,0.0030696133132754573,0.0003697272062316521,0.01234475965826346,FLIGHT,FLY,0.025825342743612895,7.043279610254759
17.359999999999136,-2.024866674845759,-0.506173873749262,1.4498241171010755,-2.0,-0.5,1.4500000000000002,0.01236110435901351,0.00316366333360153,0.0003651387739814958,0.012764755892184631,FLIGHT,FLY,0.025621636071034487,7.043079141243895
17.37599999999914,-2.024662632617287,-0.5061218177959049,1.4498298904288616,-2.0,-0.5,1.4500000000000002,0.01276818196625153,0.003257104384870868,0.00036032232544180295,0.01318199650566892,FLIGHT,FLY,0.02541106256616468,7.04287188556903
17.391999999999147,-2.0244519680560673,-0.5060682406844673,1.4498355833294854,-2.0,-0.5,1.4500000000000002,0.013171183921542814,0.0033496158111125506,0.00035529749655979976,0.01359508176835376,FLIGHT,FLY,0.025193695378398946,7.042657915571097
17.407999999999152,-2.0242347733261874,-0.5060131636406492,1.4498411927846497,-2.0,-0.5,1.4500000000000002,0.013568817230197976,0.0034408930837756947,0.000350083751612338,0.014002682060006785,FLIGHT,FLY,0.024969629054932104,7.042437324718084
17.423999999999157,-2.024011160308688,-0.5059566125318555,1.44984671608569,-2.0,-0.5,1.4500000000000002,0.013959857215199175,0.0035306478038429835,0.0003447002581170206,0.014403537956053564,FLIGHT,FLY,0.02473897839895914,7.042210226477601
17.439999999999163,-2.023781259491971,-0.5058986176055008,1.449852150826498,-2.0,-0.5,1.4500000000000002,0.014343147433926229,0.0036186076707146256,0.0003391657743852983,0.01479646015803826,FLIGHT,FLY,0.024501877329714726,7.041976753191235
17.455999999999168,-2.023545218866191,-0.5058392132284265,1.4498574948948744,-2.0,-0.5,1.4500000000000002,0.014717599456350918,0.0037045164191805945,0.0003334985496197931,0.01518032927640761,FLIGHT,FLY,0.02425847774663245,7.041737054952967
17.471999999999174,-2.023303202823781,-0.5057784376279238,1.4498627464625087,-2.0,-0.5,1.4500000000000002,0.015082192510316011,0.0037881337258101463,0.0003277162363640216,0.015554095472718086,FLIGHT,FLY,0.024008948399838113,7.041491298493816
17.48799999999918,-2.023055391068164,-0.5057163326348346,1.4498679039737843,-2.0,-0.5,1.4500000000000002,0.015435972999535546,0.0038692350860871053,0.0003218358150275327,0.015916777968094934,FLIGHT,FLY,0.023753473769073167,7.041239666074804
17.503999999999184,-2.0228019775325965,-0.5056529434291791,1.4498729661335925,-2.0,-0.5,1.4500000000000002,0.01577805389997683,0.003947611663620849,0.00031587353013267803,0.016267464424561312,FLIGHT,FLY,0.02349225295305954,7.040982354390213
17.51999999999919,-2.0225431693110454,-0.5055883182887395,1.4498779318943438,-2.0,-0.5,1.4500000000000002,0.016107614040311132,0.004023070112765899,0.0003098448378605483,0.016605310205696472,FLIGHT,FLY,0.023225498571241027,7.040719573483044
17.535999999999195,-2.0222791856028404,-0.5055225083410074,1.449882800442343,-2.0,-0.5,1.4500000000000002,0.01642389727214455,0.004095432375986231,0.00030376436441412045,0.016929537522960315,FLIGHT,FLY,0.022953435679703944,7.040451545674488
17.5519999999992,-2.0220102566728118,-0.5054555673188788,1.4498875711837005,-2.0,-0.5,1.4500000000000002,0.016726211535759098,0.004164535457302743,0.0002976458746654952,0.017239434473926278,FLIGHT,FLY,0.02267630070302192,7.040178504509088
17.567999999999206,-2.0217366228284925,-0.5053875513204603,1.4498922437299284,-2.0,-0.5,1.4500000000000002,0.01701392782710532,0.004230231173163132,0.0002915022505109257,0.017534353978587373,FLIGHT,FLY,0.02239434038364909,7.0399006937172475
17.58399999999921,-2.0214585334158817,-0.5053185185733319,1.4498968178833713,-2.0,-0.5,1.4500000000000002,0.01728647907178849,0.0042923858820722175,0.00028534547832134163,0.017813712619832868,FLIGHT,FLY,0.022107810750397385,7.039618366196554
17.599999999999216,-2.021176245835185,-0.5052485292035802,1.4499012936226041,-2.0,-0.5,1.4500000000000002,0.01754335891178195,0.004350880194317325,0.0002791866448497112,0.018076989394132097,FLIGHT,FLY,0.02181697610744972,7.039331783013403
17.61599999999922,-2.0208900245778305,-0.5051776450099075,1.4499056710879206,-2.0,-0.5,1.4500000000000002,0.017784120410581156,0.004405608663117518,0.0002730359409357188,0.018323724378401574,FLIGHT,FLY,0.02152210804523996,7.039041212426182
17.631999999999227,-2.020600140285987,-0.5051059292430885,1.4499099505670285,-2.0,-0.5,1.4500000000000002,0.018008374682481728,0.004456479458517248,0.00026690267233500946,0.0185535173189704,FLIGHT,FLY,0.021223484474462758,7.0387469289313245
17.647999999999232,-2.020306868835713,-0.5050334463910343,1.4499141324810496,-2.0,-0.5,1.4500000000000002,0.01821578945162335,0.004503414025334244,0.00026079527699298543,0.01876602614849376,FLIGHT,FLY,0.02092138868436469,7.038449212333317
17.663999999999238,-2.020010490444771,-0.5049602619696977,1.4499182173709186,-2.0,-0.5,1.4500000000000002,0.01840608754638983,0.004546346726458427,0.00025472134808351944,0.018960965436594087,FLIGHT,FLY,0.020616108426381168,7.038148346839752
17.679999999999243,-2.0197112888060538,-0.5048864423200312,1.4499222058842565,-2.0,-0.5,1.4500000000000002,0.01857904533469333,0.004585224472783157,0.0002486876621373523,0.01913810477993312,FLIGHT,FLY,0.020307935024089792,7.037844620182355
17.69599999999925,-2.0194095502474854,-0.5048120544111961,1.4499260987627944,-2.0,-0.5,1.4500000000000002,0.018734491105599133,0.004620006341032476,0.0002427002115952411,0.019297267137334803,FLIGHT,FLY,0.0199971625103656,7.03753832276489
17.711999999999254,-2.0191055629191657,-0.5047371656501922,1.4499298968303993,-2.0,-0.5,1.4500000000000002,0.018872303402665904,0.004650663180728158,0.0002367642411362962,0.019438327115488527,FLIGHT,FLY,0.0196840867925225,7.037229746838692
17.72799999999926,-2.018799616008443,-0.504661843698063,1.4499336009817545,-2.0,-0.5,1.4500000000000002,0.018992409314286116,0.004677177211518474,0.00023088428715068576,0.01956120921066443,FLIGHT,FLY,0.019369004846147193,7.036919185706554
17.743999999999264,-2.0184919989835213,-0.5045861562928112,1.4499372121717329,-2.0,-0.5,1.4500000000000002,0.01909478272621251,0.004699541612066773,0.00022506421974973368,0.01966588601176724,FLIGHT,FLY,0.019052213938244654,7.036606932955546
17.75999999999927,-2.0181830008661166,-0.5045101710791398,1.4499407314054913,-2.0,-0.5,1.4500000000000002,0.019179442541349692,0.004717760101672323,0.00021930728673195265,0.01975237636994292,FLIGHT,FLY,0.018734010880222758,7.03629328171932
17.775999999999275,-2.0178729095336014,-0.504433955445112,1.4499441597293072,-2.0,-0.5,1.4500000000000002,0.019246450871775688,0.004731846515768516,0.00021361615895344865,0.019820743539833006,FLIGHT,FLY,0.018414691311166194,7.035978523970323
17.79199999999928,-2.017562011051004,-0.5043575763658155,1.4499474982221698,-2.0,-0.5,1.4500000000000002,0.019295911207836997,0.004741824376414602,0.00020799297658290213,0.019871093297445838,FLIGHT,FLY,0.018094549011774208,7.035662949842311
17.807999999999286,-2.017250589033135,-0.5042811002540831,1.4499507479881304,-2.0,-0.5,1.4500000000000002,0.01932796656903305,0.004747726458866786,0.00020243939575446553,0.019903572039481662,FLIGHT,FLY,0.017773875249242226,7.035346846983406
17.82399999999929,-2.0169389240370643,-0.5042045928183216,1.4499539101494099,-2.0,-0.5,1.4500000000000002,0.019342797641272298,0.004749594355282768,0.00019695663516756037,0.019918364868810882,FLIGHT,FLY,0.017452958153313644,7.035030499939963
17.839999999999296,-2.0166272929850746,-0.5041281189274714,1.4499569858402506,-2.0,-0.5,1.4500000000000002,0.019340620904943366,0.004747478036580975,0.00019154552221811128,0.01991569367066166,FLIGHT,FLY,0.01713208212363164,7.034714189571343
17.8559999999993,-2.016315968618167,-0.5040517424831095,1.449959976201503,-2.0,-0.5,1.4500000000000002,0.01932168675810062,0.004741435413441694,0.00018620653828489725,0.019895815183924984,FLIGHT,FLY,0.016811527268468122,7.034398192495685
17.871999999999307,-2.0160052189801148,-0.5039755262986922,1.44996288237592,-2.0,-0.5,1.4500000000000002,0.019286277638915612,0.004731531897402449,0.0001809398628279708,0.019859019071833166,FLIGHT,FLY,0.01649156887482265,7.03408278056665
17.887999999999312,-2.015695306932007,-0.5038995319859189,1.449965705504141,-2.0,-0.5,1.4500000000000002,0.019234706151393638,0.004717839962964157,0.00017574541599850265,0.019805625996111468,FLIGHT,FLY,0.01617247690983386,7.033768220381122
17.903999999999318,-2.0153864896971463,-0.5038238198481817,1.4499684467213274,-2.0,-0.5,1.4500000000000002,0.019167313198199597,0.004700438711588176,0.00017062289949281868,0.01973598569854327,FLIGHT,FLY,0.015854515553360097,7.033454772817669
17.919999999999323,-2.0150790184361296,-0.5037484487810574,1.4499711071544235,-2.0,-0.5,1.4500000000000002,0.01908446612427907,0.00467941343842725,0.00016557183542181242,0.019650475093726714,FLIGHT,FLY,0.01553794276155458,7.033142692605641
17.93599999999933,-2.0147731378518547,-0.5036734761797796,1.449973687920003,-2.0,-0.5,1.4500000000000002,0.018986556874800255,0.004654855202595838,0.00016059160300230311,0.019549496376636232,FLIGHT,FLY,0.015223009861171078,7.032832227924605
17.951999999999334,-2.0144690858241665,-0.5035989578536196,1.4499761901226642,-2.0,-0.5,1.4500000000000002,0.01887400017078002,0.004626860401747396,0.00015568147291086183,0.019433475148435752,FLIGHT,FLY,0.014909961174303122,7.032523620033862
17.96799999999934,-2.014167093073788,-0.5035249479470915,1.449978614853932,-2.0,-0.5,1.4500000000000002,0.01874723170559387,0.004595530351687987,0.00015084063917494324,0.01930285856382252,FLIGHT,FLY,0.014599033673194654,7.032217102931642
17.983999999999345,-2.013867382855142,-0.5034514988678884,1.4499809631916247,-2.0,-0.5,1.4500000000000002,0.01860670636540479,0.004560970871717251,0.00014606824850767306,0.01915811350301147,FLIGHT,FLY,0.014290456664715944,7.031912903043636
17.99999999999935,-2.013570170677618,-0.5033786612214419,1.4499832361996443,-2.0,-0.5,1.4500000000000002,0.01845289647638112,0.004523291876349409,0.0001413634270226206,0.018999724771300946,FLIGHT,FLY,0.013984451504043913,7.03161123894033
18.015999999999355,-2.013275664054798,-0.5033064837519904,1.4499854349281462,-2.0,-0.5,1.4500000000000002,0.01828629008140826,0.0044826069740285576,0.00013672530429394367,0.018828193328990803,FLIGHT,FLY,0.013681231337055563,7.031312321082748
18.03199999999936,-2.0129840622811126,-0.5032350132900311,1.4499875604140442,-2.0,-0.5,1.4500000000000002,0.018107389248834125,0.004439033073414297,0.000132153034753547,0.018644034554254993,FLIGHT,FLY,0.013381000870879891,7.031016351595971
18.047999999999366,-2.0126955562353617,-0.503164294706023,1.4499896136818093,-2.0,-0.5,1.4500000000000002,0.01791670841562419,0.0043926899977757205,0.00012764581644091971,0.018447776541402287,FLIGHT,FLY,0.013083956172037402,7.030723524069923
18.06399999999937,-2.012410328210492,-0.5030943708701989,1.4499915957445182,-2.0,-0.5,1.4500000000000002,0.017714772767138766,0.004343700107994059,0.0001232029071457772,0.018239958436791406,FLIGHT,FLY,0.012790284491537823,7.030434023386783
18.079999999999377,-2.01212855176901,-0.5030252826183372,1.449993507605114,-2.0,-0.5,1.4500000000000002,0.017502116655583294,0.004292187934636901,0.0001188236380021563,0.01802112881450096,FLIGHT,FLY,0.012500164116297563,7.030148025574384
18.095999999999382,-2.011850391623349,-0.5029570687233386,1.4499953502578335,-2.0,-0.5,1.4500000000000002,0.01727928205902264,0.004238279819530056,0.00011450742461204185,0.017791844093690477,FLIGHT,FLY,0.012213764246181133,7.029865697684935
18.111999999999387,-2.0115760035405055,-0.5028897658724449,1.4499971246897687,-2.0,-0.5,1.4500000000000002,0.017046817082692088,0.00418210356721665,0.00011025377579338704,0.017552666999426775,FLIGHT,FLY,0.011931244895958794,7.029587197698332
18.127999999999393,-2.0113055342702286,-0.502823408649933,1.4499988318825228,-2.0,-0.5,1.4500000000000002,0.01680527450418216,0.004123788106657349,0.00010606230006101433,0.017304165068590213,FLIGHT,FLY,0.011652756821449183,7.029312674449378
18.143999999999398,-2.0110391214960153,-0.5027580295251107,1.4500004728139262,-2.0,-0.5,1.4500000000000002,0.01655521036392127,0.004063463163490319,0.0001019327099610953,0.017046909202318435,FLIGHT,FLY,0.011378441469075145,7.029042267578108
18.159999999999403,-2.0107768938081345,-0.5026936588454332,1.4500020484597629,-2.0,-0.5,1.4500000000000002,0.016297182727837756,0.004001258974765094,9.78648230664204e-05,0.016781472395807982,FLIGHT,FLY,0.011108430948040695,7.028776107502461
18.17599999999941,-2.010518970697704,-0.5026303248345081,1.4500035597954721,-2.0,-0.5,1.4500000000000002,0.016031750434626606,0.003937305998659366,9.385856143911e-05,0.016508428451999447,FLIGHT,FLY,0.01084284802412084,7.0285143154123
18.191999999999414,-2.010265462570766,-0.5025680535947428,1.450005007797903,-2.0,-0.5,1.4500000000000002,0.015759471345300508,0.003871734497680125,8.991395535386208e-05,0.016228350181803495,FLIGHT,FLY,0.010581806133986347,7.028257003283711
18.20799999999942,-2.010016470781972,-0.5025068691145469,1.4500063934470084,-2.0,-0.5,1.4500000000000002,0.015480901345045539,0.0038046743113792757,8.603113896551596e-05,0.015941808380092074,FLIGHT,FLY,0.010325409419658158,7.028004273913173
18.223999999999425,-2.0097720876874234,-0.5024467932800003,1.450007717727435,-2.0,-0.5,1.4500000000000002,0.015196593318836221,0.0037362546213163777,8.22103449819719e-05,0.015649370774386672,FLIGHT,FLY,0.010073752782640012,7.027756220971176
18.23999999999943,-2.0095323967158163,-0.5023878458907802,1.4500089816300157,-2.0,-0.5,1.4500000000000002,0.014907096021604222,0.0036666036878977874,7.845189909330354e-05,0.015351600864467048,FLIGHT,FLY,0.009826921956839856,7.027512929074365
18.255999999999435,-2.009297472456953,-0.5023300446801328,1.4500101861531451,-2.0,-0.5,1.4500000000000002,0.014612952990287942,0.0035958485966429902,7.475621326733588e-05,0.01504905680492192,FLIGHT,FLY,0.009584993599330705,7.027274473875328
18.27199999999944,-2.0090673807667216,-0.5022734053386764,1.4500113323040316,-2.0,-0.5,1.4500000000000002,0.014314701513517296,0.003524115018012323,7.11237780862771e-05,0.014742290346926546,FLIGHT,FLY,0.009348035398020047,7.027040922169059
18.287999999999446,-2.008842178887656,-0.5022179415418304,1.450012421099802,-2.0,-0.5,1.4500000000000002,0.014012871658745138,0.003451526980723366,6.755515428034417e-05,0.014431845839046158,FLIGHT,FLY,0.00911610619531625,7.02681233201522
18.30399999999945,-2.0086219155841922,-0.5021636649806666,1.4500134535684597,-2.0,-0.5,1.4500000000000002,0.013707985355259042,0.003378206658119086,6.405096360751766e-05,0.014118259285439388,FLIGHT,FLY,0.008889256126892715,7.0265887528753135
18.319999999999457,-2.008406631291769,-0.5021105853959821,1.4500144307496812,-2.0,-0.5,1.4500000000000002,0.013400555531757338,0.0033042741672263507,6.0611879222302134e-05,0.013802057460096825,FLIGHT,FLY,0.00866752677466199,7.026370225763879
18.335999999999462,-2.008196358278909,-0.5020587106153982,1.450015353695448,-2.0,-0.5,1.4500000000000002,0.013091085307463685,0.003229847380229074,5.7238615670772484e-05,0.01348375707605221,FLIGHT,FLY,0.008450951333086387,7.02615678341286
18.351999999999467,-2.007991120821436,-0.5020080465932877,1.4500162234705118,-2.0,-0.5,1.4500000000000002,0.012780067235937389,0.0031550417481356714,5.393191864322991e-05,0.013163864008694705,FLIGHT,FLY,0.008239554787948376,7.025948450448274
18.367999999999473,-2.007790935387991,-0.5019585974533375,1.4500170411526891,-2.0,-0.5,1.4500000000000002,0.012467982600831864,0.00307997013645115,5.0692554607586834e-05,0.012842872572410334,FLIGHT,FLY,0.008033354106727213,7.0257452435783225
18.383999999999478,-2.0075958108360203,-0.5019103655335577,1.450017807832987,-2.0,-0.5,1.4500000000000002,0.01215530076288931,0.003004742672678224,4.752130044006405e-05,0.012521264849818744,FLIGHT,FLY,0.007832358439729976,7.025547171792143
18.399999999999483,-2.0074057486174213,-0.5018633514335467,1.450018524615563,-2.0,-0.5,1.4500000000000002,0.011842478557343732,0.0029294666054434466,4.441893316077534e-05,0.012199510072752003,FLIGHT,FLY,0.007636569331141926,7.02535423656833
18.41599999999949,-2.007220742993028,-0.5018175540638259,1.4500191926175205,-2.0,-0.5,1.4500000000000002,0.011529959740336314,0.0028542461748814127,4.1386219871874234e-05,0.01187806405353148,FLIGHT,FLY,0.007445980939157453,7.025166432092436
18.431999999999494,-2.0070407812551605,-0.5017729706970647,1.4500198129685464,-2.0,-0.5,1.4500000000000002,0.011218174485941989,0.0027791824947780795,3.8423907994197755e-05,0.011557368668214503,FLIGHT,FLY,0.007260580264391383,7.024983745482624
18.4479999999995,-2.0068658439574434,-0.5017295970210122,1.4500203868103985,-2.0,-0.5,1.4500000000000002,0.010907538931167285,0.00270437344576194,3.5532715880294956e-05,0.011237851389076566,FLIGHT,FLY,0.007080347385761238,7.024806157022721
18.463999999999505,-2.006695905151137,-0.5016874271929613,1.4500209152962475,-2.0,-0.5,1.4500000000000002,0.010598454767497559,0.0026299135791816915,3.271332387501056e-05,0.010919924864861248,FLIGHT,FLY,0.006905255703054454,7.02463364040184
18.47999999999951,-2.006530932627219,-0.5016464538955718,1.4500213995898856,-2.0,-0.5,1.4500000000000002,0.010291308878798,0.0025558940316668735,2.9966365888989436e-05,0.010603986548606212,FLIGHT,FLY,0.006735272185407161,7.024466162959863
18.495999999999515,-2.006370888163496,-0.5016066683938805,1.4500218408648071,-2.0,-0.5,1.4500000000000002,0.009986473024634936,0.0024824024501595133,2.7292421540191082e-05,0.010290418372087343,FLIGHT,FLY,0.0065703576249446834,7.024303685937998
18.51199999999952,-2.0062157277760067,-0.5015680605933363,1.4500222403031746,-2.0,-0.5,1.4500000000000002,0.009684303567950841,0.002409522927170023,2.4692008908809468e-05,0.00997958646578541,FLIGHT,FLY,0.006410466894836494,7.024146164733707
18.527999999999526,-2.006065401974036,-0.5015306190986976,1.4500225990946811,-2.0,-0.5,1.4500000000000002,0.009385141245974872,0.0023373359459989895,2.2165577943284703e-05,0.009671840923226732,FLIGHT,FLY,0.006255549211055364,7.023993549159276
18.54399999999953,-2.005919856018047,-0.5014943312736332,1.4500229184353166,-2.0,-0.5,1.4500000000000002,0.009089310983209775,0.002265918335657745,1.9713504546572422e-05,0.009367515608507376,FLIGHT,FLY,0.006105548397135747,7.023845783703364
18.559999999999537,-2.0057790301798755,-0.5014591833008777,1.4500231995260546,-2.0,-0.5,1.4500000000000002,0.00879712174529749,0.002195343235212277,1.733608536314476e-05,0.009066928005770972,FLIGHT,FLY,0.005960403151253425,7.023702807794821
18.575999999999542,-2.005642860004537,-0.5014251602427904,1.4500234435714656,-2.0,-0.5,1.4500000000000002,0.008508866432529296,0.0021256800672671884,1.5033533282427139e-05,0.008770379109372856,FLIGHT,FLY,0.005820047314965049,7.023564556068169
18.591999999999548,-2.00551127657304,-0.5013922461021773,1.4500236517782754,-2.0,-0.5,1.4500000000000002,0.008224821811732933,0.0020569945202990924,1.280597366927537e-05,0.008478153353429031,FLIGHT,FLY,0.005684410142975751,7.023430958630078
18.607999999999553,-2.005384206765591,-0.5013604238832345,1.4500238253538722,-2.0,-0.5,1.4500000000000002,0.007945248485238482,0.0019893485395421095,1.0653441299267537e-05,0.00819051857941695,FLIGHT,FLY,0.005553416573309843,7.023301941326255
18.62399999999956,-2.005261573524624,-0.5013296756524847,1.450023965504782,-2.0,-0.5,1.4500000000000002,0.007670390895597465,0.0019228003261221845,8.575878012157362e-06,0.007907726040467243,FLIGHT,FLY,0.005426987497298734,7.023177426008154
18.639999999999564,-2.00514329611709,-0.5012999825995724,1.4500240734351177,-2.0,-0.5,1.4500000000000002,0.007400477364705705,0.0018574043441316511,6.573131070893759e-06,0.007630010440960923,FLIGHT,FLY,0.005305040028808707,7.023057330798927
18.65599999999957,-2.0050292903954787,-0.5012713250978006,1.4500241503450155,-2.0,-0.5,1.4500000000000002,0.007135720165960109,0.0017932113353310642,4.6449522038050455e-06,0.00735759001002574,FLIGHT,FLY,0.005187487772164117,7.0229415703581
18.671999999999574,-2.0049194690570644,-0.5012436827642858,1.4500241974290695,-2.0,-0.5,1.4500000000000002,0.006876315628062423,0.0017302683411615216,2.7909973084723835e-06,0.0070906666075078815,FLIGHT,FLY,0.005074241088241252,7.022830056144446
18.68799999999958,-2.0048137419008754,-0.5012170345196231,1.4500242158747743,-2.0,-0.5,1.4500000000000002,0.0066224442690692165,0.0016686187317477635,1.0108267898141704e-06,0.006829425860981143,FLIGHT,FLY,0.004965207358227575,7.022722696676552
18.703999999999585,-2.0047120160819376,-0.5011913586469499,1.4500242068609837,-2.0000001761595354,-0.500000004837863,1.4500000000000002,0.0063742709592771825,0.0016083022415700964,-6.96093498250071e-07,0.006574037332345323,FLIGHT,FLY,0.004860119273512636,7.022619397790617
18.71999999999959,-2.004614197463222,-0.5011666329440335,1.4500241726078453,-2.0000014036346734,-0.5000000385479684,1.4500000000000002,0.006124868199553793,0.001548754146158136,-2.2623056032371197e-06,0.006317646316878936,FLIGHT,FLY,0.00475802578698622,7.022520063999803
18.735999999999596,-2.004520201606873,-0.5011428356801826,1.4500241158815472,-2.0000047182673435,-0.5000001295776058,1.4500000000000002,0.005872752177148745,0.0014899512031148747,-3.6679225791902334e-06,0.00605881062383739,FLIGHT,FLY,0.004657828574178458,7.0224246095257135
18.7519999999996,-2.0044299696376067,-0.5011199468399523,1.450024039305568,-2.0000111391014253,-0.5000003059127405,1.4500000000000002,0.0056186063236024816,0.0014320860588819665,-4.918031341349341e-06,0.005798243845053617,FLIGHT,FLY,0.004558471137714611,7.022332974210092
18.767999999999606,-2.004343479940498,-0.5010979488123165,1.4500239453723398,-2.0000216684733063,-0.5000005950805005,1.4500000000000002,0.005362017447407777,0.0013752333403729217,-6.018174976812037e-06,0.00553556989525096,FLIGHT,FLY,0.004458950501034963,7.022245135231956
18.78399999999961,-2.004260755708589,-0.5010768265934861,1.4500238364852691,-2.0000372921024363,-0.5000010241516636,1.4500000000000002,0.005101537727773606,0.0013193599493591282,-6.972681346492509e-06,0.00526938767620637,FLIGHT,FLY,0.004358324876179758,7.022161114650422
18.799999999999617,-2.004181869503147,-0.5010565676992185,1.4500237150117719,-2.000058979181883,-0.5000016197431439,1.4500000000000002,0.004835015185373158,0.0012643731886593976,-7.783513670561227e-06,0.004997606625783468,FLIGHT,FLY,0.0042557184811965925,7.022080983947075
18.815999999999622,-2.0041069457560745,-0.5010371619304965,1.4500235833388129,-2.0000876824688874,-0.5000024080204792,1.4500000000000002,0.004559853944218245,0.0012101556043234124,-8.449733080253583e-06,0.004717713002850765,FLIGHT,FLY,0.004150324448284323,7.022004866505281
18.831999999999628,-2.004036161859548,-0.5010186010810578,1.4500234439256814,-2.00012433837542,-0.5000034147003177,1.4500000000000002,0.004273195323665539,0.0011565856197421778,-8.967411151823173e-06,0.004426959338468583,FLIGHT,FLY,0.004041406482725461,7.021932938676177
18.847999999999633,-2.003969748280853,-0.5010008786373255,1.4500232993508697,-2.0001698670587365,-0.5000046650529049,1.4500000000000002,0.003972041572706427,0.0011035485793176418,-9.329828780147548e-06,0.004122501760815536,FLIGHT,FLY,0.003928299734997024,7.021865429871803
18.86399999999964,-2.0039079879993484,-0.5009839894975265,1.4500231523513203,-2.00022517251193,-0.5000061839045704,1.4500000000000002,0.0036533404538563125,0.0010509419089730489,-9.527845000162005e-06,0.0038015084042586716,FLIGHT,FLY,0.0038104112234751564,7.02180262198347
18.879999999999644,-2.003851215467564,-0.500967929722452,1.450023005853195,-2.000291142654493,-0.5000079956402153,1.4500000000000002,0.0033140433423982938,0.000998676834913201,-9.550358674780455e-06,0.0034612613170977888,FLIGHT,FLY,0.0036872200743387,7.02174484832772
18.89599999999965,-2.0037998152346086,-0.5009526963219779,1.4500228629938952,-2.0003686494228656,-0.5000101242057985,1.4500000000000002,0.002951145392621554,0.0009466781909677846,-9.384813178399471e-06,0.0030992816587660853,FLIGHT,FLY,0.003558277816848022,7.021692492258016
18.911999999999654,-2.003754220327145,-0.5009382870769336,1.4500227271354154,-2.0004585488609967,-0.5000125931108241,1.4500000000000002,0.0025617135180266764,0.00089488324340522,-9.017712084139423e-06,0.0027135352378215563,FLIGHT,FLY,0.003423208981595182,7.021645985537142
18.92799999999966,-2.0037149104542773,-0.5009247003934394,1.450022601869363,-2.000561681210897,-0.5000154254308281,1.4500000000000002,0.002142906041240692,0.000843240101114626,-8.43512536839371e-06,0.0023028615505613094,FLIGHT,FLY,0.003281712299843098,7.021605806536268
18.943999999999665,-2.0036824100832233,-0.5009119351857642,1.4500224910141135,-2.000678871003194,-0.5000186438098656,1.4500000000000002,0.0016919866081141247,0.0007917060306376205,-7.62317297210897e-06,0.0018680672455111676,FLIGHT,FLY,0.003133562906264541,7.021572478307171
18.95999999999967,-2.003657286419383,-0.5008999907836788,1.4500223986046803,-2.00081092714769,-0.500022270462997,1.4500000000000002,0.0012063341156699945,0.0007402458393705575,-6.568477232289547e-06,0.0014153618075346953,FLIGHT,FLY,0.002978616132516741,7.021546566560846
18.975999999999676,-2.0036401473154584,-0.5008888668604199,1.4500223288759335,-2.000958643023914,-0.5000263271787758,1.4500000000000002,0.0006834498315398017,0.0006888304143611857,-5.2585787155920565e-06,0.0009703703749759131,FLIGHT,FLY,0.0028168137971797125,7.021528677576815
18.99199999999968,-2.0036316391281743,-0.5008785633777544,1.4500222862398542,-2.0011227965716807,-0.5000308353217351,1.4500000000000002,0.00012096250215591918,0.0006374354485735077,-3.6823119760108493e-06,0.0006488215759724844,FLIGHT,FLY,0.0026481944472103616,7.021519456061385
19.007999999999686,-2.0036324445369265,-0.5008690805450865,1.4500222752575218,-2.0013041503816438,-0.5000358158348744,1.4500000000000002,-0.0004833680090920357,0.0005860403572099286,-1.8301391185869556e-06,0.000759665243315457,FLIGHT,FLY,0.0024729099762846787,7.021519582968943
19.023999999999692,-2.003643280330851,-0.5008604187885887,1.4500223006065769,-2.0015034517858528,-0.500041289242147,1.4500000000000002,-0.0011316478464733432,0.0005346274687175016,3.0556138804962194e-07,0.001251580389788367,FLIGHT,FLY,0.00229125280487385,7.021529773292467
19.039999999999697,-2.0036648951460823,-0.500852578720242,1.450022367044998,-2.0017214329483073,-0.5000472756509462,1.4500000000000002,-0.0018258450596529826,0.00048318197034957,2.7302592534094763e-06,0.0018886986135023469,FLIGHT,FLY,0.002103701107001086,7.021550773804338
19.055999999999703,-2.0036980671964586,-0.5008455611151462,1.4500224793717937,-2.001958810955514,-0.500053794754593,1.4500000000000002,-0.0025677894355242907,0.0004316910519083244,5.447068902855285e-06,0.002603829760189307,FLIGHT,FLY,0.0019109961385017265,7.0215833607912215
19.071999999999708,-2.003743602019378,-0.5008393668998884,1.4500226423852356,-2.0022162879070406,-0.5000608658348225,1.4500000000000002,-0.0033591729249695924,0.0003801431516934775,8.45658789190871e-06,0.00338062465670281,FLIGHT,FLY,0.0017142789463951021,7.021628337804848
19.087999999999713,-2.0038023302245747,-0.5008339971454902,1.4500228608393828,-2.0024945510060728,-0.5000685077642708,1.4500000000000002,-0.004201549525706113,0.0003285275879312594,1.1756781313683047e-05,0.004214390467778235,FLIGHT,FLY,0.0015153417030838263,7.021686533416022
19.10399999999972,-2.003875105250303,-0.5008294530636641,1.4500231393995648,-2.002794272649969,-0.5000767390089625,1.4500000000000002,-0.005096335558853852,0.00027683427104233305,1.5342907096677648e-05,0.005103871936761336,FLIGHT,FLY,0.0013171095467310167,7.021758798976293
19.119999999999724,-2.0039628011319905,-0.5008257360055848,1.4500234825974498,-2.0031161105208155,-0.500085577630797,1.4500000000000002,-0.006044810297638928,0.0002250534809066267,1.920748050200774e-05,0.006049028808909497,FLIGHT,FLY,0.0011245974438973624,7.0218460063922095
19.13599999999973,-2.004066310288007,-0.5008228474625287,1.4500238947863013,-2.003460707675983,-0.5000950412900356,1.4500000000000002,-0.0070481169124916344,0.00017317569712097967,2.334027588142851e-05,0.007050282732110973,FLIGHT,FLY,0.0009468137876105416,7.021949045916805
19.151999999999735,-2.0041865413268978,-0.5008207890678582,1.4500243800969828,-2.0038286926386815,-0.5001051472477884,1.4500000000000002,-0.008107263704129201,0.00012119147238895543,2.772836353111626e-05,0.008108216881868333,FLIGHT,FLY,0.0008001243017749934,7.022068823962594
19.16799999999974,-2.004324416880136,-0.5008195625999248,1.450024942395234,-2.0042206794885153,-0.5001159123685016,1.4500000000000002,-0.009223125601441066,6.90913409549862e-05,3.2356179283426185e-05,0.009223441136348754,FLIGHT,FLY,0.000711255997937564,7.022206260940078
19.183999999999745,-2.0044808714642044,-0.5008191699855432,1.450025585240702,-2.0046372679520403,-0.5001273531224439,1.4500000000000002,-0.010396445904600576,1.6865755483917513e-05,3.720562431974915e-05,0.010396526158264363,FLIGHT,FLY,0.00070927458256724,7.022362289125573
19.19999999999975,-2.0046568493755705,-0.5008196133037539,1.4500263118481629,-2.0050790434933177,-0.5001394855881939,1.4500000000000002,-0.011627838256309926,-3.549495297798724e-05,4.2256192559979914e-05,0.011627969211878798,FLIGHT,FLY,0.0008005133243945319,7.022537850561847
19.215999999999756,-2.0048533026219237,-0.5008208947896415,1.4500271250513272,-2.0055465774044694,-0.5001523254551261,1.4500000000000002,-0.01291778882580444,-8.800059631305798e-05,4.748512288741448e-05,0.012918175842197115,FLIGHT,FLY,0.0009631276546585759,7.022733894994966
19.23199999999976,-2.005071188892805,-0.5008230168380211,1.4500280272695791,-2.006040426896236,-0.5001658880258993,1.4500000000000002,-0.01426665869144446,-0.00014066113544564655,5.286757340198576e-05,0.014267450043841404,FLIGHT,FLY,0.001170999821953799,7.022951377850397
19.247999999999767,-2.0053114695725855,-0.5008259820068366,1.450029020477945,-2.0065611351885293,-0.5001801882189423,1.4500000000000002,-0.01567468640857577,-0.00019348667413151958,5.837681485535564e-05,0.015675989249574303,FLIGHT,FLY,0.0014066676111132144,7.023191258251361
19.263999999999772,-2.005575107798535,-0.5008297930201444,1.4500301061805492,-2.0071092316009893,-0.5001952405709411,1.4500000000000002,-0.017141990749956627,-0.00024648744276772346,6.398444041115511e-05,0.017143882201521785,FLIGHT,FLY,0.0016601785000556883,7.02345449708212
19.279999999999777,-2.0058630665665396,-0.5008344527705805,1.4500312853877662,-2.00768523164354,-0.5002110592393263,1.4500000000000002,-0.018668573606509153,-0.00029967377414637724,6.966058888751962e-05,0.01867110862991819,FLIGHT,FLY,0.0019258517758771049,7.023742055098772
19.295999999999783,-2.0061763068868395,-0.5008399643212252,1.4500325585972238,-2.008289637106944,-0.5002276580047595,1.4500000000000002,-0.020254323036507583,-0.0003530560727409629,7.537417867587592e-05,0.0202575401153376,FLIGHT,FLY,0.0022002462690324577,7.0240548910898895
19.311999999999788,-2.006515785991968,-0.5008463309068016,1.4500339257787869,-2.008922936153359,-0.5002450502736204,1.4500000000000002,-0.021899016451602353,-0.00040664477884717155,8.109314959191114e-05,0.021902941757276004,FLIGHT,FLY,0.0024811106987243084,7.024393960089187
19.327999999999793,-2.0068824555988938,-0.5008535559341544,1.450035386363585,-2.0095856034068924,-0.5002632490804937,1.4500000000000002,-0.023602323928322497,-0.00046045032868829023,8.678470999247589e-05,0.023606974412417665,FLIGHT,FLY,0.0027668520476105277,7.024760211642207
19.3439999999998,-2.0072772602271995,-0.5008616429819682,1.4500369392371268,-2.010278100044157,-0.500282267090656,1.4500000000000002,-0.025363811633915448,-0.0005144831114255754,9.241558659149496e-05,0.025369197348622044,FLIGHT,FLY,0.0030562585019056963,7.025154588128848
19.359999999999804,-2.007701135574928,-0.5008705957996985,1.45003858273649,-2.0110008738848273,-0.5003021166025631,1.4500000000000002,-0.027182945355586137,-0.0005687534238780195,9.795227452234518e-05,0.027189071210875132,FLIGHT,FLY,0.003348349072511989,7.025578023143354
19.37599999999981,-2.0081550069535883,-0.5008804183056932,1.4500403146515441,-2.0117543594821936,-0.5003228095503361,1.4500000000000002,-0.0290590941223935,-0.0006232714236458659,0.00010336128532214954,0.029065961226784866,FLIGHT,FLY,0.003642288586758109,7.026031439933266
19.391999999999815,-2.0086397877836144,-0.5008911145844962,1.4500421322301333,-2.01253897821372,-0.5003443575062493,1.4500000000000002,-0.030991533909257626,-0.0006780470812423914,0.0001086093906555587,0.03099914059926154,FLIGHT,FLY,0.003937337845910595,7.026515749898612
19.40799999999982,-2.0091563781514177,-0.5009026888833277,1.450044032187099,-2.013355138371596,-0.5003667716832162,1.4500000000000002,-0.032979451412729704,-0.0007330901317642972,0.00011366385974633093,0.03298779404717603,FLIGHT,FLY,0.0042328234822549375,7.027031851152466
19.423999999999825,-2.009705663429009,-0.5009151456077459,1.4500460107170121,-2.0142032352532966,-0.5003900629372771,1.4500000000000002,-0.03502194788838079,-0.0007884100265689336,0.0001184926886452776,0.035031021463607315,FLIGHT,FLY,0.004528119270232729,7.0275806271438785
19.43999999999983,-2.0102885129569983,-0.5009284893164988,1.45004806351044,-2.0150836512521337,-0.5004142417700858,1.4500000000000002,-0.03711804303987669,-0.000844015885373763,0.0001230648196305289,0.03712784166733547,FLIGHT,FLY,0.004822634322490804,7.028162945343951
19.455999999999836,-2.010905778791632,-0.5009427247155818,1.4500501857735626,-2.0159967559478145,-0.5004393183313964,1.4500000000000002,-0.03926667895002607,-0.000899916449147875,0.00012735034920648258,0.03927719622747161,FLIGHT,FLY,0.005115805546774856,7.028779655995724
19.47199999999984,-2.011558294516369,-0.5009578566515211,1.4500523722509169,-2.016942906196996,-0.5004653024215505,1.4500000000000002,-0.041466724044317636,-0.0009561200341252671,0.00013132072334382915,0.041477953344151705,FLIGHT,FLY,0.005407092806731294,7.0294315909284
19.487999999999847,-2.0122468741183477,-0.5009738901039082,1.4500546172510478,-2.0179224462238388,-0.5004922034939637,1.4500000000000002,-0.04371697707769977,-0.0010126344872337905,0.0001349489187787711,0.04372891177044704,FLIGHT,FLY,0.005695975835168919,7.030119562436217
19.503999999999852,-2.012972310929953,-0.500990830177212,1.45005691467481,-2.018935707710567,-0.500520030657613,1.4500000000000002,-0.04601617113560342,-0.0010694671432012889,0.00013820960936656462,0.046028804762318666,FLIGHT,FLY,0.005981952302609334,7.030844362222212
19.519999999999857,-2.0137353766355486,-0.5010086820919036,1.4500592580460647,-2.0199830098880187,-0.5005487926795233,1.4500000000000002,-0.048362977640465266,-0.0011266247835705811,0.00014107931665631324,0.048376304044735446,FLIGHT,FLY,0.006264536657167072,7.031606760406931
19.535999999999863,-2.0145368203433067,-0.5010274511749285,1.4500616405445002,-2.021064659626205,-0.5005784979872548,1.4500000000000002,-0.05075601035527317,-0.0011841135978273548,0.0001435365440328861,0.05077002378310089,FLIGHT,FLY,0.0065432594834741705,7.032407504602022
19.551999999999868,-2.0153773677219267,-0.501047142849563,1.450064055040299,-2.0221809515248643,-0.5006091546713894,1.4500000000000002,-0.05319382937592964,-0.0012419391468190435,0.00014556189393088637,0.05320852454997114,FLIGHT,FLY,0.006817667211577247,7.033247319048487
19.567999999999873,-2.016257720201915,-0.5010677626246978,1.450066494130369,-2.0233321680040173,-0.500640770488018,1.4500000000000002,-0.055674945104510695,-0.0013001063286183288,0.00014713816779477655,0.0556903172777496,FLIGHT,FLY,0.007087322060514576,7.034126903819315
19.58399999999988,-2.017178554240975,-0.5010893160835911,1.4500689501758541,-2.0245185793945235,-0.5006733528612272,1.4500000000000002,-0.05819782219578639,-0.0013586193469617093,0.00014825044861255525,0.05821386718865033,FLIGHT,FLY,0.007351802136693222,7.035046934085982
19.599999999999884,-2.018140520652924,-0.5011118088721338,1.4500714153406418,-2.025740444028636,-0.5007069088855861,1.4500000000000002,-0.060760883469665634,-0.0014174816823714943,0.00014888616600098632,0.06077759769376025,FLIGHT,FLY,0.0076107016309796965,7.036008059448312
19.61599999999989,-2.0191442439994667,-0.5011352466866766,1.4500738816305827,-2.026998008330558,-0.5007414453286342,1.4500000000000002,-0.06336251378252977,-0.0014766960660486253,0.00014903514396086287,0.06337989425351619,FLIGHT,FLY,0.007863631074631897,7.037010903326963
19.631999999999895,-2.020190322044009,-0.5011596352614625,1.4500763409331485,-2.0282915069069967,-0.5007769686333666,1.4500000000000002,-0.06600106385072772,-0.0015362644566036588,0.0001486896315531663,0.06601910819236347,FLIGHT,FLY,0.008110217625474423,7.038056062417787
19.6479999999999,-2.0212793252666392,-0.501184980355714,1.450078785057255,-2.0296211626377203,-0.5008134849207225,1.4500000000000002,-0.06867485401981782,-0.0015961880196742478,0.00014784431687082694,0.0686935604607846,FLIGHT,FLY,0.008350105363633701,7.039144106207154
19.663999999999906,-2.0224117964392545,-0.5012112877404246,1.4500812057729908,-2.030987186766113,-0.5008509999920714,1.4500000000000002,-0.07138217797345923,-0.001656467110459363,0.00014649632479447024,0.07140154533828956,FLIGHT,FLY,0.00858295558182552,7.040275576547242
19.67999999999991,-2.0235882502597646,-0.5012385631849003,1.4500835948509954,-2.0323897789897303,-0.5008895193316999,1.4500000000000002,-0.0741213063761757,-0.001717101259183355,0.00014464519912303652,0.07414133407134527,FLIGHT,FLY,0.00880844705926463,7.04145098729024
19.695999999999916,-2.024809173044179,-0.5012668124431028,1.4500859441012508,-2.0338291275508547,-0.5009290481092992,1.4500000000000002,-0.07689049044453823,-0.001778089159486797,0.0001422928697646892,0.07691117844059793,FLIGHT,FLY,0.009026276311286456,7.04267082398024
19.71199999999992,-2.026075022475328,-0.5012960412398388,1.450088245411056,-2.035305409327051,-0.5009695911824514,1.4500000000000002,-0.07968796544163881,-0.0018394286597258824,0.00013944360575554937,0.0797093142521075,FLIGHT,FLY,0.009236157808982707,7.0439355436016315
19.727999999999927,-2.027386227406877,-0.5013262552568473,1.4500904907819687,-2.036818789921723,-0.5010111530991167,1.4500000000000002,-0.08251195409005363,-0.0019011167571478377,0.00013610395494565865,0.08253396474767208,FLIGHT,FLY,0.009437824164832012,7.045245574382608
19.743999999999932,-2.028743187721222,-0.5013574601188275,1.450092672365521,-2.038369423754667,-0.5010537381001205,1.4500000000000002,-0.08536066989882239,-0.0019631495948967035,0.0001322826712544575,0.08538334392967273,FLIGHT,FLY,0.009631026281567123,7.046601315652411
19.759999999999938,-2.030146274239797,-0.5013896613794568,1.450094782497519,-2.039957454152628,-0.5010973501216401,1.4500000000000002,-0.08823232040029676,-0.0020255224617914762,0.0001279906304482985,0.0882556597962155,FLIGHT,FLY,0.009815533462496627,7.048003137750856
19.775999999999943,-2.0315958286842486,-0.5014228645074412,1.4500968137307644,-2.041583013439858,-0.5011419927976916,1.4500000000000002,-0.09112511029303853,-0.0020882297948074556,0.00012324073543429855,0.09114911748269003,FLIGHT,FLY,0.009991133482243692,7.049451381988571
19.79199999999995,-2.033092163686892,-0.5014570748726421,1.450098758866044,-2.0432462230286657,-0.5011876694626166,1.4500000000000002,-0.09403724448727206,-0.002151265184181299,0.00011804781209601639,0.09406192230619992,FLIGHT,FLY,0.010157632617456345,7.050946360656404
19.807999999999954,-2.034635562848799,-0.5014922977323223,1.4501006109812578,-2.044947193509978,-0.5012343831535702,1.4500000000000002,-0.09696693104971932,-0.0022146213810511463,0.00011242849671878809,0.09699228270965327,FLIGHT,FLY,0.010314855637501676,7.052488357082334
19.82399999999996,-2.03622628084383,-0.5015285382175507,1.4501023634585668,-2.046686024743892,-0.5012821366130062,1.4500000000000002,-0.09991238404496508,-0.0022782903075347894,0.00010640111606343474,0.09993841310262785,FLIGHT,FLY,0.01046264575552504,7.054077625734213
19.839999999999964,-2.0378645435668874,-0.501565801319805,1.4501040100094638,-2.048462805950232,-0.5013309322911658,1.4500000000000002,-0.10287182627081695,-0.002342263069141607,9.998556115257231e-05,0.10289853659644849,FLIGHT,FLY,0.010600864540537887,7.055714392366625
19.85599999999997,-2.0395505483246086,-0.5016040918778073,1.4501055446976845,-2.0502776157991036,-0.5013807723485629,1.4500000000000002,-0.10584349188543704,-0.002406529969407662,9.320315582841104e-05,0.10587088763122982,FLIGHT,FLY,0.010729391791453567,7.057398854210088
19.871999999999975,-2.0412844640667207,-0.501643414564631,1.4501069619598963,-2.0521305225014506,-0.5014316586584725,1.4500000000000002,-0.10882562892432919,-0.002471080526637859,8.607652112866411e-05,0.1088537144929488,FLIGHT,FLY,0.010848125374154175,7.05913118020082
19.88799999999998,-2.0430664316562255,-0.5016837738751085,1.450108256624116,-2.0540215838996096,-0.5014835928094165,1.4500000000000002,-0.11181650170556968,-0.002535903492634612,7.862943650761783e-05,0.111845281718917,FLIGHT,FLY,0.010956981022835936,7.060911511249261
19.903999999999986,-2.044896564176574,-0.501725174113572,1.4501094239258243,-2.055950847557867,-0.5015365761076511,1.4500000000000002,-0.11481439312196416,-0.002600986873288766,7.088669890369219e-05,0.11484387239031969,FLIGHT,FLY,0.011055892107006686,7.062739960545495
19.91999999999999,-2.046774947273976,-0.5017676193819564,1.4501104595217649,-2.0579183508530123,-0.5015906095796538,1.4500000000000002,-0.11781760681910505,-0.0026663179509057457,6.287398062230168e-05,0.11784779031078178,FLIGHT,FLY,0.011144809365592373,7.064616613899751
19.935999999999996,-2.0487016395329696,-0.5018111135682907,1.4501113595014208,-2.0599241210648955,-0.5016456939746101,1.4500000000000002,-0.12082446925858671,-0.0027318833081378764,5.461768696475511e-05,0.12085536207020431,FLIGHT,FLY,0.011223700609709461,7.066541530116089
19.952,-2.050676672883385,-0.5018556603356018,1.4501121203961882,-2.0619681754669816,-0.5017018297669006,1.4500000000000002,-0.12383333166591173,-0.0027976688533925963,4.6144814492414375e-05,0.1238649389933925,FLIGHT,FLY,0.011292550395691507,7.068514741397432
19.968000000000007,-2.052700053036809,-0.5019012631112539,1.4501127391862711,-2.0640505214169065,-0.5017590171585877,1.4500000000000002,-0.12684257186293926,-0.002863659847417114,3.748281076739886e-05,0.1268748989733104,FLIGHT,FLY,0.011351359670041496,7.070536253780054
19.984000000000012,-2.0547717599506834,-0.5019479250767424,1.4501132133053372,-2.0661711564470315,-0.5018172560819029,1.4500000000000002,-0.12985059598520346,-0.0029298409309562136,2.8659436355801282e-05,0.12988364818927953,FLIGHT,FLY,0.01140014538798372,7.072606047595646
20.000000000000018,-2.0568917483181672,-0.5019956491579601,1.4501135406429855,-2.0683300683550017,-0.501876546201733,1.4500000000000002,-0.13285584009101287,-0.0029961961564680126,1.9702629701891842e-05,0.13288962271708965,FLIGHT,FLY,0.01143894010733643,7.0747240779591225
20.016000000000023,-2.059059948081908,-0.5020444380159577,1.450113719545092,-2.070527235294298,-0.5019368869181083,1.4500000000000002,-0.13585677164792248,-0.0030627090179872196,1.0640375851657419e-05,0.13589129001647682,FLIGHT,FLY,0.011467791559410708,7.076890275280301
20.03200000000003,-2.061276264969886,-0.5020942940382096,1.4501137488120994,-2.0727626258647946,-0.5019982773686881,1.4500000000000002,-0.13885189089705585,-0.003129362479234685,1.5005796546946547e-06,0.1388871502964406,FLIGHT,FLY,0.011486762198675244,7.079104545797638
20.048000000000034,-2.0635405810514977,-0.502145219330403,1.4501136276953372,-2.0750361992033137,-0.5020607164312483,1.4500000000000002,-0.14183973211501816,-0.00319613900543286,-7.689056357464702e-06,0.14187573777825352,FLIGHT,FLY,0.011495928732917876,7.081366772132179
20.06400000000004,-2.065852755312055,-0.5021972157087529,1.4501133558914594,-2.0773479050741828,-0.5021242027261684,1.4500000000000002,-0.144818864765043,-0.0032630205959552024,-1.690114872083419e-05,0.1448556218477359,FLIGHT,FLY,0.011495381635655624,7.083676813859917
20.080000000000044,-2.0682126242439027,-0.5022502846928496,1.4501129335350982,-2.079697683959787,-0.5021887346189186,1.4500000000000002,-0.1477878945373142,-0.0033299888172557478,-2.610874394062837e-05,0.14782540809672018,FLIGHT,FLY,0.011485224642514709,7.08603450810077
20.09600000000005,-2.0706200024523964,-0.5023044274990452,1.4501123611898346,-2.0820854671511273,-0.5022543102225459,1.4500000000000002,-0.15074546428018423,-0.0033970248359842707,-3.528542315896879e-05,0.15078373925541733,FLIGHT,FLY,0.011465574233297166,7.0884396701224075
20.112000000000055,-2.0730746832749993,-0.5023596450343807,1.4501116398375942,-2.0845111768383755,-0.5023209274001618,1.4500000000000002,-0.1536902548243066,-0.0034641094522301305,-4.440540026645943e-05,0.1537292960176976,FLIGHT,FLY,0.011436559101423124,7.090892093957205
20.12800000000006,-2.0755764394118077,-0.5024159378910554,1.4501107708665815,-2.0869747262014284,-0.5023885837674289,1.4500000000000002,-0.15662098570182933,-0.003531223132829566,-5.344361319018851e-05,0.15666079776142547,FLIGHT,FLY,0.011398319612404366,7.0933915530306395
20.144000000000066,-2.0781250235658337,-0.5024733063414423,1.4501097560578637,-2.089476019500465,-0.5024572766950481,1.4500000000000002,-0.15953641576291364,-0.0035983460446628464,-6.2375808149127e-05,0.1595770031661073,FLIGHT,FLY,0.011351007252996632,7.09593780079945
20.16000000000007,-2.0807201690914265,-0.5025317503336432,1.4501085975707286,-2.092014952166502,-0.5025270033112452,1.4500000000000002,-0.1624353436919607,-0.0036654580878632092,-7.117861672059786e-05,0.16247671073022973,FLIGHT,FLY,0.011294784072625318,7.098530571397965
20.176000000000077,-2.083361590649246,-0.5025912694875863,1.450107297926927,-2.0945914108919466,-0.5025977605042578,1.4500000000000002,-0.165316608426053,-0.0037325389288582027,-7.982962561532109e-05,0.1653587591907895,FLIGHT,FLY,0.01122982211865643,7.101169580290993
20.192000000000082,-2.0860489848662462,-0.5026518630916591,1.4501058599939263,-2.0972052737211557,-0.5026695449248224,1.4500000000000002,-0.16817908947823168,-0.0037995680331649245,-8.830743910806547e-05,0.1682220278476321,FLIGHT,FLY,0.011156302867052407,7.103854524931762
20.208000000000087,-2.088782030999179,-0.502713530099873,1.45010428696729,-2.0998564101409896,-0.5027423529886614,1.4500000000000002,-0.17102170716834586,-0.0038665246978629338,-9.6591734119747e-05,0.17106543679533198,FLIGHT,FLY,0.011074416649895773,7.1065850854234
20.224000000000093,-2.0915603916001575,-0.5027762691295528,1.4501025823523068,-2.102544681171367,-0.5028161808789698,1.4500000000000002,-0.1738434227643148,-0.003933388083671909,-0.00010466330799142613,0.17388794706545102,FLIGHT,FLY,0.010984362081246217,7.109360925182518
20.240000000000098,-2.094383713182886,-0.5028400784595439,1.4501007499449794,-2.105269939455822,-0.5028910245489024,1.4500000000000002,-0.17664323853674097,-0.004000137246564979,-0.00011250411903355225,0.17668856068211128,FLIGHT,FLY,0.010886345482740102,7.1121816916034835
20.256000000000103,-2.097251626888197,-0.5029049560289283,1.450098793812496,-2.108032029352058,-0.5029668797240605,1.4500000000000002,-0.17942019772990114,-0.0040667511688529815,-0.00012009731997318419,0.1794663206339074,FLIGHT,FLY,0.01078058031030043,7.115047016722068
20.27200000000011,-2.1001637491476006,-0.5029708994362405,1.4500967182732902,-2.1108307870225045,-0.5030437419049786,1.4500000000000002,-0.18217338445222236,-0.0041332087896793265,-0.0001274272844584516,0.18222031076526327,FLIGHT,FLY,0.010667286583282806,7.117956517877123
20.288000000000114,-2.1031196823435874,-0.5030379059391717,1.4500945278768038,-2.1136660405248726,-0.5031216063696119,1.4500000000000002,-0.18490192348942003,-0.004199489034869863,-0.00013447962681192963,0.1849496555904102,FLIGHT,FLY,0.01054669031734686,7.1209097983690635
20.30400000000012,-2.1061190154654943,-0.5031059724547522,1.4500922273830534,-2.11653760990271,-0.5032004681758229,1.4500000000000002,-0.1876049800435367,-0.004265570846086688,-0.00014124121525581557,0.18765352003322422,FLIGHT,FLY,0.010419022962278094,7.123906448113979
20.320000000000125,-2.109161324759785,-0.5031750955599985,1.450089821742105,-2.1194453072759547,-0.5032803221638681,1.4500000000000002,-0.19028175940117165,-0.004331433209239544,-0.00014770017885742275,0.19033110909621243,FLIGHT,FLY,0.010284520845962803,7.126946044292192
20.33600000000013,-2.1122461743736594,-0.5032452714930142,1.4500873160735528,-2.1223889369314954,-0.5033611629588856,1.4500000000000002,-0.19293150653423372,-0.004397055182112925,-0.000153845908467827,0.19298166746198242,FLIGHT,FLY,0.010143424625662843,7.130028151990203
20.352000000000135,-2.1153731169909515,-0.503316496154529,1.4500847156460923,-2.125368295413722,-0.5034429849733811,1.4500000000000002,-0.1955535056365849,-0.00446241592117156,-0.0001596690519456971,0.19560447903056188,FLIGHT,FLY,0.009995978747691885,7.133152324834989
20.36800000000014,-2.118541694459343,-0.5033887651098641,1.4500820258572773,-2.1283831716150834,-0.5035257824097157,1.4500000000000002,-0.19814707959996491,-0.004527494707511127,-0.00016516150397702527,0.19819886639596043,FLIGHT,FLY,0.009842430916568326,7.136318105619657
20.384000000000146,-2.1217514384079657,-0.5034620735913077,1.450079252213541,-2.1314333468666438,-0.5036095492625922,1.4500000000000002,-0.20071158943260436,-0.004592270971925346,-0.00017031639081408232,0.200764190265383,FLIGHT,FLY,0.009683031574659022,7.139525026919563
20.40000000000015,-2.1250018708545224,-0.5035364165008865,1.4500764003105564,-2.134518595028636,-0.5036942793215424,1.4500000000000002,-0.20324643362394137,-0.00465672431906456,-0.00017512805026938957,0.20329984882451085,FLIGHT,FLY,0.009518033393317363,7.142772611697994
20.416000000000157,-2.128292504801114,-0.503611788413519,1.4500734758140075,-2.1376386825810187,-0.5037799661734138,1.4500000000000002,-0.2057510474588557,-0.004720834550664741,-0.0001795920073073736,0.2058052770522664,FLIGHT,FLY,0.009347690776470458,7.14606037390063
20.432000000000162,-2.131622844818019,-0.5036881835805322,1.4500704844408354,-2.1407933687140313,-0.5038666032048567,1.4500000000000002,-0.20822490228482682,-0.004784581687829579,-0.00018370494558368538,0.20827994598847058,FLIGHT,FLY,0.00917225937758412,7.149387819037998
20.448000000000167,-2.1349923876147177,-0.5037655959335301,1.4500674319410196,-2.143982405418749,-0.5039541836048108,1.4500000000000002,-0.2106675047354051,-0.00484794599235171,-0.00018746467528346733,0.21072336195778382,FLIGHT,FLY,0.008991995630924255,7.152754444755267
20.464000000000173,-2.1384006225975183,-0.5038440190885942,1.4500643240799462,-2.1472055375776407,-0.5040427003669927,1.4500000000000002,-0.21307839591336328,-0.004910907987062511,-0.00019087009761195088,0.21313506575330007,FLIGHT,FLY,0.008807156298009555,7.156159741388672
20.480000000000178,-2.1418470324131857,-0.5039234463508024,1.45006116662141,-2.15046250305512,-0.5041321462923821,1.4500000000000002,-0.21545715053686354,-0.004973448475202939,-0.00019392116628777858,0.21551463178313188,FLIGHT,FLY,0.008617998030148549,7.159603192508024
20.496000000000183,-2.14533109347804,-0.5040038707190495,1.4500579653112962,-2.1537530327881056,-0.5042225139917096,1.4500000000000002,-0.2178033760519408,-0.005035548558810814,-0.00019661884638655708,0.21786166718328867,FLIGHT,FLY,0.008424776947973542,7.163084275444752
20.51200000000019,-2.1488522764920326,-0.5040852848911527,1.450054725861972,-2.1570768508765727,-0.5043137958879425,1.4500000000000002,-0.22011671171455582,-0.0050971896561226885,-0.00019896507087591677,0.220175810900105,FLIGHT,FLY,0.00822774823888578,7.166602461804973
20.528000000000194,-2.1524100469373644,-0.5041676812692264,1.4500514539374258,-2.160433674674113,-0.5044059842187726,1.4500000000000002,-0.22239682764542681,-0.005158353517990929,-0.0002009626951764324,0.22245673274542874,FLIGHT,FLY,0.008027165773402331,7.170157217967186
20.5440000000002,-2.156003865561267,-0.504251051965311,1.4500481551391737,-2.163823214878485,-0.5044990710391032,1.4500000000000002,-0.22464342386078856,-0.005219022243319072,-0.00020261545007241782,0.224704132427721,FLIGHT,FLY,0.007823281741420274,7.173748005564171
20.560000000000205,-2.159633188842611,-0.5043353888072375,1.450044834992958,-2.1672451756221736,-0.5045930482235351,1.4500000000000002,-0.22685622928217164,-0.005279178293520554,-0.0002039278932880076,0.22691773856216194,FLIGHT,FLY,0.007616346309553231,7.177374281948793
20.57600000000021,-2.163297469442052,-0.504420683344715,1.4500414989362524,-2.170699254562944,-0.5046879074688547,1.4500000000000002,-0.22903500072822527,-0.00533880450600807,-0.0002049053600300873,0.22909730766278788,FLIGHT,FLY,0.0074066073008079375,7.181035500643403
20.592000000000215,-2.1669961566354883,-0.5045069268556224,1.4500381523065846,-2.1741851429743972,-0.5047836402965199,1.4500000000000002,-0.23117952189153992,-0.005397884106722506,-0.0002055539127883779,0.23124262311961793,FLIGHT,FLY,0.007194309898064794,7.184731111772601
20.60800000000022,-2.1707286967306283,-0.5045941103524909,1.4500348003306829,-2.177702525836526,-0.5048802380551475,1.4500000000000002,-0.23328960230334914,-0.005456400721712118,-0.00020588029066803004,0.23335349416365034,FLIGHT,FLY,0.0069796963730876,7.188460562479185
20.624000000000226,-2.1744945334665298,-0.5046822245891612,1.4500314481144494,-2.1812510819262694,-0.5049776919230003,1.4500000000000002,-0.23536507628891312,-0.005514338387774135,-0.00020589185851651858,0.23542975482253337,FLIGHT,FLY,0.006763005843127424,7.192223297323115
20.64000000000023,-2.178293108396013,-0.5047712600676001,1.4500281006337599,-2.18483048390807,-0.5050759929104738,1.4500000000000002,-0.23740580191630264,-0.0055716815621723184,-0.0002055965560907502,0.23747126286962988,FLIGHT,FLY,0.00654447405764327,7.196018758663427
20.656000000000237,-2.182123861250883,-0.5048612070448609,1.4500247627260818,-2.188440398424428,-0.5051751318625828,1.4500000000000002,-0.2394116599412182,-0.005628415131445181,-0.00020500284749479805,0.23947789876911163,FLIGHT,FLY,0.006324333218289494,7.199846387022996
20.672000000000242,-2.1859862302899473,-0.5049520555401756,1.4500214390829065,-2.192080486186457,-0.505275099461449,1.4500000000000002,-0.24138255275038836,-0.0056845244193207325,-0.0002041196711027339,0.2414495646196282,FLIGHT,FLY,0.006102811836130636,7.203705621436162
20.688000000000248,-2.1898796526298545,-0.5050437953421612,1.450018134242978,-2.1957504020644403,-0.5053758862287874,1.4500000000000002,-0.24331840330600235,-0.005739995193754515,-0.00020295639016546725,0.24338618309900636,FLIGHT,FLY,0.005880134631168684,7.207595899779234
20.704000000000253,-2.193803564558811,-0.5051364160161277,1.450014852586312,-2.199449795178386,-0.5054774825283933,1.4500000000000002,-0.24521915409353623,-0.00579481367310854,-0.00020152274428295673,0.2452876964123394,FLIGHT,FLY,0.0056565224807482795,7.211516659083904
20.720000000000258,-2.197757401833279,-0.5052299069114752,1.450011598328977,-2.20317830898858,-0.5055798785686296,1.4500000000000002,-0.24708476607523744,-0.0058489665314894685,-0.00019982880190845664,0.24715406524573164,FLIGHT,FLY,0.0054321924254582404,7.215467335833732
20.736000000000264,-2.2017405999577773,-0.5053242571691637,1.4500083755186286,-2.206935581386147,-0.5056830644049133,1.4500000000000002,-0.24891521765143446,-0.0059024409032650375,-0.00019788491403503207,0.24898526772786522,FLIGHT,FLY,0.00520735774395531,7.219447366243746
20.75200000000027,-2.205752594447973,-0.5054194557292446,1.4500051880307674,-2.2107212447836013,-0.5057870299422025,1.4500000000000002,-0.2507105036317399,-0.0059552243867781966,-0.00019570166919655868,0.2507812984014575,FLIGHT,FLY,0.004982228111976711,7.2234561865234115
20.768000000000274,-2.2097928210772335,-0.5055154913384415,1.450002039565701,-2.2145349262054044,-0.5058917649374833,1.4500000000000002,-0.2524706342181145,-0.006007305047278921,-0.00019328984990471038,0.2525421672065758,FLIGHT,FLY,0.0047570098662878795,7.227493233123083
20.78400000000028,-2.213860716106894,-0.5056123525577657,1.4499989336461832,-2.2183762473785187,-0.5059972590022572,1.4500000000000002,-0.25419563400165845,-0.006058671419094038,-0.00019066039062334454,0.2542678984776769,FLIGHT,FLY,0.004531906401949408,7.231557942964245
20.800000000000285,-2.2179557165004775,-0.505710027770156,1.449995873615705,-2.2222448248229667,-0.5061035016050273,1.4500000000000002,-0.25588554097489763,-0.006109312507055627,-0.0001878243373710308,0.25595852995613677,FLIGHT,FLY,0.0043071187423583245,7.235649753653725
20.81600000000029,-2.2220772601221617,-0.5058085051881299,1.4499928626374068,-2.226140269942382,-0.5062104820737855,1.4500000000000002,-0.2575404055612247,-0.006159217787208879,-0.00018479280902561907,0.2576141118199324,FLIGHT,FLY,0.004082846337520736,7.239768103682208
20.832000000000296,-2.226224785919801,-0.505907772861437,1.449989903693586,-2.2300621891145673,-0.5063181895984997,1.4500000000000002,-0.25916028966306043,-0.006208377206820401,-0.0001815769603934478,0.25923470573203755,FLIGHT,FLY,0.0038592881697618923,7.243912432607346
20.8480000000003,-2.2303977340928287,-0.506007818684699,1.4499869995857693,-2.234010183782051,-0.5064266132336004,1.4500000000000002,-0.26074526573019213,-0.0062567811837081,-0.00017818794709110032,0.26082038390899165,FLIGHT,FLY,0.003636644281662897,7.248082181221786
20.864000000000306,-2.234595546245401,-0.5061086304050313,1.4499841529353188,-2.23798385054264,-0.5065357419004677,1.4500000000000002,-0.2622954158496497,-0.006304420604913854,-0.000174636892277796,0.26237122821099973,FLIGHT,FLY,0.003415117895508598,7.252276791706468
20.88000000000031,-2.238817665525156,-0.5062101956296304,1.4499813661845424,-2.241982781239977,-0.5066455643899184,1.4500000000000002,-0.2638108308583761,-0.006351286824740196,-0.00017093485526253123,0.2638873292548196,FLIGHT,FLY,0.003194918378556955,7.256495707769588
20.896000000000317,-2.2430635367479743,-0.5063125018333217,1.4499786415982774,-2.2460065630540953,-0.5067560693646925,1.4500000000000002,-0.26529160947985114,-0.006397371662172271,-0.000167092802001458,0.2653687855505961,FLIGHT,FLY,0.002976265444043345,7.26073837477159
20.912000000000322,-2.2473326065091594,-0.5064155363660533,1.449975981265916,-2.2500547785919744,-0.5068672453619407,1.4500000000000002,-0.266737857485728,-0.006442667397706224,-0.0001631215774898114,0.26681570266369825,FLIGHT,FLY,0.0027593951992099606,7.2650042398366
20.928000000000328,-2.25162432328146,-0.5065192864603311,1.4499733871038438,-2.2541270059780962,-0.5069790807957109,1.4500000000000002,-0.26814968688344376,-0.006487166769605235,-0.00015903188004411895,0.2682281924025222,FLIGHT,FLY,0.0025445690226225497,7.269292751950741
20.944000000000333,-2.2559381375003715,-0.5066237392385827,1.4499708608582584,-2.2582228189449998,-0.5070915639594349,1.4500000000000002,-0.26952721513067207,-0.00653086296960421,-0.0001548342374615157,0.26960637203312615,FLIGHT,FLY,0.00233208689222099,7.273603362047758
20.96000000000034,-2.2602735016371716,-0.5067288817204433,1.4499684041083405,-2.262341786923837,-0.5072046830284163,1.4500000000000002,-0.2708705643773874,-0.006573749638084138,-0.00015053898503552483,0.270950363521466,FLIGHT,FLY,0.002122307921039078,7.277935523082389
20.976000000000344,-2.264629870260148,-0.506834700829954,1.4499660182697456,-2.266483475134928,-0.5073184260623161,1.4500000000000002,-0.27217986073622213,-0.006615820858736975,-0.0001461562454000391,0.2722602928039126,FLIGHT,FLY,0.0019156829414678502,7.282288690091966
20.99200000000035,-2.2690067000844985,-0.5069411834026663,1.4499637045983897,-2.270647444678317,-0.507432781007641,1.4500000000000002,-0.2734552335817053,-0.006657071152741808,-0.00014169591016830122,0.27353628908663774,FLIGHT,FLY,0.0017128079365072314,7.2866623202467
21.008000000000354,-2.273403450011369,-0.5070483161926425,1.449961464194498,-2.2748332526243282,-0.507547735700229,1.4500000000000002,-0.2746968148788827,-0.006697495472472901,-0.0001371676233261934,0.2747784841743688,FLIGHT,FLY,0.0015145148915024637,7.29105587288913
21.02400000000036,-2.2778195811565336,-0.5071560858793479,1.4499592980068912,-2.2790404521041197,-0.5076632778677375,1.4500000000000002,-0.27590473854173303,-0.006737089194760131,-0.00013258076633524562,0.27598701182892615,FLIGHT,FLY,0.0013220323686454166,7.295468809563229
21.040000000000365,-2.2822545568691903,-0.5072644790744248,1.4499572068374817,-2.2832685924002414,-0.5077793951321292,1.4500000000000002,-0.2770791398217112,-0.0067758481137221716,-0.0001279444448969431,0.27716200715787254,FLIGHT,FLY,0.0011372803544930424,7.299900594033644
21.05600000000037,-2.2867078427413805,-0.5073734823283439,1.449955191345955,-2.287517219037188,-0.5078960750121598,1.4500000000000002,-0.2782201547266669,-0.006813768433192598,-0.0001232674773249892,0.27830360603352344,FLIGHT,FLY,0.0009634277873267471,7.304350692295567
21.072000000000376,-2.2911789066085246,-0.5074830821369248,1.4499532520546077,-2.291785873871957,-0.5080133049258645,1.4500000000000002,-0.27932791947031,-0.006850846758759029,-0.00011855838446928365,0.2794119445424882,FLIGHT,FLY,0.0008059438347611462,7.3088185725757535
21.08800000000038,-2.2956672185415723,-0.507593264947722,1.4499513893533227,-2.296074095184601,-0.5081310721930451,1.4500000000000002,-0.28040256995231544,-0.006887080089435205,-0.00011382538113417137,0.2804871584658357,FLIGHT,FLY,0.0006743776655290529,7.313303705325139
21.104000000000386,-2.3001722508312707,-0.5077040171662679,1.4499496035046555,-2.3003814177687874,-0.5082493640377569,1.4500000000000002,-0.28144424126908985,-0.00692246580898581,-0.00010907636892923185,0.28152938278990436,FLIGHT,FLY,0.0005840839134858175,7.317805563203607
21.120000000000392,-2.304693477965043,-0.5078153251621709,1.4499478946490105,-2.30470737302235,-0.5083681675907954,1.4500000000000002,-0.2824530672551491,-0.006957001676923702,-0.00010431893049134265,0.2825387512477072,FLIGHT,FLY,0.0005530170191820723,7.322323621057362
21.136000000000397,-2.3092303765969797,-0.5079271752750593,1.449946262809886,-2.3090514890378473,-0.5084874698921837,1.4500000000000002,-0.2834291800549892,-0.006990685819199066,-9.956032501445368e-05,0.2835153958908132,FLIGHT,FLY,0.0005881588363622731,7.326857355889421
21.152000000000402,-2.3137824255114303,-0.5080395538203708,1.4499447078991692,-2.3134132906931164,-0.5086072578936589,1.4500000000000002,-0.28437270972526785,-0.007023516718599885,-9.48074850230212e-05,0.28445944669152246,FLIGHT,FLY,0.0006771620403710944,7.33140624682372
21.168000000000408,-2.318349105580689,-0.5081524470949792,1.4499432297224595,-2.3177922997418294,-0.5087275184611594,1.4500000000000002,-0.28528378386705266,-0.007055493204882987,-9.00670143251949e-05,0.28537103117509044,FLIGHT,FLY,0.0008004622529442148,7.3359697750633
21.184000000000413,-2.3229298997172543,-0.5082658413826573,1.4499418279844052,-2.3221880349040473,-0.5088482383773114,1.4500000000000002,-0.28616252728783176,-0.007086614444654835,-8.534518708078808e-05,0.28625027408169795,FLIGHT,FLY,0.0009431594035245062,7.340547423843087
21.20000000000042,-2.3275242928211415,-0.5083797229593704,1.4499405022940353,-2.3266000119567787,-0.5089694043439167,1.4500000000000002,-0.2870090616929278,-0.007116879931021042,-8.064794792127406e-05,0.2870972970578074,FLIGHT,FLY,0.0010963663856155398,7.345138678377708
21.216000000000424,-2.3321317717227217,-0.5084940780983976,1.4499392521700694,-2.3310277438245324,-0.5090910029844384,1.4500000000000002,-0.2878235054059025,-0.007146289473023517,-7.59809130574656e-05,0.2879122183764923,FLIGHT,FLY,0.0012550684919776759,7.349743025804842
21.23200000000043,-2.336751825121547,-0.508608893075278,1.4499380770461945,-2.335470740669873,-0.5092130208464889,1.4500000000000002,-0.2886059731174895,-0.0071748431848840215,-7.134937231285506e-05,0.28869515268627854,FLIGHT,FLY,0.0014163854476340748,7.354359955124553
21.248000000000435,-2.3413839435216173,-0.508724154172578,1.4499369762762906,-2.3399285099839795,-0.509335444404316,1.4500000000000002,-0.28935657566254563,-0.007202541475072778,-6.675829202152538e-05,0.28944621078798766,FLIGHT,FLY,0.0015785951127186184,7.3589889571350495
21.26400000000044,-2.3460276191635354,-0.5088398476844779,1.4499359491395942,-2.344400556677196,-0.5094582600612905,1.4500000000000002,-0.29007541982446916,-0.007229385035220647,-6.221231873021582e-05,0.2901654994390307,FLIGHT,FLY,0.0017406223606076918,7.363629524365348
21.280000000000445,-2.3506823459539885,-0.508955959921176,1.4499349948457891,-2.348886383169593,-0.5095814541523925,1.4500000000000002,-0.2907626081664876,-0.007255374828893323,-5.771578364628909e-05,0.29085312118455564,FLIGHT,FLY,0.001901769007061076,7.368281151005227
21.29600000000045,-2.355347619392977,-0.5090724772131077,1.4499341125400114,-2.353385489481517,-0.5097050129466992,1.4500000000000002,-0.29141823888918567,-0.007280512080245767,-5.327270777410152e-05,0.29150917421482037,FLIGHT,FLY,0.0020615662113345904,7.372943332832948
21.312000000000456,-2.360022936499208,-0.5091893859149761,1.4499333013077584,-2.3578973733241497,-0.5098289226498707,1.4500000000000002,-0.29204240571360496,-0.007304798262575092,-4.8886807685190796e-05,0.2921337522481213,FLIGHT,FLY,0.002219690529430307,7.377615567141113
21.32800000000046,-2.364707795734056,-0.5093066724095981,1.4499325601796946,-2.3624215301900637,-0.5099531694066376,1.4500000000000002,-0.29263519778921615,-0.007328235086789872,-4.456150186777244e-05,0.2927269444385815,FLIGHT,FLY,0.002375914246101426,7.382297352661088
21.344000000000467,-2.3694016969244838,-0.5094243231115575,1.449931888136344,-2.3669574534437747,-0.5100777393032881,1.4500000000000002,-0.29319669962603495,-0.007350824489813795,-4.029991760475859e-05,0.29328883530806754,FLIGHT,FLY,0.0025300748828057306,7.386988189486371
21.360000000000472,-2.374104141185298,-0.509542324470671,1.4499312841126626,-2.371504634412301,-0.5102026183701545,1.4500000000000002,-0.29372699105012745,-0.007372568622941391,-3.610489832986016e-05,0.2938195047014839,FLIGHT,FLY,0.0026820558339736063,7.391687578995283
21.376000000000477,-2.37881463084111,-0.5096606629752632,1.4499307470024823,-2.376062562475718,-0.5103277925840999,1.4500000000000002,-0.2942261471817253,-0.0073934698401634125,-3.197901141410706e-05,0.2943190277646636,FLIGHT,FLY,0.0028317736849501297,7.396395023773352
21.392000000000483,-2.383532669348352,-0.5097793251552505,1.449930275662822,-2.3806307251577103,-0.510453247871006,1.4500000000000002,-0.29469423843515224,-0.007413530686479323,-2.7924556336924634e-05,0.29478747494405966,FLIGHT,FLY,0.00297916966828183,7.401110027535744
21.408000000000488,-2.3882577612176914,-0.5098982975850348,1.4499298689180609,-2.3852086082161317,-0.5105789701082593,1.4500000000000002,-0.29513133053974355,-0.007432753886214147,-2.3943573197654168e-05,0.295224912007417,FLIGHT,FLY,0.003124203756286299,7.4058320950500605
21.424000000000493,-2.392989411937164,-0.5100175668862079,1.449929525563967,-2.3897956957335595,-0.5107049451272381,1.4500000000000002,-0.29553748458092477,-0.0074511423313567875,-2.0037851525119288e-05,0.29563140008459515,FLIGHT,FLY,0.003266850476438609,7.410560732059857
21.4400000000005,-2.397727127896342,-0.5101371197300657,1.449929244371579,-2.3943914702078475,-0.5108311587157998,1.4500000000000002,-0.29591275706060355,-0.007468699069936695,-1.620893934604715e-05,0.2960069957276935,FLIGHT,FLY,0.0034070958789755505,7.415295445209176
21.456000000000504,-2.402470416311839,-0.5102569428399334,1.449929024090935,-2.398995412642685,-0.5109575966207672,1.4500000000000002,-0.2962571999760178,-0.007485427294455608,-1.2458152473191313e-05,0.2963517509896244,FLIGHT,FLY,0.003544935291543257,7.420035741968386
21.47200000000051,-2.407218785154423,-0.510377022993305,1.44992886345465,-2.40360700263815,-0.5110842445504163,1.4500000000000002,-0.2965708609161737,-0.007501330330390868,-8.786583976433937e-06,0.2966657135202687,FLIGHT,FLY,0.003680371621955823,7.424781130561633
21.488000000000515,-2.411971743078025,-0.5104973470237952,1.4499287611813358,-2.4082257184812668,-0.5112110881769624,1.4500000000000002,-0.2968537831750024,-0.007516411624786567,-5.195113803671028e-06,0.29694892667934286,FLIGHT,FLY,0.003813414049541899,7.429531119896156
21.50400000000052,-2.416728799350882,-0.5106179018229083,1.4499287159788623,-2.412851037236558,-0.5113381131390471,1.4500000000000002,-0.2971060058803614,-0.007530674734948559,-1.6844185170356593e-06,0.29720142966510477,FLIGHT,FLY,0.0039440769966088566,7.43428521949372
21.520000000000525,-2.421489463789067,-0.5107386743416241,1.4499287265474603,-2.417482434836604,-0.5114653050442262,1.4500000000000002,-0.2973275641380023,-0.007544123317259151,1.7450188858691041e-06,0.2974232576580201,FLIGHT,FLY,0.004072379305005687,7.439042939424423
21.53600000000053,-2.4262532466926285,-0.5108596515918045,1.4499287915826642,-2.422119386172596,-0.511592649471455,1.4500000000000002,-0.29751848918963,-0.007556761116126973,5.092899095276372e-06,0.29761444197851655,FLIGHT,FLY,0.004198343565104647,7.443803790243084
21.552000000000536,-2.431019658784555,-0.5109808206474218,1.4499289097780927,-2.4267613651848925,-0.5117201319735768,1.4500000000000002,-0.2976788085841789,-0.007568591953087258,8.359096585784866e-06,0.2977750102579514,FLIGHT,FLY,0.004321995559681582,7.448567282928445
21.56800000000054,-2.4357882111527576,-0.5111021686456132,1.4499290798280717,-2.4314078449535748,-0.5118477380798088,1.4500000000000002,-0.29780854636143783,-0.00757961971606751,1.1543649711883094e-05,0.297904986621924,FLIGHT,FLY,0.004443363795611375,7.453332928825371
21.584000000000547,-2.4405584151952615,-0.5112236827875623,1.449929300430094,-2.436058297789001,-0.5119754532982295,1.4500000000000002,-0.29790772324716025,-0.007589848348833155,1.4646750827526151e-05,0.2980043918850731,FLIGHT,FLY,0.00456247910360552,7.458100239590234
21.600000000000552,-2.445329782568774,-0.5113453503392125,1.4499295702871224,-2.440712195322365,-0.5121032631182654,1.4500000000000002,-0.29797635685880447,-0.007599281840627536,1.766873645353601e-05,0.2980732437565021,FLIGHT,FLY,0.004679374291382351,7.462868727139658
21.616000000000557,-2.450101825140788,-0.5114671586318151,1.4499298881097342,-2.4453690085962485,-0.5122311530131778,1.4500000000000002,-0.2980144619210591,-0.007607924216020154,2.0610077515495447e-05,0.29811155705498976,FLIGHT,FLY,0.004794083839381451,7.4676379036027845
21.632000000000563,-2.454874054945362,-0.5115890950623162,1.4499302526181066,-2.450028208155177,-0.5123591084425505,1.4500000000000002,-0.2980220504903203,-0.007615779524976829,2.3471369672041926e-05,0.29811934393315254,FLIGHT,FLY,0.004906643630801254,7.472407281277178
21.648000000000568,-2.4596459841427074,-0.5117111470935843,1.4499306625438522,-2.454689264136179,-0.5124871148547755,1.4500000000000002,-0.2979991321872978,-0.007622851833164958,2.6253323754392802e-05,0.29809661410973787,FLIGHT,FLY,0.0050170907097170075,7.477176372588535
21.664000000000573,-2.464417124982701,-0.5118333022544865,1.4499311166316982,-2.4593516463593352,-0.5126151576895409,1.4500000000000002,-0.2979457144369437,-0.007629145212506758,2.8956756334983983e-05,0.2980433751092415,FLIGHT,FLY,0.005125463062504815,7.4819446900543
21.68000000000058,-2.4691869897724295,-0.5119555481398125,1.4499316136410176,-2.4640148244183395,-0.5127432223803176,1.4500000000000002,-0.29786180271491164,-0.007634663731992895,3.158258044275864e-05,0.29795963250805796,FLIGHT,FLY,0.005231799418861876,7.486711746251279
21.696000000000584,-2.473955090847847,-0.5120778724100553,1.4499321523472115,-2.4686782677710535,-0.5128712943568458,1.4500000000000002,-0.2977474007997712,-0.007639411448768553,3.4131796441719035e-05,0.29784539018638967,FLIGHT,FLY,0.005336139069536225,7.491477053787354
21.71200000000059,-2.4787209405496413,-0.5122002627910519,1.4499327315429489,-2.4733414458300578,-0.5129993590476224,1.4500000000000002,-0.297602511030219,-0.0076433923995034795,3.660548308774128e-05,0.2977006505851571,FLIGHT,FLY,0.005438521698521778,7.496240125277399
21.728000000000595,-2.4834840512033614,-0.5123227070734866,1.4499333500392635,-2.478003828053214,-0.5131274018823879,1.4500000000000002,-0.29742713456654873,-0.007646610592057174,3.900478877815926e-05,0.29752541496717216,FLIGHT,FLY,0.005538987227903836,7.501000473323421
21.7440000000006,-2.4882439351038674,-0.5124451931122649,1.4499340066665138,-2.482664884034216,-0.5132554082946129,1.4500000000000002,-0.29722127165565987,-0.0076490699974498646,4.13309230068802e-05,0.2973196836818556,FLIGHT,FLY,0.005637575673947812,7.505757610499003
21.760000000000606,-2.493000104504153,-0.512567708825762,1.4499347002752103,-2.4873240835931445,-0.5133833637239855,1.4500000000000002,-0.2969849218989071,-0.007650774542149449,4.3585148058866244e-05,0.2970834564328008,FLIGHT,FLY,0.0057343270132775214,7.51051104933813
21.77600000000061,-2.497752071608561,-0.512690242194951,1.4499354297367886,-2.491980896867028,-0.513511253618898,1.4500000000000002,-0.29671808452210985,-0.007651728100686197,4.576877694771345e-05,0.296816732547506,FLIGHT,FLY,0.005829281058206064,7.515260302328349
21.792000000000616,-2.5024993485704257,-0.5128127812624161,1.4499361939443767,-2.496634794400392,-0.5136390634389338,1.4500000000000002,-0.29642075864706474,-0.007651934488602391,4.788317241222137e-05,0.2965195112486149,FLIGHT,FLY,0.005922477340479308,7.520004881908373
21.80800000000062,-2.5072414474941516,-0.5129353141312574,1.4499369918132825,-2.5012852472358187,-0.5137667786573545,1.4500000000000002,-0.29609294356393795,-0.0076513974557389855,4.9929727403954686e-05,0.2961917919260436,FLIGHT,FLY,0.0060139550027849915,7.5247443004700845
21.824000000000627,-2.511977880441728,-0.5130578289638913,1.449937822281309,-2.5059317270045005,-0.5138943847635865,1.4500000000000002,-0.2957346390039258,-0.00765012067987753,5.190985588869904e-05,0.29583357440938335,FLIGHT,FLY,0.006103752697521417,7.529478070364966
21.840000000000632,-2.516708159443673,-0.5131803139807546,1.4499386843089541,-2.510573706016797,-0.5140218672657083,1.4500000000000002,-0.29534584541159586,-0.007648107760741992,5.382498573191806e-05,0.29544485923999303,FLIGHT,FLY,0.006191908492373411,7.534205703914943
21.856000000000638,-2.5214317965143977,-0.5133027574589165,1.4499395768794994,-2.515210657352789,-0.5141492116929373,1.4500000000000002,-0.2949265642163451,-0.0076453622143668465,5.5676551878038386e-05,0.2950256479422174,FLIGHT,FLY,0.006278459782334833,7.53892671342763
21.872000000000643,-2.5261483036719588,-0.5134251477306052,1.4499404989989968,-2.519842054952835,-0.5142764035981162,1.4500000000000002,-0.29447679810243926,-0.007641887467837915,5.746598981151272e-05,0.2945759432931954,FLIGHT,FLY,0.006363443207841456,7.543640611215947
21.88800000000065,-2.530857192962165,-0.5135474731816548,1.4499414496961516,-2.5244673737081262,-0.514403428560201,1.4500000000000002,-0.2939965512771211,-0.007637686854411848,5.919472930498588e-05,0.29409574959074625,FLIGHT,FLY,0.006446894578736904,7.548346909622082
21.904000000000654,-2.535557976487008,-0.5136697222498806,1.449942428022112,-2.5290860895512424,-0.514530272186747,1.4500000000000002,-0.29348582973629866,-0.007632763609019638,6.086418845978544e-05,0.29358507291884633,FLIGHT,FLY,0.006528848803822486,7.5530451210457645
21.92000000000066,-2.5402501664373545,-0.5137918834233857,1.449943433050168,-2.533697679546708,-0.5146569201163961,1.4500000000000002,-0.2929446415273514,-0.007627120864158842,6.247576804282575e-05,0.29304392141023244,FLIGHT,FLY,0.006609339825757917,7.557734757976777
21.936000000000664,-2.5449332751298566,-0.5139139452388093,1.4499444638753625,-2.538301621981545,-0.5147833580213635,1.4500000000000002,-0.2923729970086173,-0.007620761646178746,6.403084612354858e-05,0.2924723055056975,FLIGHT,FLY,0.00668840056111911,7.562415333031681
21.95200000000067,-2.5496068150480107,-0.5140358962795198,1.4499455196140236,-2.542897396455834,-0.5149095716099252,1.4500000000000002,-0.29177090910514714,-0.007613688871962,6.553077301413793e-05,0.29187023820966274,FLIGHT,FLY,0.006766062845407685,7.567086358994673
21.968000000000675,-2.554270298887301,-0.5141577251737613,1.4499465994032197,-2.5474844839732613,-0.515035546628904,1.4500000000000002,-0.2911383935603391,-0.007605905346005717,6.697686651485014e-05,0.2912377353416414,FLIGHT,FLY,0.00684235738285508,7.571747348862526
21.98400000000068,-2.558923239604352,-0.5142794205927589,1.4499477024001437,-2.5520623670316827,-0.5151612688661573,1.4500000000000002,-0.2904754691830906,-0.007597413757904378,6.837040746614634e-05,0.2905748157832299,FLIGHT,FLY,0.0069173137008308305,7.576397815893512
22.000000000000686,-2.563565150470009,-0.5144009712487897,1.4499488277814314,-2.556630529713675,-0.5152867241530634,1.4500000000000002,-0.2897821580901298,-0.007588216680236374,6.971263560836703e-05,0.2898815017202905,FLIGHT,FLY,0.006990960108712479,7.581037273660255
22.01600000000069,-2.568195545126266,-0.5145223658932274,1.4499499747424194,-2.5611884577770914,-0.515411898367009,1.4500000000000002,-0.2890584859432131,-0.007578316566855301,7.100474574949994e-05,0.2891578188800091,FLIGHT,FLY,0.007063323661059075,7.585665236106418
22.032000000000696,-2.5728139376469477,-0.5146435933145637,1.4499511424963456,-2.5657356387456183,-0.5155367774338752,1.4500000000000002,-0.2883044821808985,-0.007567715751586591,7.224788423974395e-05,0.28840379676254196,FLIGHT,FLY,0.007134430124932965,7.5902812176071315
22.0480000000007,-2.5774198426020543,-0.514764642336417,1.4499523302735011,-2.5702715619993293,-0.5156613473305257,1.4500000000000002,-0.28752018024463105,-0.007556416447329461,7.344314575246287e-05,0.2876194688669845,FLIGHT,FLY,0.0072043039512331595,7.594884733033089
22.064000000000707,-2.5820127751256723,-0.5148855018155334,1.4499535373203327,-2.574795718865243,-0.5157855940872926,1.4500000000000002,-0.28670561779889747,-0.007544420745563544,7.459157036938694e-05,0.28680487291142026,FLIGHT,FLY,0.0072729682498883985,7.599475297818182
22.080000000000712,-2.5865922509873487,-0.5150061606397841,1.4499547628985074,-2.579307602707876,-0.5159095037904642,1.4500000000000002,-0.28586083694523107,-0.007531730616258974,7.569414096776494e-05,0.28596005104683214,FLIGHT,FLY,0.007340444768779611,7.60405242803061
22.096000000000718,-2.5911577866668254,-0.5151266077261715,1.449956006283939,-2.5838067090197994,-0.5160330625847708,1.4500000000000002,-0.2849858844298718,-0.007518347908188108,7.675178090636172e-05,0.28508505006467927,FLIGHT,FLY,0.0074067538762459225,7.608615640447337
22.112000000000723,-2.5957088994320294,-0.5152468320188432,1.4499572667657823,-2.5882925355121964,-0.516156256675873,1.4500000000000002,-0.28408081184490763,-0.00750427434963651,7.776535200684298e-05,0.2841799215979665,FLIGHT,FLY,0.007471914547036432,7.613164452631795
22.12800000000073,-2.600245107420204,-0.5153668224871276,1.449958543645403,-2.592764582205414,-0.5162790723328474,1.4500000000000002,-0.2831456758227446,-0.007489511549510203,7.873565282634169e-05,0.2832447223156542,FLIGHT,FLY,0.0075359443515809815,7.617698383014729
22.144000000000734,-2.6047659297220767,-0.5154865681235921,1.4499598362353228,-2.5972223515195196,-0.5164014958906744,1.4500000000000002,-0.2821805382237755,-0.007474060998835655,7.966341721633479e-05,0.28227951411027685,FLIGHT,FLY,0.007598859448435122,7.622216950978077
22.16000000000074,-2.6092708864689467,-0.5156060579421319,1.4499611438581483,-2.6016653483648606,-0.5165235137527249,1.4500000000000002,-0.2811854663171372,-0.007457924072648409,8.054931316286576e-05,0.2812843642786622,FLIGHT,FLY,0.007660674579767471,7.626719676941754
22.176000000000744,-2.6137594989225788,-0.5157252809760975,1.4499624658454868,-2.606093080232614,-0.5166451123932466,1.4500000000000002,-0.28016053295446575,-0.007441102032265671,8.139394190200282e-05,0.2802593456956586,FLIGHT,FLY,0.007721403069767648,7.631206082453263
22.19200000000075,-2.6182312895677873,-0.515844226276464,1.4499638015368521,-2.6105050572853457,-0.5167662783598519,1.4500000000000002,-0.2791058167365799,-0.0074235960279377,8.219783730470559e-05,0.27920453698080155,FLIGHT,FLY,0.00778105682582534,7.6356756902799665
22.208000000000755,-2.622685782207594,-0.5159628829100499,1.449965150278567,-2.6149007924475636,-0.516886998276004,1.4500000000000002,-0.2780214021730403,-0.007405407101872259,8.296146552388587e-05,0.2781200226578673,FLIGHT,FLY,0.007839646342365876,7.640128024503951
22.22400000000076,-2.6271225020608466,-0.5160812399577919,1.449966511422665,-2.619279801496276,-0.5170072588435044,1.4500000000000002,-0.27690737983455127,-0.0073865361916258965,8.368522489697356e-05,0.27700589330727876,FLIGHT,FLY,0.007897180707202441,7.644562610619346
22.240000000000766,-2.6315409758621766,-0.5161992865130801,1.4499678843257944,-2.6236416031515453,-0.5171270468449797,1.4500000000000002,-0.27576384649818914,-0.007366984133855314,8.436944609624e-05,0.27586224571134904,FLIGHT,FLY,0.007953667610286064,7.648978975631978
22.25600000000077,-2.635940731964181,-0.51631701168016,1.4499692683481313,-2.627985719167043,-0.5172463491463679,1.4500000000000002,-0.27459090528545793,-0.007346751668421603,8.501439251907238e-05,0.2746891829923627,FLIGHT,FLY,0.008009113354718258,7.653376648161256
22.272000000000777,-2.640321300441712,-0.5164344045726071,1.4499706628523041,-2.6323116744206057,-0.5173651526994064,1.4500000000000002,-0.27338866579318905,-0.0073258394428396476,8.562026090945524e-05,0.2734868147435107,FLIGHT,FLY,0.008063522869907778,7.657755158544154
22.288000000000782,-2.6446822131981587,-0.5165514543118799,1.4499720672023295,-2.636618997004792,-0.5174834445441182,1.4500000000000002,-0.2721572442173171,-0.007304248017064533,8.618718220280706e-05,0.27225525715271237,FLIGHT,FLY,0.008116899726740411,7.662114038941213
22.304000000000787,-2.6490230040736065,-0.5166681500259543,1.4499734807625715,-2.6409072183174365,-0.5176012118112988,1.4500000000000002,-0.27089676346958014,-0.00728197786860639,8.671522258461555e-05,0.2709946331193708,FLIGHT,FLY,0.008169246154653568,7.6664528234443905
22.320000000000793,-2.653343208954755,-0.5167844808480493,1.4499749028967168,-2.6451758731522044,-0.5177184417250036,1.4500000000000002,-0.2696073532872038,-0.007259029397964617,8.720438475408872e-05,0.26970507236412217,FLIGHT,FLY,0.008220563060478518,7.670771048186698
22.336000000000798,-2.657642365886491,-0.516900435915443,1.4499763329667799,-2.649424499789151,-0.5178351216050341,1.4500000000000002,-0.2682891503356448,-0.007235402934372102,8.765460938306335e-05,0.26838671153165444,FLIGHT,FLY,0.00827085004894495,7.675068251453483
22.352000000000803,-2.6619200151849953,-0.5170160043683886,1.4499777703321308,-2.653652640085273,-0.5179512388694258,1.4500000000000002,-0.2669422983044804,-0.0072110987418396244,8.806577676109501e-05,0.26703969428668056,FLIGHT,FLY,0.008320105444730896,7.6793439737952545
22.36800000000081,-2.666175699552281,-0.5171311753491334,1.449979214348558,-2.657859839565065,-0.5180667810369343,1.4500000000000002,-0.2655669479965427,-0.00718611702549025,8.843770861651371e-05,0.26566417140316595,FLIGHT,FLY,0.008368326315938028,7.683597758141942
22.384000000000814,-2.670408964192049,-0.5172459380010447,1.4499806643673594,-2.662045647511076,-0.5181817357295224,1.4500000000000002,-0.2641632574104068,-0.007160457938173251,8.87701701036316e-05,0.26426030084691926,FLIGHT,FLY,0.008415508498888665,7.687829149918482
22.40000000000082,-2.6746193569267613,-0.5173602814678472,1.4499821197344736,-2.666209617054465,-0.5182960906748473,1.4500000000000002,-0.2627313918163553,-0.007134121587346655,8.906287194647244e-05,0.26282824785166725,FLIGHT,FLY,0.0084616466241267,7.692037697161619
22.416000000000825,-2.678806428315825,-0.5174741948929775,1.4499835797896456,-2.6703513052655565,-0.5184098337087472,1.4500000000000002,-0.26127152382594665,-0.007107108042217317,8.931547272836768e-05,0.2613681849887427,FLIGHT,FLY,0.008506734143533175,7.696222950637837
22.43200000000083,-2.6829697317747816,-0.5175876674190577,1.449985043865635,-2.6744702732443932,-0.5185229527777284,1.4500000000000002,-0.25978383345532857,-0.007079417341127093,8.952758131789456e-05,0.25988029223052594,FLIGHT,FLY,0.008550763358433869,7.700384463962287
22.448000000000835,-2.6871088236954113,-0.5177006881874927,1.4499865112874646,-2.6785660862112963,-0.5186354359414524,1.4500000000000002,-0.25826850818244185,-0.007051049499173407,8.969875942058877e-05,0.258364757007784,FLIGHT,FLY,0.008593725448606976,7.70452179371865
22.46400000000084,-2.691223263566649,-0.5178132463381957,1.4499879813717136,-2.6826383135974186,-0.5187472713752226,1.4500000000000002,-0.25672574299827144,-0.0070220045160523156,8.982852424657769e-05,0.2568217742610656,FLIGHT,FLY,0.00863561050210005,7.708634499579812
22.480000000000846,-2.6953126140962183,-0.5179253310094434,1.4499894534258566,-2.686686529135298,-0.5188584473724708,1.4500000000000002,-0.25515574045230555,-0.006992282384111908,8.991635128412617e-05,0.2552515464863116,FLIGHT,FLY,0.008676407545750798,7.712722144429269
22.49600000000085,-2.6993764413328982,-0.5180369313378659,1.4499909267476494,-2.690710310949416,-0.5189689523472449,1.4500000000000002,-0.2535587106923709,-0.006961883096603727,8.9961677168854e-05,0.2536542837748489,FLIGHT,FLY,0.008716104576325085,7.716784294483162
22.512000000000857,-2.7034143147893275,-0.518148036458573,1.4499924006245635,-2.694709241646753,-0.5190787748366956,1.4500000000000002,-0.25193487149901894,-0.0069308066561197135,8.996390263924501e-05,0.25203020384794256,FLIGHT,FLY,0.008754688592182158,7.720820519412881
22.528000000000862,-2.7074258075652633,-0.5182586355054207,1.4499938743332703,-2.6986829084073416,-0.5191879035035629,1.4500000000000002,-0.25028444831464014,-0.006899053083202011,8.99223955683458e-05,0.25037953208608293,FLIGHT,FLY,0.008792145625384011,7.7248303924681085
22.544000000000867,-2.711410496471216,-0.5183687176114199,1.4499953471391755,-2.7026309030748252,-0.5192963271386637,1.4500000000000002,-0.24860767426749164,-0.006866622425112877,8.98364940622174e-05,0.24870250155319296,FLIGHT,FLY,0.008828460774165683,7.728813490600259
22.560000000000873,-2.715367962152374,-0.5184782719092892,1.4499968182960055,-2.7065528222470108,-0.5194040346633778,1.4500000000000002,-0.24690479019082298,-0.006833514764751812,8.970550961583627e-05,0.2469993530159398,FLIGHT,FLY,0.008863618235685839,7.732769394586219
22.576000000000878,-2.7192977892127477,-0.5185872875321551,1.4499982870454464,-2.710448267366426,-0.519511015132136,1.4500000000000002,-0.2451760446372914,-0.006799730229706963,8.952873031734863e-05,0.24527033495834233,FLIGHT,FLY,0.008897601338984214,7.736697689152315
22.592000000000883,-2.7231995663394577,-0.5186957536144012,1.4499997526168362,-2.7143168448108734,-0.5196172577349061,1.4500000000000002,-0.24342169388885873,-0.006765269001427817,8.93054240912877e-05,0.24351570359186633,FLIGHT,FLY,0.00893039257807191,7.740597963098433
22.60800000000089,-2.7270728864270963,-0.5188036592926673,1.450001214226909,-2.718158165983988,-0.51972275179968,1.4500000000000002,-0.24164200196236474,-0.0067301313245060924,8.903484197283207e-05,0.24173572286120162,FLIGHT,FLY,0.008961973645086068,7.74446980942222
22.624000000000894,-2.7309173467020975,-0.5189109937070002,1.4500026710795948,-2.7219718474057917,-0.5198274867949608,1.4500000000000002,-0.2398372406109726,-0.006694317516051835,8.871622140415947e-05,0.239930664445917,FLIGHT,FLY,0.008992325463443133,7.748312825443317
22.6400000000009,-2.7347325488470524,-0.5190177460021598,1.4500041223658715,-2.7257575108032457,-0.51993145233225,1.4500000000000002,-0.2380076893216843,-0.00665782797515165,8.834878954496676e-05,0.23810080775819037,FLIGHT,FLY,0.00902142822093182,7.752126612927525
22.656000000000905,-2.7385180991249065,-0.5191239053290768,1.4500055672636725,-2.7295147832008126,-0.5200346381685337,1.4500000000000002,-0.2361536353091225,-0.006620663192396084,8.793176658929147e-05,0.23624643993680997,FLIGHT,FLY,0.009049261402673004,7.755910778210891
22.67200000000091,-2.742273608502986,-0.5192294608464681,1.4500070049378475,-2.7332432970110068,-0.52013703420877,1.4500000000000002,-0.23427537350577735,-0.006582823759463187,8.746436908096618e-05,0.23436785583764574,FLIGHT,FLY,0.009075803823911982,7.759664932323609
22.688000000000915,-2.745998692776797,-0.5193344017226074,1.4500084345401765,-2.736942690124952,-0.5202386305083759,1.4500000000000002,-0.23237320654891436,-0.006544310378745406,8.694581322086974e-05,0.232465358020786,FLIGHT,FLY,0.009101033662570352,7.763388691113722
22.70400000000092,-2.7496929726935453,-0.5194387171372511,1.4500098552094387,-2.7406126060029354,-0.5203394172757143,1.4500000000000002,-0.23044744476433998,-0.006505123873007034,8.637531815884317e-05,0.23053925673453596,FLIGHT,FLY,0.009124928491520612,7.7670816753705445
22.720000000000926,-2.753356074075336,-0.5195423962837232,1.4500112660715334,-2.7442526937649645,-0.5204393848745805,1.4500000000000002,-0.22849840614721936,-0.006465265195059539,8.575210926382684e-05,0.22858986989647267,FLIGHT,FLY,0.009147465310531854,7.770743510947788
22.73600000000093,-2.7569876279419985,-0.5196454283711557,1.4500126662396537,-2.747862608281322,-0.5205385238266895,1.4500000000000002,-0.2265264163401388,-0.006424735437442283,8.507542136632975e-05,0.22661752307174823,FLIGHT,FLY,0.009168620577842197,7.7743738288863025
22.752000000000937,-2.7605872706335073,-0.5197478026268852,1.4500140548145133,-2.7514420102631227,-0.520636824814163,1.4500000000000002,-0.22453180860860458,-0.0063835358420962305,8.434450196675502e-05,0.2246225494488329,FLIGHT,FLY,0.00918837024132126,7.777972265536456
22.768000000000942,-2.764154643931949,-0.5198495082990073,1.4500154308846227,-2.754990566352867,-0.5207342786820158,1.4500000000000002,-0.22251492381416554,-0.006341667810018503,8.355861440502588e-05,0.2226052898128851,FLIGHT,FLY,0.009206689769188618,7.781538462680036
22.784000000000947,-2.7676893951830115,-0.5199505346590851,1.450016793526618,-2.7585079492149953,-0.5208308764406435,1.4500000000000002,-0.22047611038534506,-0.006299132910885743,8.271704098565354e-05,0.2205660925169341,FLIGHT,FLY,0.009223554180247326,7.785072067651711
22.800000000000953,-2.7711911774169513,-0.520050871005015,1.450018141805639,-2.7619938376264486,-0.5209266092683086,1.4500000000000002,-0.218415724286565,-0.00625593289263454,8.181908605430176e-05,0.21850531345105723,FLIGHT,FLY,0.00923893807359707,7.788572733459971
22.816000000000958,-2.77465964946902,-0.5201505066640443,1.4500194747757555,-2.765447916567219,-0.5210214685136282,1.4500000000000002,-0.21633412898524013,-0.006212069690987303,8.086407902039547e-05,0.21642331600973003,FLIGHT,FLY,0.009252815657817659,7.792040118907539
22.832000000000964,-2.7780944760993216,-0.5202494309959433,1.450020791480443,-2.7688698773109075,-0.5211154456980602,1.4500000000000002,-0.21423169541721787,-0.0061675454389123335,7.985137732311854e-05,0.21432047105752433,FLIGHT,FLY,0.009265160779581389,7.795473888711217
22.84800000000097,-2.781495328112069,-0.5203476333963295,1.4500220909531039,-2.7722594175152797,-0.5212085325183907,1.4500000000000002,-0.21210880195073475,-0.006122362476006971,7.878036933605142e-05,0.21219715689332463,FLIGHT,FLY,0.009275946951673058,7.798873713621161
22.864000000000974,-2.7848618824742304,-0.5204451033001409,1.4500233722176357,-2.9326930921893917,-0.5256145167371633,1.4500000000000002,-0.2099658343490561,-0.006076523357793056,7.765047720762127e-05,0.2100537592132302,FLIGHT,FLY,0.14792156503069748,7.802239270539536
22.88000000000098,-2.7881937854779775,-0.5205418273133084,1.4500249016127122,-2.9326930921893917,-0.5256145167371633,1.4500000000000002,-0.20758765470766036,-0.006011757062875489,9.366961936979439e-05,0.20767470809900623,FLIGHT,FLY,0.14458831840114278,7.80557020557374
22.896000000000985,-2.7914903653546523,-0.5206377648506152,1.4500268316016145,-2.9326930921893917,-0.5256145167371633,1.4500000000000002,-0.20514692833120793,-0.0059451568182535865,0.00011534313775142551,0.20523308796917425,FLIGHT,FLY,0.14129040351314123,7.808865845665619
22.91200000000099,-2.7947504943020287,-0.5207328402685422,1.4500291470350246,-2.9326930921893917,-0.5256145167371633,1.4500000000000002,-0.20271190432499092,-0.005883451853331628,0.00013685604900842718,0.20279731233513154,FLIGHT,FLY,0.13802895014111716,7.812125060401675
22.928000000000996,-2.79797272677125,-0.5208269608050675,1.4500318303644268,-2.9326930921893917,-0.5256145167371633,1.4500000000000002,-0.2002496130486809,-0.005823032879779779,0.0001579931198212554,0.20033432107327825,FLIGHT,FLY,0.1348054062350638,7.815346401188478
22.944000000001,-2.8011554355866566,-0.5209200319330813,1.4500348621892056,-2.9326930921893917,-0.5256145167371633,1.4500000000000002,-0.19772990801502724,-0.005760703510122787,0.00017846429086466322,0.19781388747523715,FLIGHT,FLY,0.13162140134535422,7.818528238092665
22.960000000001006,-2.8042969089539085,-0.5210119663008344,1.4500382203697961,-2.9326930921893917,-0.5256145167371633,1.4500000000000002,-0.19513356771769202,-0.005694819759777572,0.00019796946864236964,0.19521674983013618,FLIGHT,FLY,0.12847864935450842,7.821668857228373
22.97600000000101,-2.8073954164864205,-0.5211026880211557,1.450041879601495,-2.9326930921893917,-0.5256145167371633,1.4500000000000002,-0.19244986777416617,-0.00562484339038037,0.0002162199075322794,0.19253217191032973,FLIGHT,FLY,0.12537888233243075,7.824766526921812
22.992000000001017,-2.8104492537476835,-0.5211921341280875,1.4500458113520986,-2.9326930921893917,-0.5256145167371633,1.4500000000000002,-0.18967394093795104,-0.005550878382921811,0.00023294808396255888,0.18975529079992776,FLIGHT,FLY,0.12232380596148693,7.827819542250877
23.008000000001022,-2.813456772196876,-0.5212802544373533,1.4500499840421908,-2.9326930921893917,-0.5256145167371633,1.4500000000000002,-0.1868048717644655,-0.005473360768844443,0.0002479145374191219,0.18688520341284964,FLIGHT,FLY,0.11931506960581763,7.8308262549143235
23.024000000001028,-2.8164163992264806,-0.5213670105810866,1.4500543633763499,-2.9326930921893917,-0.5256145167371633,1.4500000000000002,-0.183844396340529,-0.005392869849222411,0.00026091213740895815,0.18392366130046348,FLIGHT,FLY,0.11635424631244452,7.833785093160197
23.040000000001033,-2.8193266514501443,-0.5214523746784735,1.4500589127616135,-2.9326930921893917,-0.5256145167371633,1.4500000000000002,-0.1807960221741668,-0.005310018947113507,0.000271768164813231,0.18087418774705227,FLIGHT,FLY,0.11344281957180898,7.83669457495546
23.05600000000104,-2.8221861433662805,-0.5215363279084804,1.4500635937706026,-2.9326930921893917,-0.5256145167371633,1.4500000000000002,-0.1776644318194672,-0.005225395812317736,0.00028034478827485183,0.17774147993175318,FLIGHT,FLY,0.11058217470422667,7.839553316535306
23.072000000001044,-2.82499359282976,-0.5216188591297956,1.4500683666213192,-2.9326930921893917,-0.5256145167371633,1.4500000000000002,-0.17445507726499077,-0.005139533206622742,0.00028653846787862465,0.17453100265972646,FLIGHT,FLY,0.10777359343563993,7.842360037770942
23.08800000000105,-2.827747824299074,-0.521699963619739,1.4500731906553828,-2.9326930921893917,-0.5256145167371633,1.4500000000000002,-0.1711739026094166,-0.005052897308176106,0.000290278682930759,0.17124871084904192,FLIGHT,FLY,0.10501825069329473,7.845113565325853
23.104000000001054,-2.8304477705142816,-0.5217796419606816,1.4500780248028404,-2.9326930921893917,-0.5256145167371633,1.4500000000000002,-0.16782715313686622,-0.004965886210926276,0.0002915262501305524,0.16790085867391963,FLIGHT,FLY,0.10231721296535602,7.8478128342562234
23.12000000000106,-2.833092473051448,-0.5218578990780959,1.450082828025813,-2.9326930921893917,-0.5256145167371633,1.4500000000000002,-0.16442124270746228,-0.004878833774641671,0.00029027140021374543,0.16449386714997186,FLIGHT,FLY,0.09967143777882477,7.850456888500531
23.136000000001065,-2.8356810820583327,-0.521934743421485,1.4500875597359038,-2.9326930921893917,-0.5256145167371633,1.4500000000000002,-0.1609626606225353,-0.004792015976243741,0.0002865317154450876,0.16103423124362723,FLIGHT,FLY,0.09708177399143192,7.853044880561762
23.15200000000107,-2.8382128553812094,-0.522010186273473,1.4500921801820645,-2.9326930921893917,-0.5256145167371633,1.4500000000000002,-0.15745790531514317,-0.00470565810544724,0.0002803499895339555,0.1575284538124925,FLIGHT,FLY,0.09454896268823731,7.855576070590655
23.168000000001076,-2.8406871572287113,-0.5220842411703787,1.4500966508067736,-2.9326930921893917,-0.5256145167371633,1.4500000000000002,-0.15391343636495697,-0.004619941887305779,0.0002717920476386724,0.15398299785245417,FLIGHT,FLY,0.0920736385376747,7.858049825014454
23.18400000000108,-2.843103456475396,-0.5221569234178597,1.4501009345692109,-2.9326930921893917,-0.5256145167371633,1.4500000000000002,-0.15033563911759915,-0.004535012064584294,0.00026094455084108524,0.15040425132083715,FLIGHT,FLY,0.08965633150496492,7.86046561481249
23.200000000001086,-2.845461324678431,-0.5222282496865737,1.4501049962347048,-2.9326930921893917,-0.5256145167371633,1.4500000000000002,-0.14673079805403139,-0.004450982240043303,0.00024791280248619,0.1467985006777377,FLIGHT,FLY,0.08729746885004282,7.862823013510844
23.21600000000109,-2.847760433860966,-0.5222982376746477,1.4501088026301843,-2.9326930921893917,-0.5256145167371633,1.4500000000000002,-0.1431050763078395,-0.004367939931288748,0.0002328185703045417,0.1431719105439422,FLIGHT,FLY,0.08499737735691375,7.865121694948636
23.232000000001097,-2.8500005541021496,-0.5223669058256786,1.4501123228657355,-2.9326930921893917,-0.5256145167371633,1.4500000000000002,-0.13946449956951876,-0.004285950872829588,0.00021579793657990114,0.1395305077171657,FLIGHT,FLY,0.08275628575487409,7.8673614308550714
23.248000000001102,-2.852181550964519,-0.5224342730928278,1.450115528522664,-2.9326930921893917,-0.5256145167371633,1.4500000000000002,-0.13581494318252185,-0.004205062639419318,0.00019699918780237123,0.13588016835488934,FLIGHT,FLY,0.0805743273012048,7.869542088267245
23.264000000001108,-2.8543033827830233,-0.5225003587412127,1.4501183938087303,-2.9326930921893917,-0.5256145167371633,1.4500000000000002,-0.13216212161655977,-0.00412530767930101,0.00017658075472852931,0.13222660751301976,FLIGHT,FLY,0.07845154250133403,7.871663626812412
23.280000000001113,-2.8563660978355108,-0.5225651821822209,1.4501208956814529,-2.9326930921893917,-0.5256145167371633,1.4500000000000002,-0.12851157970633983,-0.004046705831776633,0.0001547092120202115,0.1285753704316972,FLIGHT,FLY,0.07638788194684634,7.873726095874069
23.29600000000112,-2.8583698314112502,-0.5226287628345349,1.4501230139405659,-2.9326930921893917,-0.5256145167371633,1.4500000000000002,-0.12486868529761616,-0.003969266424179307,0.00013155734794847876,0.12493182521374215,FLIGHT,FLY,0.07438320925492983,7.875729631658038
23.312000000001124,-2.8603148027917134,-0.5226911200076242,1.4501247312909018,-2.9326930921893917,-0.5256145167371633,1.4500000000000002,-0.12123862329473552,-0.0038929900811847046,0.00010730231937474487,0.12130115689457677,FLIGHT,FLY,0.07243730409514391,7.8776744541724595
23.32800000000113,-2.862201312156423,-0.5227522728043195,1.4501260333771122,-2.9326930921893917,-0.5256145167371633,1.4500000000000002,-0.11762639054315499,-0.003817870210445986,8.212389141570139e-05,0.11768836233667361,FLIGHT,FLY,0.07054986529078223,7.879560864134261
23.344000000001135,-2.8640297374255654,-0.5228122400397545,1.4501269087917854,-2.9326930921893917,-0.5256145167371633,1.4500000000000002,-0.1140367915152284,-0.003743894250963177,5.620277158854588e-05,0.11409824591991587,FLIGHT,FLY,0.06872051398317608,7.881389239813561
23.36000000000114,-2.8658005310500827,-0.5228710401744668,1.4501273490586215,-2.9326930921893917,-0.5256145167371633,1.4500000000000002,-0.11047443474867968,-0.003671044735846872,2.9719045915101566e-05,0.11053541597928948,FLIGHT,FLY,0.06694879684823508,7.883160033826592
23.376000000001145,-2.8675142167591843,-0.52292869125985,1.4501273485924124,-2.9326930921893917,-0.5256145167371633,1.4500000000000002,-0.10694372996546093,-0.0035993002042338258,2.8507222879377986e-06,0.10700428191905333,FLIGHT,FLY,0.06523418935528423,7.884873769886911
23.39200000000115,-2.869171386274561,-0.522985210894458,1.4501269046376442,-2.9326930921893917,-0.5256145167371633,1.4500000000000002,-0.10344888581122871,-0.0035286359894344983,-2.4227614803014827e-05,0.1035090519447835,FLIGHT,FLY,0.06357609905888162,7.88653103952407
23.408000000001156,-2.870772696000045,-0.52304061618992,1.4501260171875838,-2.9326930921893917,-0.5256145167371633,1.4500000000000002,-0.09999390816778031,-0.0034590249048979064,-5.134603516392105e-05,0.10005373136657379,FLIGHT,FLY,0.061973868914832,7.888132498778411
23.42400000000116,-2.872318863694981,-0.52309492374541,1.4501246888857473,-2.9326930921893917,-0.5256145167371633,1.4500000000000002,-0.0965825989995696,-0.0033904378451801486,-7.834037743743245e-05,0.0966421214352646,FLIGHT,FLY,0.06042678061207155,7.8896788648801195
23.440000000001167,-2.8738106651391604,-0.5231481496297733,1.4501229249116527,-2.9326930921893917,-0.5256145167371633,1.4500000000000002,-0.09321855570154751,-0.0033228443155450824,-0.00010505324632585183,0.09327781867953618,FLIGHT,FLY,0.05893405791250271,7.891170912920353
23.456000000001172,-2.8752489307967717,-0.5232003093705312,1.4501207328527657,-2.9326930921893917,-0.5256145167371633,1.4500000000000002,-0.08990517091984244,-0.003256212900970006,-0.00013133489249790906,0.08996421471583306,FLIGHT,FLY,0.057494869991247685,7.892609472521817
23.472000000001177,-2.8766345424864657,-0.5232514179490755,1.450118122564523,-2.9326930921893917,-0.5256145167371633,1.4500000000000002,-0.08664563281979587,-0.0031905116830586097,-0.00015704397608808551,0.08670449650596586,FLIGHT,FLY,0.05610833477013631,7.893995424515819
23.488000000001183,-2.877968430064287,-0.5233014898014436,1.4501151060202875,-2.9326930921893917,-0.5256145167371633,1.4500000000000002,-0.083442925778002,-0.003125708611573285,-0.00018204821554352886,0.08350164703926742,FLIGHT,FLY,0.0547735222375943,7.895329697632517
23.504000000001188,-2.8792515681258926,-0.523350538824117,1.4501116971530472,-2.9326930921893917,-0.5256145167371633,1.4500000000000002,-0.08029983147654045,-0.0030617718358986303,-0.0002062249243536337,0.0803584464176313,FLIGHT,FLY,0.053489457748422876,7.896613265210716
23.520000000001193,-2.880484972734163,-0.5233985783843387,1.4501079116906133,-2.9326930921893917,-0.5256145167371633,1.4500000000000002,-0.07721893037872682,-0.002998670000660673,-0.00022946143890360406,0.077277473322822,FLIGHT,FLY,0.05225512529728487,7.897847141933282
23.5360000000012,-2.8816696981780026,-0.5234456213344787,1.4501037669860062,-2.9326930921893917,-0.5256145167371633,1.4500000000000002,-0.07420260356656319,-0.0029363725088880827,-0.00025165544133045416,0.0742611068462398,FLIGHT,FLY,0.05106947076002692,7.89903238059394
23.552000000001204,-2.882806833767814,-0.5234916800300092,1.4500992818446463,-2.9326930921893917,-0.5256145167371633,1.4500000000000002,-0.07125303492073934,-0.0028748497554601147,-0.00027271518182165716,0.07131152866194193,FLIGHT,FLY,0.04993140509729004,7.900170068900871
23.56800000000121,-2.883897500672846,-0.5235367663506783,1.450094476349882,-2.9326930921893917,-0.5256145167371633,1.4500000000000002,-0.06837221362457307,-0.0028140733330987108,-0.0002925596052852689,0.06843072552421871,FLIGHT,FLY,0.04883980751516249,7.901261326322303
23.584000000001215,-2.8849428488053217,-0.5235808917244906,1.4500893716882983,-2.9326930921893917,-0.5256145167371633,1.4500000000000002,-0.06556193697372761,-0.0027540162127951164,-0.00031111838773715487,0.06562049207144487,FLIGHT,FLY,0.047793528577937054,7.902307300978949
23.60000000000122,-2.885944053755956,-0.5236240671541283,1.45008398997616,-2.9326930921893917,-0.5256145167371633,1.4500000000000002,-0.06282381347393305,-0.002694652900287216,-0.00032833188809568105,0.06288243391829947,FLIGHT,FLY,0.04679139326835066,7.903309166587877
23.616000000001225,-2.8869023137852086,-0.5236663032454573,1.4500783540882392,-2.9326930921893917,-0.5256145167371633,1.4500000000000002,-0.0601592662092878,-0.0026359595700011797,-0.00034415102135278695,0.06021797101879252,FLIGHT,FLY,0.04583220399097416,7.90426811946212
23.63200000000123,-2.8878188468743353,-0.5237076102377879,1.4500724874901818,-2.9326930921893917,-0.5256145167371633,1.4500000000000002,-0.05756953646403772,-0.0025779141777228128,-0.00035853705929844335,0.05762834128286848,FLIGHT,FLY,0.0449147435147215,7.905185375570072
23.648000000001236,-2.888694887840019,-0.5237479980355675,1.4500664140754556,-2.9326930921893917,-0.5256145167371633,1.4500000000000002,-0.055055687581035496,-0.0025204965531569904,-0.0003714613651255119,0.05511460442968672,FLIGHT,FLY,0.04403777785075638,7.906062167658405
23.66400000000124,-2.8895316855161117,-0.5237874762412059,1.4500601580078312,-2.9326930921893917,-0.5256145167371633,1.4500000000000002,-0.0526186090403769,-0.0024636884734572707,-0.0003829050683269748,0.052677646061015576,FLIGHT,FLY,0.0432000590623453,7.906899742442029
23.680000000001247,-2.890330500005745,-0.5238260541887414,1.4500537435702274,-2.9326930921893917,-0.5256145167371633,1.4500000000000002,-0.05025902074199994,-0.002407473718754106,-0.00039285868632954257,0.05031818193852692,FLIGHT,FLY,0.04240032800350819,7.907699357864325
23.696000000001252,-2.8910926000068162,-0.5238637409780776,1.4500471950206602,-2.9326930921893917,-0.5256145167371633,1.4500000000000002,-0.047977477476319114,-0.0023518381106728426,-0.0004013216992858249,0.04803676244914762,FLIGHT,FLY,0.04163731698358004,7.90846228043062
23.712000000001257,-2.891819260213593,-0.5239005455095307,1.4500405364559237,-2.9326930921893917,-0.5256145167371633,1.4500000000000002,-0.04577437356725412,-0.0022967695348068205,-0.0004083020843742843,0.045833777243018646,FLIGHT,FLY,0.04090975235509242,7.9091897826176485
23.728000000001263,-2.8925117587969456,-0.5239364765184442,1.4500337916835384,-2.9326930921893917,-0.5256145167371633,1.4500000000000002,-0.0436499476723025,-0.0022422579480930625,-0.0004138158158435778,0.04370946002903691,FLIGHT,FLY,0.04021635702261636,7.90988314036147
23.744000000001268,-2.8931713749654633,-0.5239715426096422,1.4500269841023945,-2.9326930921893917,-0.5256145167371633,1.4500000000000002,-0.04160428772459802,-0.00218829537202496,-0.0004178863368772661,0.04166389351341173,FLIGHT,FLY,0.03955585287049012,7.910543630626085
23.760000000001273,-2.8937993866094702,-0.5240057522915073,1.4500201365924315,-2.9326930921893917,-0.5256145167371633,1.4500000000000002,-0.039637336002195725,-0.002134875872626378,-0.00042054400916388267,0.039697014467162735,FLIGHT,FLY,0.03892696310758418,7.911172529054757
23.77600000000128,-2.8943970680297295,-0.5240391140094826,1.4500132714136,-2.9326930921893917,-0.5256145167371633,1.4500000000000002,-0.03774889431012754,-0.0020819955281027066,-0.0004218255458298673,0.03780861890901774,FLIGHT,FLY,0.038328414527499195,7.911771107705798
23.792000000001284,-2.8949656877523937,-0.5240716361788149,1.4500064101142685,-2.9326930921893917,-0.5256145167371633,1.4500000000000002,-0.035938629261083356,-0.002029652385075752,-0.00042177343313750526,0.035998367390740665,FLIGHT,FLY,0.03775893968281078,7.912340632874368
23.80800000000129,-2.8955065064315297,-0.524103327216366,1.449999573449147,-2.9326930921893917,-0.5256145167371633,1.4500000000000002,-0.03420607764088918,-0.001977846404299872,-0.00042043534607054183,0.03426579037252411,FLIGHT,FLY,0.03721727897220037,7.912882363001606
23.824000000001295,-2.896020774840356,-0.524134195571341,1.4499927813066535,-2.9326930921893917,-0.5256145167371633,1.4500000000000002,-0.032550651931245705,-0.0019265794112218462,-0.0004178635682186253,0.032610293763449885,FLIGHT,FLY,0.03670218263948849,7.913397546672207
23.8400000000013,-2.896509731952346,-0.5241642497548378,1.4499860526449166,-2.9326930921893917,-0.5256145167371633,1.4500000000000002,-0.03097164664218484,-0.0018758551892341046,-0.0004141144608726955,0.031031165289206266,FLIGHT,FLY,0.03621241268355165,7.9138874207016086
23.856000000001305,-2.8969746031139274,-0.5241934983683034,1.449979405439057,-2.9326930921893917,-0.5256145167371633,1.4500000000000002,-0.029468241577080417,-0.0018256790098037995,-0.0004092477496336547,0.029527577774219636,FLIGHT,FLY,0.035746744677504515,7.9143532083144965
23.87200000000131,-2.8974165983077538,-0.524221950130558,1.4499728566373546,-2.9326930921893917,-0.5256145167371633,1.4500000000000002,-0.028039508395222443,-0.0017760576932067571,-0.00040332601305125297,0.028098595762922972,FLIGHT,FLY,0.0353039694982741,7.914796117413606
23.888000000001316,-2.89783691050529,-0.5242496139030204,1.4499664221252417,-2.9326930921893917,-0.5256145167371633,1.4500000000000002,-0.026684416848637715,-0.0017269996255010276,-0.00039641417040644285,0.026743181831129222,FLIGHT,FLY,0.03488289496790292,7.9152173389375236
23.90400000000132,-2.8982367141092946,-0.5242764987131063,1.4499601166978469,-2.9326930921893917,-0.5256145167371633,1.4500000000000002,-0.025401840281224674,-0.0016785146456723059,-0.00038857895196843403,0.025460202173009108,FLIGHT,FLY,0.03448234740604667,7.9156180453080776
23.920000000001327,-2.8986171634867093,-0.5243026137758094,1.4499539540407678,-2.9326930921893917,-0.5256145167371633,1.4500000000000002,-0.02419056110154407,-0.0016306139215671663,-0.0003798883888010474,0.024248432183477175,FLIGHT,FLY,0.03410117309316943,7.915999388967824
23.936000000001332,-2.8989793915921442,-0.524327968513459,1.449947946718699,-2.9326930921893917,-0.5256145167371633,1.4500000000000002,-0.023049276287020585,-0.0015833098291762457,-0.0003704113246029905,0.0231065620965121,FLIGHT,FLY,0.03373823964424876,7.916362501007824
23.952000000001338,-2.899324508681814,-0.5243525725736343,1.4499421061715045,-2.9326930921893917,-0.5256145167371633,1.4500000000000002,-0.021976602901676537,-0.001536615834783441,-0.0003602169520254595,0.022033202662668252,FLIGHT,FLY,0.03339243729310648,7.916708489885539
23.968000000001343,-2.899653601117525,-0.5243764358452139,1.4499364427172894,-2.9326930921893917,-0.5256145167371633,1.4500000000000002,-0.020971083605354206,-0.0014905463784505013,-0.0003493743755296033,0.021026890843473377,FLIGHT,FLY,0.03306268008772087,7.917038440232484
23.98400000000135,-2.8999677302600793,-0.5243995684725365,1.4499309655620098,-2.9326930921893917,-0.5256145167371633,1.4500000000000002,-0.020031192135700336,-0.0014451167579103185,-0.00033795220243036547,0.020086095501925298,FLIGHT,FLY,0.032747906997092346,7.917353411750973
24.000000000001354,-2.9002679314512605,-0.5244219808676608,1.4499256828151321,-2.9326930921893917,-0.5256145167371633,1.4500000000000002,-0.019155338747326667,-0.0014003430124996249,-0.00032601816338108397,0.019209223069149496,FLIGHT,FLY,0.032447082930422165,7.917654438199127
24.01600000000136,-2.9005552130833863,-0.5244436837207103,1.449920601510846,-2.9326930921893917,-0.5256145167371633,1.4500000000000002,-0.018341875594913414,-0.0013562418071301097,-0.0003136387632067497,0.018394623166905967,FLIGHT,FLY,0.032159199669529015,7.917942526463149
24.032000000001364,-2.9008305557552525,-0.524464688008308,1.4499157276343273,-2.9326930921893917,-0.5256145167371633,1.4500000000000002,-0.017589102048765123,-0.0013128303165208211,-0.0003008789626667346,0.017640594164370568,FLIGHT,FLY,0.03188327671558472,7.918218655715659
24.04800000000137,-2.901094911513146,-0.5244850050001051,1.4499110661525403,-2.9326930921893917,-0.5256145167371633,1.4500000000000002,-0.01689526993265029,-0.0012701261100422183,-0.00028780189143339733,0.016945388645919,FLIGHT,FLY,0.031618362051390694,7.918483776658817
24.064000000001375,-2.901349203175461,-0.5245046462634202,1.449906621049073,-2.9326930921893917,-0.5256145167371633,1.4500000000000002,-0.01625858867479644,-0.0012281470375875717,-0.000274468592299403,0.016307218765022835,FLIGHT,FLY,0.03136353282055588,7.918738810850716
24.08000000000138,-2.901594323739338,-0.524523623666017,1.449902395362502,-2.9326930921893917,-0.5256145167371633,1.4500000000000002,-0.015677230363763398,-0.001186911116913124,-0.0002609377963777312,0.015724261458381295,FLIGHT,FLY,0.031117895925058005,7.918984650113514
24.096000000001386,-2.9018311358676128,-0.5245419493770489,1.449898391227796,-2.9326930921893917,-0.5256145167371633,1.4500000000000002,-0.015149334701640307,-0.0011464364228891849,-0.00024726572882960305,0.015194663494618885,FLIGHT,FLY,0.03088058854279451,7.919222156021583
24.11200000000139,-2.9020604714542793,-0.5245596358662129,1.4498946099202696,-2.9326930921893917,-0.5256145167371633,1.4500000000000002,-0.014673013847649357,-0.0011067409790897923,-0.00023350594444933746,0.014716546333776807,FLIGHT,FLY,0.030650778566834742,7.919452159467871
24.128000000001396,-2.9022831312665347,-0.5245766959011582,1.4498910519016266,-2.9326930921893917,-0.5256145167371633,1.4500000000000002,-0.014246357145816568,-0.001067842652124833,-0.0002197091922498305,0.014288010777747015,FLIGHT,FLY,0.030427664968205075,7.9196754603065775
24.1440000000014,-2.9024998846614256,-0.5245931425432031,1.449887716867637,-2.9326930921893917,-0.5256145167371633,1.4500000000000002,-0.013867435730906312,-0.001029759049089487,-0.0002059233080272747,0.013907141397813846,FLIGHT,FLY,0.03021047808411701,7.919892827070149
24.160000000001407,-2.902711469374997,-0.5246089891414172,1.449884603797021,-2.9326930921893917,-0.5256145167371633,1.4500000000000002,-0.013534307007323141,-0.000992507418474122,-0.00019219313373890364,0.013572010733301783,FLIGHT,FLY,0.029998479833658737,7.92010499675851
24.176000000001412,-2.9029185913817868,-0.5246242493251334,1.4498817110011273,-2.9326930921893917,-0.5256145167371633,1.4500000000000002,-0.013245018996168546,-0.0009561045548449189,-0.00017856046240412543,0.013280683264327737,FLIGHT,FLY,0.02979096386304736,7.9203126746983825
24.192000000001418,-2.903121924822433,-0.5246389369949576,1.4498790361740217,-2.9326930921893917,-0.5256145167371633,1.4500000000000002,-0.012997614546107998,-0.0009205667075724483,-0.00016506400713303942,0.013031219170850431,FLIGHT,FLY,0.02958725562261712,7.920516534470478
24.208000000001423,-2.9033221119971087,-0.5246530663123455,1.4498765764426222,-2.9326930921893917,-0.5256145167371633,1.4500000000000002,-0.01279013540415597,-0.0008859094938529218,-0.00015173939280049685,0.012821677898437092,FLIGHT,FLY,0.029386712377788424,7.920717217902264
24.22400000000143,-2.903519763422431,-0.5246666516878247,1.4498743284165474,-2.9326930921893917,-0.5256145167371633,1.4500000000000002,-0.012620626142927282,-0.000852147816235149,-0.00013861916881544143,0.01265012155729015,FLIGHT,FLY,0.029188723156331198,7.920915335123982
24.240000000001434,-2.9037154579494535,-0.5246797077679377,1.4498722882373631,-2.9326930921893917,-0.5256145167371633,1.4500000000000002,-0.012487137941331697,-0.0008192957848356741,-0.00012573284138412015,0.012514618184199534,FLIGHT,FLY,0.028992708634285633,7.921111464685533
24.25600000000144,-2.9039097429403093,-0.5246922494209879,1.449870451626948,-2.9326930921893917,-0.5256145167371633,1.4500000000000002,-0.012387732216106452,-0.0007873666443951975,-0.00011310692363108605,0.01241324489675609,FLIGHT,FLY,0.02879812096295752,7.921306153731795
24.272000000001444,-2.904103134501036,-0.524704291721669,1.4498688139347207,-2.9326930921893917,-0.5256145167371633,1.4500000000000002,-0.012320484101988403,-0.0007563727063013846,-0.000100765001922525,0.012344090965470043,FLIGHT,FLY,0.028604443539436114,7.921499918233936
24.28800000000145,-2.9042961177680797,-0.5247158499346631,1.449867370183496,-2.9326930921893917,-0.5256145167371633,1.4500000000000002,-0.012283485778722977,-0.0007263252856764259,-8.87278167323685e-05,0.012305260823004307,FLIGHT,FLY,0.02841119072313867,7.9216932432742055
24.304000000001455,-2.9044891472459686,-0.524726939497293,1.4498661151137722,-2.9326930921893917,-0.5256145167371633,1.4500000000000002,-0.012274849643492547,-0.0006972346436024225,-7.701335639969956e-05,0.012294877021574979,FLIGHT,FLY,0.028217907500882735,7.921886583381732
24.32000000000146,-2.904682647193618,-0.5247375760013118,1.4498650432262679,-2.9326930921893917,-0.5256145167371633,1.4500000000000002,-0.012292711327720179,-0.0006691099345336766,-6.563696214761656e-05,0.012311083140891854,FLIGHT,FLY,0.02802416910303421,7.922080362916779
24.336000000001466,-2.9048770120567187,-0.5247477751739192,1.4498641488225625,-2.9326930921893917,-0.5256145167371633,1.4500000000000002,-0.0123352325575668,-0.0006419591589223653,-5.4611442766541905e-05,0.012352046640968504,FLIGHT,FLY,0.027829580573281023,7.922274976500926
24.35200000000147,-2.9050726069436674,-0.5247575528580878,1.4498634260437118,-2.9326930921893917,-0.5256145167371633,1.4500000000000002,-0.012400603857790418,-0.0006157891210627868,-4.3947197406891816e-05,0.012415961647638325,FLIGHT,FLY,0.02763377629458759,7.922470789490659
24.368000000001476,-2.905269768142489,-0.5247669249922866,1.4498628689067374,-2.9326930921893917,-0.5256145167371633,1.4500000000000002,-0.012487047098974278,-0.0005906053921394421,-3.365234497916737e-05,0.012501051654222885,FLIGHT,FLY,0.02743641947389314,7.922668138491821
24.384000000001482,-2.905468803676207,-0.5247759075896873,1.4498624713389137,-2.9326930921893917,-0.5256145167371633,1.4500000000000002,-0.012592817888457175,-0.0005664122784455162,-2.3732858718501528e-05,0.012605572120677578,FLIGHT,FLY,0.02723720158811028,7.922867331912374
24.400000000001487,-2.9056699938941377,-0.5247845167169355,1.4498622272097947,-2.9326930921893917,-0.5256145167371633,1.4500000000000002,-0.012716207805612821,-0.000543212794720961,-1.4192704538546416e-05,0.012727812951514456,FLIGHT,FLY,0.027035841793969267,7.923068650550995
24.416000000001493,-2.9058735920965915,-0.5247927684725722,1.4498621303609462,-2.9326930921893917,-0.5256145167371633,1.4500000000000002,-0.01285554648242643,-0.0005210086425432342,-5.0339819049196796e-06,0.012866100835467017,FLIGHT,FLY,0.02683208630423786,7.923272348218972
24.432000000001498,-2.906079825190492,-0.5248006789651866,1.4498621746333606,-2.9326930921893917,-0.5256145167371633,1.4500000000000002,-0.013009203530605017,-0.0004998001936888118,3.742933697578335e-06,0.01301880143269226,FLIGHT,FLY,0.026625707732825007,7.9234786523929275
24.448000000001503,-2.9062888943734433,-0.5248082642913795,1.4498623538925681,-2.9326930921893917,-0.5256145167371633,1.4500000000000002,-0.013175590316734594,-0.000479586478369661,1.2139248756324435e-05,0.013184321398768531,FLIGHT,FLY,0.02641650441125899,7.923687764895924
24.46400000000151,-2.9065009758438123,-0.5248155405136165,1.4498626620514625,-2.9326930921893917,-0.5256145167371633,1.4500000000000002,-0.013353161587259264,-0.00046036517823644027,2.015761074120425e-05,0.013361110238376892,FLIGHT,FLY,0.026204299678987037,7.923899862604508
24.480000000001514,-2.906716221534419,-0.5248225236380466,1.4498630930908742,-2.9326930921893917,-0.5256145167371633,1.4500000000000002,-0.013540416945306603,-0.0004421326240285813,2.780196872753061e-05,0.013547661984986255,FLIGHT,FLY,0.025988941149924196,7.924115098179311
24.49600000000152,-2.9069347598674686,-0.5248292295923608,1.4498636410779384,-2.9326930921893917,-0.5256145167371633,1.4500000000000002,-0.013735902181621506,-0.00042488379774088006,3.5077436803308276e-05,0.01374251670587414,FLIGHT,FLY,0.025770299957633733,7.924333600816849
24.512000000001525,-2.9071566965284052,-0.524835674203762,1.4498643001823195,-2.9326930921893917,-0.5256145167371633,1.4500000000000002,-0.013938210462093868,-0.0004086123391667124,4.1990161061620397e-05,0.013944261834280373,FLIGHT,FLY,0.025548269981473914,7.9245554770202045
24.52800000000153,-2.9073821152564006,-0.5248418731771162,1.4498650646903648,-2.9326930921893917,-0.5256145167371633,1.4500000000000002,-0.014145983374576373,-0.00039331055666955964,4.854719088494492e-05,0.014151533332382102,FLIGHT,FLY,0.025322767056016816,7.924780811386322
24.544000000001535,-2.9076110786492464,-0.5248478420733497,1.4498659290172675,-2.9326930921893917,-0.5256145167371633,1.4500000000000002,-0.014357911837890997,-0.00037896944201056785,5.475635513882311e-05,0.014363016690133599,FLIGHT,FLY,0.02509372816598133,7.92500966740769
24.56000000000154,-2.9078436289804728,-0.5248535962881594,1.4498668877173329,-2.9326930921893917,-0.5256145167371633,1.4500000000000002,-0.014572736876167426,-0.0003655786888455886,6.0626143808087656e-05,0.014577447765952071,FLIGHT,FLY,0.02486111062887429,7.925242088286241
24.576000000001546,-2.908079789026555,-0.5248591510310942,1.4498679354924426,-2.9326930921893917,-0.5256145167371633,1.4500000000000002,-0.01478925026158738,-0.00035312671533695194,6.616559552406959e-05,0.014793613475516321,FLIGHT,FLY,0.024624891267488024,7.925478097757344
24.59200000000155,-2.9083195629021414,-0.524864521305066,1.4498690671988212,-2.9326930921893917,-0.5256145167371633,1.4500000000000002,-0.015006295029219326,-0.0003416006905092433,7.138419135077312e-05,0.01501035233558839,FLIGHT,FLY,0.024385065574334865,7.925717700921823
24.608000000001557,-2.9085629369012866,-0.5248697218863483,1.4498702778522106,-2.9326930921893917,-0.5256145167371633,1.4500000000000002,-0.015222765871289307,-0.0003309865648290116,7.62917551150966e-05,0.015226554873315446,FLIGHT,FLY,0.024141646870043134,7.925960885084014
24.624000000001562,-2.9088098803427394,-0.5248747673051134,1.4498715626315668,-2.9326930921893917,-0.5256145167371633,1.4500000000000002,-0.015437609404951634,-0.00032126910235808246,8.089836051052224e-05,0.015441163897864514,FLIGHT,FLY,0.02389466545767678,7.926207620593882
24.640000000001567,-2.9090603464174034,-0.5248796718265625,1.4498729168813873,-2.9326930921893917,-0.5256145167371633,1.4500000000000002,-0.015649824320147897,-0.0003124319151219981,8.52142451160269e-05,0.015653174643523598,FLIGHT,FLY,0.023644167774867126,7.926457861691371
24.656000000001573,-2.909314273036125,-0.5248844494326921,1.4498743361127873,-2.9326930921893917,-0.5256145167371633,1.4500000000000002,-0.015858461419698024,-0.00030445750186851246,8.92497313973783e-05,0.015861634798628076,FLIGHT,FLY,0.023390215545612367,7.926711547351098
24.672000000001578,-2.9095715836760543,-0.5248891138047379,1.4498758160034324,-2.9326930921893917,-0.5256145167371633,1.4500000000000002,-0.016062623550494808,-0.00029732728954304797,9.301515471659461e-05,0.016065644420969374,FLIGHT,FLY,0.023132884933503312,7.926968602125686
24.688000000001583,-2.9098321882238682,-0.5248936783063375,1.4498773523964505,-2.9326930921893917,-0.5256145167371633,1.4500000000000002,-0.016261465429263818,-0.00029102167710363724,9.652079831092808e-05,0.01626435574463966,FLIGHT,FLY,0.022872265698094717,7.927228936986009
24.70400000000159,-2.910095983814233,-0.5248981559674449,1.449878941298423,-2.9326930921893917,-0.5256145167371633,1.4500000000000002,-0.016454193367158785,-0.00028552008150959014,9.9776835149614e-05,0.01645697288378485,FLIGHT,FLY,0.02260846035604956,7.9274924501567385
24.720000000001594,-2.910362855661937,-0.5249025594690343,1.4498805788765723,-2.9326930921893917,-0.5256145167371633,1.4500000000000002,-0.016640064897561774,-0.0002808009857295061,0.00010279327652722969,0.016642751438579902,FLIGHT,FLY,0.022341583348628485,7.9277590279456165
24.7360000000016,-2.9106326778862135,-0.5249069011286197,1.4498822614552478,-2.9326930921893917,-0.5256145167371633,1.4500000000000002,-0.016818388311474666,-0.00027684198860551456,0.00010557992721126675,0.0168209980085378,FLIGHT,FLY,0.022071760217013115,7.92802854556501
24.752000000001605,-2.91090531432583,-0.5249111928866214,1.4498839855118117,-2.9326930921893917,-0.5256145167371633,1.4500000000000002,-0.0169885221048978,-0.0002736198564032409,0.00010814634692225617,0.016991069618089733,FLIGHT,FLY,0.021799126786884244,7.928300867944298
24.76800000000161,-2.9111806193435936,-0.5249154462936023,1.4498857476720264,-2.9326930921893917,-0.5256145167371633,1.4500000000000002,-0.017149874342600173,-0.00027111057587254564,0.00011050181789086273,0.01715237305923244,FLIGHT,FLY,0.021523828363612708,7.928575850531752
24.784000000001615,-2.911458438619006,-0.5249196724983953,1.4498875447050297,-2.9326930921893917,-0.5256145167371633,1.4500000000000002,-0.017301901942690122,-0.0002692894086420203,0.00011265531820848212,0.017304364155922968,FLIGHT,FLY,0.02124601893933161,7.928853340084662
24.80000000000162,-2.91173860992785,-0.5249238822371421,1.4498893735179907,-2.9326930921893917,-0.5256145167371633,1.4500000000000002,-0.017444109886395102,-0.00026813094676975195,0.00011461550066354102,0.017446546954805565,FLIGHT,FLY,0.02096586041310676,7.929133175446481
24.816000000001626,-2.9120209639075907,-0.5249280858232582,1.4498912311505294,-2.9326930921893917,-0.5256145167371633,1.4500000000000002,-0.01757605035745222,-0.0002676091692737017,0.00011639067673451522,0.017578472846775012,FLIGHT,FLY,0.02068352182532754,7.9294151883098705
24.83200000000163,-2.9123053248075155,-0.5249322931383369,1.4498931147689718,-2.9326930921893917,-0.5256145167371633,1.4500000000000002,-0.01769732181549688,-0.0002676974994667626,0.00011798880539738094,0.017699739623810336,FLIGHT,FLY,0.020399178607392276,7.929699203964602
24.848000000001637,-2.9125915112226295,-0.524936513624003,1.4498950216605144,-2.9326930921893917,-0.5256145167371633,1.4500000000000002,-0.017807568007815258,-0.00026836886292396194,0.00011941748639068168,0.017809990475449684,FLIGHT,FLY,0.020113011847675888,7.929985042029281
24.864000000001642,-2.912879336810385,-0.5249407562747231,1.4498969492273657,-2.9326930921893917,-0.5256145167371633,1.4500000000000002,-0.017906476923796707,-0.00026959574591226535,0.00012068395757637076,0.017908912929217514,FLIGHT,FLY,0.019825207574697877,7.930272517166042
24.880000000001647,-2.9131686109893935,-0.5249450296315781,1.4498988949809186,-2.9326930921893917,-0.5256145167371633,1.4500000000000002,-0.017993779696385076,-0.0002713502541168253,0.00012179509602835359,0.017996237739257216,FLIGHT,FLY,0.019535956058346026,7.930561439777306
24.896000000001653,-2.9134591396193383,-0.5249493417769968,1.4499008565360094,-2.9326930921893917,-0.5256145167371633,1.4500000000000002,-0.018069249454783113,-0.00027360417150131943,0.00012275742248110715,0.0180717377273636,FLIGHT,FLY,0.019245451129934414,7.930851616683856
24.912000000001658,-2.9137507256613766,-0.5249537003304553,1.449902831605311,-2.9326930921893917,-0.5256145167371633,1.4500000000000002,-0.018132700132612225,-0.0002763290191440817,0.0001235771087727256,0.0181352265805495,FLIGHT,FLY,0.01895388952181161,7.931142851783506
24.928000000001663,-2.9140431698183806,-0.5249581124451328,1.4499048179939005,-2.9326930921893917,-0.5256145167371633,1.4500000000000002,-0.01818398523567064,-0.000279496113896139,0.00012425998792145804,0.018186557609217006,FLIGHT,FLY,0.018661470227164155,7.931434946689717
24.94400000000167,-2.9143362711544447,-0.5249625848055238,1.4499068135940358,-2.9326930921893917,-0.5256145167371633,1.4500000000000002,-0.018222996573367456,-0.00028307662671182913,0.00012481156648337516,0.018225622469937225,FLIGHT,FLY,0.0183683938805918,7.931727701349596
24.960000000001674,-2.914629827693136,-0.5249671236259942,1.449908816380176,-2.9326930921893917,-0.5256145167371633,1.4500000000000002,-0.018249662957837715,-0.0002870416405075057,0.00012523703884864565,0.01825234985677074,FLIGHT,FLY,0.018074862159974607,7.932020914640734
24.97600000000168,-2.914923636994041,-0.5249717346502752,1.449910824404262,-2.9326930921893917,-0.5256145167371633,1.4500000000000002,-0.01826394887466581,-0.0002913622074088744,0.00012554130314588191,0.018266704164985763,FLIGHT,FLY,0.01778107721007923,7.932314384946471
24.992000000001685,-2.9152174967072213,-0.5249764231518788,1.4499128357912854,-2.9326930921893917,-0.5256145167371633,1.4500000000000002,-0.01826585312906029,-0.0002960094052526075,0.00012572897843864028,0.018268684130949845,FLIGHT,FLY,0.01748724108829162,7.932607910709155
25.00800000000169,-2.915511205105243,-0.5249811939354223,1.4499148487351556,-2.9326930921893917,-0.5256145167371633,1.4500000000000002,-0.018255407471234757,-0.00030095439321332527,0.00012580442291319966,0.018258321451886883,FLIGHT,FLY,0.017193555232808622,7.932901290961115
25.024000000001696,-2.915804561592523,-0.5249860513388469,1.4499168614948772,-2.9326930921893917,-0.5256145167371633,1.4500000000000002,-0.018232675204654856,-0.0003061684664324073,0.0001257717527739222,0.018235679389100624,FLIGHT,FLY,0.016900219953546257,7.933194325833028
25.0400000000017,-2.9160973671917656,-0.524990999236508,1.4499188723910423,-2.9326930921893917,-0.5256145167371633,1.4500000000000002,-0.018197749780713778,-0.00031162310953077363,0.00012563486158114964,0.01820085135817296,FLIGHT,FLY,0.016607433945991002,7.933486817039514
25.056000000001706,-2.916389425007348,-0.5249960410431204,1.4499208798026417,-2.9326930921893917,-0.5256145167371633,1.4500000000000002,-0.01815075338329542,-0.00031729004889344893,0.000125397439784198,0.018153959509546156,FLIGHT,FLY,0.016315393828129507,7.933778568341766
25.07200000000171,-2.9166805406655474,-0.5250011797185338,1.4499228821641925,-2.9326930921893917,-0.5256145167371633,1.4500000000000002,-0.01809183550657857,-0.0003231413036195349,0.00012506299422256778,0.018095153302797023,FLIGHT,FLY,0.016024293700571936,7.934069385987143
25.088000000001717,-2.916970522731558,-0.5250064177733186,1.449924877963177,-2.9326930921893917,-0.5256145167371633,1.4500000000000002,-0.018021171529325718,-0.0003291492350371227,0.00012463486738792056,0.018024608077805024,FLIGHT,FLY,0.01573432472990913,7.934359079125647
25.104000000001722,-2.9172591831033117,-0.5250117572751323,1.4499268657377862,-2.9326930921893917,-0.5256145167371633,1.4500000000000002,-0.017938961288787424,-0.00033528659468865077,0.00012411625626001165,0.017942523625907803,FLIGHT,FLY,0.015445674755298025,7.93464746020331
25.120000000001728,-2.917546337382138,-0.525017199855843,1.449928844074956,-2.9326930921893917,-0.5256145167371633,1.4500000000000002,-0.017845427657237966,-0.00034152657069820845,0.00012351023054870693,0.017849122764025598,FLIGHT,FLY,0.015158527918230484,7.934934345332529
25.136000000001733,-2.917831805220376,-0.525022746719382,1.449930811608686,-2.9326930921893917,-0.5256145167371633,1.4500000000000002,-0.01774081512404055,-0.00034784283243839345,0.00012281975019592925,0.017744649914622233,FLIGHT,FLY,0.014873064315378099,7.935219554639438
25.15200000000174,-2.918115410646072,-0.525028398650294,1.449932767018622,-2.9326930921893917,-0.5256145167371633,1.4500000000000002,-0.01762538838602081,-0.00035420957342041995,0.00012204768200937201,0.017629369694253504,FLIGHT,FLY,0.014589459674374401,7.935502912588471
